"crash_record_id","crash_date_est_i","crash_date","posted_speed_limit","traffic_control_device","device_condition","weather_condition","lighting_condition","first_crash_type","trafficway_type","lane_cnt","alignment","roadway_surface_cond","road_defect","report_type","crash_type","intersection_related_i","private_property_i","hit_and_run_i","damage","date_police_notified","prim_contributory_cause","sec_contributory_cause","street_no","street_direction","street_name","beat_of_occurrence","photos_taken_i","statements_taken_i","dooring_i","work_zone_i","work_zone_type","workers_present_i","num_units","most_severe_injury","injuries_total","injuries_fatal","injuries_incapacitating","injuries_non_incapacitating","injuries_reported_not_evident","injuries_no_indication","injuries_unknown","crash_hour","crash_day_of_week","crash_month","latitude","longitude","location"
"831c3a1c2382a13d84f85c342844fa8251edf56b04131c3ab821757bfa96ad68545b9986fe06dd5b0605e818b09269a31c11e4d02e146341785ce988a194912f",,"2024-06-05T17:11:00.000","30","TRAFFIC SIGNAL","FUNCTIONING PROPERLY","CLEAR","DAYLIGHT","TURNING","NOT DIVIDED",,"STRAIGHT AND LEVEL","DRY","NO DEFECTS","ON SCENE","NO INJURY / DRIVE AWAY","Y",,,"OVER $1,500","2024-06-05T17:11:00.000","UNABLE TO DETERMINE","NOT APPLICABLE","500","S","COLUMBUS DR","114",,,,,,,"2","NO INDICATION OF INJURY","0","0","0","0","0","2","0","17","4","6","41.875711033","-87.620736763","POINT (-87.620736762921 41.875711033222)"
"5c090ccff3b45cd9c64bc6c6e9361e33a62631126dbdd919de0eebf7b7c83098e5fab8abcda351a48c8e99e555f5417a8303ad0abe0d6e3faabfdee6d134497a",,"2024-06-05T17:10:00.000","15","NO CONTROLS","NO CONTROLS","CLEAR","DAYLIGHT","TURNING","ONE-WAY",,"STRAIGHT AND LEVEL","DRY","NO DEFECTS","ON SCENE","INJURY AND / OR TOW DUE TO CRASH",,,,"OVER $1,500","2024-06-05T17:26:00.000","VISION OBSCURED (SIGNS, TREE LIMBS, BUILDINGS, ETC.)","FAILING TO YIELD RIGHT-OF-WAY","4745","N","KEDVALE AVE","1722",,,,,,,"2","NO INDICATION OF INJURY","0","0","0","0","0","2","0","17","4","6","41.967746761","-87.731576453","POINT (-87.731576453389 41.967746760635)"
"c18fa490b66b77338ff0bb0a7382c2f501a87ef29f485571929be05848abe162a8de2a7cf94a738bca33c4f56022ffa6995f19c28d2bf26689ce4f92c2632eee",,"2024-06-05T17:09:00.000","30","NO CONTROLS","NO CONTROLS","CLEAR","DAYLIGHT","REAR END","T-INTERSECTION",,"STRAIGHT AND LEVEL","DRY","NO DEFECTS","ON SCENE","INJURY AND / OR TOW DUE TO CRASH","Y",,,"OVER $1,500","2024-06-05T17:18:00.000","FOLLOWING TOO CLOSELY","UNABLE TO DETERMINE","6500","N","MILWAUKEE AVE","1611",,,,,,,"3","NO INDICATION OF INJURY","0","0","0","0","0","3","0","17","4","6","41.999228058","-87.789757287","POINT (-87.789757287106 41.99922805793)"
"cdf27fb52112311bd9722b7df9e6f8817a529658e3a342513ed8a22c8c20e091fdc306a7e78d047cedcad7fc86e3424f101520f1048f329c860191a3e3bb1161",,"2024-06-05T17:05:00.000","30","STOP SIGN/FLASHER","FUNCTIONING PROPERLY","CLEAR","DAYLIGHT","PEDESTRIAN","FOUR WAY",,"STRAIGHT AND LEVEL","DRY","NO DEFECTS","ON SCENE","INJURY AND / OR TOW DUE TO CRASH",,,,"$500 OR LESS","2024-06-05T17:05:00.000","UNABLE TO DETERMINE","UNABLE TO DETERMINE","6000","W","SCHUBERT AVE","2512",,,,,,,"2","REPORTED, NOT EVIDENT","1","0","0","0","1","1","0","17","4","6","41.929418888","-87.775966612","POINT (-87.775966612482 41.929418887863)"
"8f1ae465bfe3d7f131f46bd70baf90814fc031ade7e8ef585e11d0f048501944145b1224bde9a29d69ea5cdb3783686d0410ad4ff069058cc5821e57ce44ac90",,"2024-06-05T17:00:00.000","30","NO CONTROLS","NO CONTROLS","CLEAR","DAYLIGHT","REAR END","NOT DIVIDED",,"STRAIGHT AND LEVEL","DRY","NO DEFECTS","ON SCENE","INJURY AND / OR TOW DUE TO CRASH",,,,"OVER $1,500","2024-06-05T17:04:00.000","DISTRACTION - FROM INSIDE VEHICLE","DISTRACTION - FROM INSIDE VEHICLE","5835","W","HIGGINS AVE","1622",,,,,,,"3","NONINCAPACITATING INJURY","1","0","0","1","0","2","0","17","4","6","41.972159242","-87.774866808","POINT (-87.774866808255 41.97215924164)"
"97ec97106af47ae0b3dbe5fd52fc474d2887986b2ba0dc069c1b919ab2919e7fea02ee2c025e7d48722d35b8c964133f62f69a9d9bd9ad2880abe043616645b3",,"2024-06-05T17:00:00.000","35","NO CONTROLS","NO CONTROLS","CLEAR","DAYLIGHT","REAR END","NOT DIVIDED",,"STRAIGHT AND LEVEL","DRY","NO DEFECTS","ON SCENE","NO INJURY / DRIVE AWAY","N",,"Y","$501 - $1,500","2024-06-05T17:26:00.000","FOLLOWING TOO CLOSELY","FAILING TO REDUCE SPEED TO AVOID CRASH","1403","W","MARQUETTE RD","725",,,,,,,"2","NO INDICATION OF INJURY","0","0","0","0","0","3","0","17","4","6","41.772150725","-87.659307771","POINT (-87.659307771057 41.7721507246)"
"c9ae67ed365987bc02d7818b9b541978c2478dcc856bf6eeae4ceb965110d41d49fbe32b24230373f245a0f7d2d2cfbaea3ad54262ee0c9ca930728f48784b1e",,"2024-06-05T17:00:00.000","30","NO CONTROLS","NO CONTROLS","CLEAR","DAYLIGHT","SIDESWIPE SAME DIRECTION","NOT DIVIDED",,"STRAIGHT AND LEVEL","DRY","NO DEFECTS","NOT ON SCENE (DESK REPORT)","NO INJURY / DRIVE AWAY",,,,"OVER $1,500","2024-06-05T18:10:00.000","FAILING TO YIELD RIGHT-OF-WAY","NOT APPLICABLE","2513","N","CALIFORNIA AVE","1431",,,,,,,"2","NO INDICATION OF INJURY","0","0","0","0","0","2","0","17","4","6","41.927011969","-87.697328194","POINT (-87.697328193929 41.927011969154)"
"fe61653fceaa473eff3a4c35e7ac7cf936a0e371087c6bfdeb4440fb72e58f88bb7fbde0ef3237c1528843ac4dbd00f24be89abb3eb7e404414b56cbfb06fe30",,"2024-06-05T17:00:00.000","30","NO CONTROLS","NO CONTROLS","CLEAR","DAYLIGHT","REAR TO FRONT","DIVIDED - W/MEDIAN (NOT RAISED)",,"STRAIGHT AND LEVEL","DRY","NO DEFECTS","NOT ON SCENE (DESK REPORT)","NO INJURY / DRIVE AWAY",,,,"OVER $1,500","2024-06-05T18:10:00.000","IMPROPER BACKING","UNABLE TO DETERMINE","1661","N","ELSTON AVE","1433",,,,,,,"2","NO INDICATION OF INJURY","0","0","0","0","0","2","0","17","4","6","41.912249375","-87.663123183","POINT (-87.663123183123 41.912249375031)"
"146ee11093b1d70307ad0a86ccfc60edc81c62161f4ac2420661bf42f6a5cc757003c268b1651969cbf9ad1b7edfa3a9690ecc3568da7f0a3b46c16103e7c2a3",,"2024-06-05T16:57:00.000","35","UNKNOWN","UNKNOWN","CLEAR","DAYLIGHT","SIDESWIPE SAME DIRECTION","NOT DIVIDED",,"STRAIGHT AND LEVEL","DRY","NO DEFECTS","NOT ON SCENE (DESK REPORT)","NO INJURY / DRIVE AWAY",,,,"OVER $1,500","2024-06-05T21:33:00.000","FOLLOWING TOO CLOSELY","FOLLOWING TOO CLOSELY","311","S","WACKER DR","122",,,,,,,"2","NO INDICATION OF INJURY","0","0","0","0","0","2","0","16","4","6","41.877791648","-87.636524344","POINT (-87.636524344435 41.877791648104)"
"5237a609b13b550ebaf7f70efe06f93d5fe4810fef84380dfae5e5de895ed5679bc1bd168dea4ebb3b94d0954fe06ad094441fc77e4689e7afa36be9273ab17a",,"2024-06-05T16:50:00.000","30","TRAFFIC SIGNAL","FUNCTIONING PROPERLY","CLEAR","DAYLIGHT","REAR END","FOUR WAY",,"STRAIGHT AND LEVEL","DRY","NO DEFECTS","NOT ON SCENE (DESK REPORT)","INJURY AND / OR TOW DUE TO CRASH","Y",,,"OVER $1,500","2024-06-05T19:08:00.000","UNABLE TO DETERMINE","UNABLE TO DETERMINE","7500","S","DORCHESTER AVE","411",,,,,,,"2","NONINCAPACITATING INJURY","1","0","0","1","0","1","0","16","4","6","41.758630226","-87.590943414","POINT (-87.590943413759 41.758630226035)"
"e53f1f5a0fcd0287cc09c258241ea25d8d766a88fb4bcfbaa427fecbab17421ee30d8cd5afda0642e1bdb9ea5c7f21360e17a023cc2dc3b1b345c7bb333d684b",,"2024-06-05T16:45:00.000","30","NO CONTROLS","NO CONTROLS","CLEAR","DAYLIGHT","REAR END","NOT DIVIDED",,"STRAIGHT AND LEVEL","DRY","NO DEFECTS","NOT ON SCENE (DESK REPORT)","NO INJURY / DRIVE AWAY",,,,"OVER $1,500","2024-06-05T17:30:00.000","UNABLE TO DETERMINE","NOT APPLICABLE","3312","N","BROADWAY","1925",,,,,,,"2","NO INDICATION OF INJURY","0","0","0","0","0","3","0","16","4","6","41.94231591","-87.644616625","POINT (-87.644616625229 41.942315909922)"
"96b6f88b2c3ab1c141d8921d19df10089c833bec01f78213f12f5f715163a5739a6787500bc8b5c1b1b41e6673568bf2a1a3d3b277830d4b78cb71d924455624",,"2024-06-05T16:41:00.000","30","STOP SIGN/FLASHER","FUNCTIONING PROPERLY","CLEAR","DAYLIGHT","ANGLE","FOUR WAY",,"STRAIGHT AND LEVEL","DRY","NO DEFECTS","ON SCENE","INJURY AND / OR TOW DUE TO CRASH","Y",,,"OVER $1,500","2024-06-05T16:41:00.000","FAILING TO REDUCE SPEED TO AVOID CRASH","NOT APPLICABLE","2000","W","HUBBARD ST","1221",,,,,,,"2","NO INDICATION OF INJURY","0","0","0","0","0","4","0","16","4","6","41.889833923","-87.676999724","POINT (-87.676999723815 41.889833922823)"
"7685ec3769b1e367d91a5f59e1900db96874f40ad0ddd795a2813a79cf120b6a56afea8f5eaea3ae6746a54394d99fc408b447df70871634dc709ee0c01f1172",,"2024-06-05T16:40:00.000","35","NO CONTROLS","NO CONTROLS","CLEAR","DAYLIGHT","REAR END","ONE-WAY",,"STRAIGHT AND LEVEL","DRY","NO DEFECTS","ON SCENE","NO INJURY / DRIVE AWAY",,,,"$501 - $1,500","2024-06-05T16:40:00.000","DRIVING ON WRONG SIDE/WRONG WAY","NOT APPLICABLE","6345","W","55TH ST","811",,,,,,,"2","NO INDICATION OF INJURY","0","0","0","0","0","2","0","16","4","6","41.792211019","-87.781167153","POINT (-87.781167152782 41.792211018658)"
"7c0ca4bbe9fdcbf959b75a3106261fc6da871bf368a49cc28d420b56bc633f2806f76fcf6b6507fab5510ad318181bcffd8311284dbe6968c87f1a11f78d5a9f",,"2024-06-05T16:38:00.000","30","NO CONTROLS","UNKNOWN","CLEAR","DAYLIGHT","SIDESWIPE SAME DIRECTION","DIVIDED - W/MEDIAN (NOT RAISED)",,"STRAIGHT AND LEVEL","DRY","NO DEFECTS","NOT ON SCENE (DESK REPORT)","NO INJURY / DRIVE AWAY",,,,"OVER $1,500","2024-06-05T20:21:00.000","UNABLE TO DETERMINE","NOT APPLICABLE","7300","N","WESTERN AVE","2411",,,,,,,"2","NO INDICATION OF INJURY","0","0","0","0","0","2","0","16","4","6","42.014183983","-87.69037835","POINT (-87.69037834982 42.014183982852)"
"e892759ddae5738f3df34968dea8bbf79d90d90158f3610fc1a90e2c7e0fc62f0816c84391d45d58234e2be22ab1635e6af1a1a047ae9d545363ebeae8d1c052",,"2024-06-05T16:35:00.000","30","NO CONTROLS","NO CONTROLS","CLEAR","DAYLIGHT","SIDESWIPE SAME DIRECTION","NOT DIVIDED",,"STRAIGHT AND LEVEL","DRY","NO DEFECTS","ON SCENE","NO INJURY / DRIVE AWAY",,,"Y","$500 OR LESS","2024-06-05T16:41:00.000","IMPROPER OVERTAKING/PASSING","IMPROPER LANE USAGE","640","W","IRVING PARK RD","1915",,,,,,,"2","NO INDICATION OF INJURY","0","0","0","0","0","2","0","16","4","6","41.954724852","-87.646582305","POINT (-87.646582305327 41.954724852192)"
"8ec415571a72fdbe10426ca855897728f0dbd50688f1eb61a1e761bc9a081cf9f31fc6154a0b87bf9a8dee8190454ea05da2ab70eb957a95ca0cc337297801f9",,"2024-06-05T16:34:00.000","30","TRAFFIC SIGNAL","FUNCTIONING PROPERLY","CLEAR","DAYLIGHT","REAR END","Y-INTERSECTION",,"STRAIGHT AND LEVEL","DRY","NO DEFECTS","ON SCENE","NO INJURY / DRIVE AWAY","Y",,,"$501 - $1,500","2024-06-05T16:34:00.000","FAILING TO REDUCE SPEED TO AVOID CRASH","NOT APPLICABLE","3357","W","GRAND AVE","1121",,,,,,,"2","NO INDICATION OF INJURY","0","0","0","0","0","2","0","16","4","6","41.899829768","-87.710778777","POINT (-87.710778776787 41.899829768259)"
"952281cae6830f5a41592c2619a6f924c7c708ca2335ac2156528d5def96bfd7648cec8a1371bfabf85c9744f4762a9dbb98e1118def1172a3ea048829b7b53a",,"2024-06-05T16:31:00.000","30","TRAFFIC SIGNAL","FUNCTIONING PROPERLY","CLEAR","DAYLIGHT","SIDESWIPE SAME DIRECTION","NOT DIVIDED",,"STRAIGHT AND LEVEL","DRY","NO DEFECTS","ON SCENE","NO INJURY / DRIVE AWAY","Y",,,"OVER $1,500","2024-06-05T16:31:00.000","FOLLOWING TOO CLOSELY","NOT APPLICABLE","535","W","WASHINGTON BLVD","121",,,,,,,"2","NO INDICATION OF INJURY","0","0","0","0","0","2","0","16","4","6","41.883066689","-87.641201594","POINT (-87.641201594362 41.883066689303)"
"2742a25497172e4497e0b5611ff41e82b78e5e85472847a94a6efdf3d76e8ca1bb6c031fa5376b8a2526158d58b43fbe267e38b94fd4c4865a2bc1a2203012f2",,"2024-06-05T16:30:00.000","30","STOP SIGN/FLASHER","NOT FUNCTIONING","CLEAR","DAYLIGHT","ANGLE","NOT DIVIDED",,"STRAIGHT AND LEVEL","DRY","UNKNOWN","ON SCENE","INJURY AND / OR TOW DUE TO CRASH","Y",,,"OVER $1,500","2024-06-05T16:33:00.000","DISREGARDING STOP SIGN","UNABLE TO DETERMINE","4901","W","WASHINGTON BLVD","1533",,,,,,,"2","NONINCAPACITATING INJURY","1","0","0","1","0","1","0","16","4","6","41.881672804","-87.747893539","POINT (-87.747893539216 41.881672803947)"
"2a5445756b0882a29ffc06ebb34388fd0b4bc4018be51b50735313b010961e92440114679dac2b6d7442dea3936e8d4c28385b346fe71c621643ba1f9623d5fd",,"2024-06-05T16:30:00.000","30","NO CONTROLS","NO CONTROLS","CLEAR","DAYLIGHT","SIDESWIPE SAME DIRECTION","NOT DIVIDED",,"STRAIGHT AND LEVEL","DRY","UNKNOWN","NOT ON SCENE (DESK REPORT)","NO INJURY / DRIVE AWAY",,,,"$501 - $1,500","2024-06-05T18:15:00.000","IMPROPER OVERTAKING/PASSING","IMPROPER OVERTAKING/PASSING","10000","W","OHARE ST","1651",,,,,,,"2","NO INDICATION OF INJURY","0","0","0","0","0","2","0","16","4","6","41.976201139","-87.905309125","POINT (-87.905309125103 41.976201139024)"
"7d4fcd48971be91da6a7fa1c9fa8ba7a7f300793c184188ef7b43dc9c3e4395552f81d41ce2049d2319d44b3d61d4f692591191b2b4bf2d86e78ca216780315f",,"2024-06-05T16:30:00.000","35","NO CONTROLS","NO CONTROLS","CLEAR","DAYLIGHT","PARKED MOTOR VEHICLE","NOT DIVIDED",,"STRAIGHT AND LEVEL","DRY","NO DEFECTS","NOT ON SCENE (DESK REPORT)","NO INJURY / DRIVE AWAY",,,,"OVER $1,500","2024-06-05T19:40:00.000","IMPROPER TURNING/NO SIGNAL","NOT APPLICABLE","3729","W","49TH ST","821",,,,,,,"2","NO INDICATION OF INJURY","0","0","0","0","0","1","0","16","4","6","41.804181798","-87.717406986","POINT (-87.717406986264 41.804181797679)"
"d81f2c3654d646865f1c0669f5c17ffc0232233e6d76ef4e144d14bf23e209a18086065f71507f48075abb4d56e820c7ae69e823cddfe8c488e7930fdebc6e84",,"2024-06-05T16:29:00.000","15","NO CONTROLS","NO CONTROLS","CLEAR","DAYLIGHT","TURNING","PARKING LOT",,"STRAIGHT AND LEVEL","DRY","NO DEFECTS","ON SCENE","NO INJURY / DRIVE AWAY",,,"N","$501 - $1,500","2024-06-05T16:29:00.000","IMPROPER TURNING/NO SIGNAL","NOT APPLICABLE","2490","N","ELSTON AVE","1432",,,,,,,"2","NO INDICATION OF INJURY","0","0","0","0","0","4","0","16","4","6","41.926724053","-87.680108077","POINT (-87.680108077127 41.926724053323)"
"3c20f4d05ae697f8c39b3f340d7c695b41d209cda36f5380b08f8453eaa2e52e4fcc93a3fd0235f9705e57721e9349fb56e16fde2fddc8638529fd2ac1dd66ee",,"2024-06-05T16:26:00.000","20","NO CONTROLS","NO CONTROLS","CLEAR","DAYLIGHT","PARKED MOTOR VEHICLE","NOT DIVIDED",,"STRAIGHT AND LEVEL","DRY","NO DEFECTS","ON SCENE","NO INJURY / DRIVE AWAY",,,,"OVER $1,500","2024-06-05T16:28:00.000","NOT APPLICABLE","NOT APPLICABLE","1101","W","TAYLOR ST","1232",,"Y",,,,,"2","NO INDICATION OF INJURY","0","0","0","0","0","3","0","16","4","6","41.869346808","-87.654271552","POINT (-87.654271551523 41.86934680781)"
"b475ce8e859c9b8d9bb79da8bc8073f784d9f50a5b90e30acafffc227eeccd57c3c1e038752bb22ccc96e7f84e8235d74c10aad110acc61e191ea5575a06a777",,"2024-06-05T16:18:00.000","30","NO CONTROLS","NO CONTROLS","CLEAR","DAYLIGHT","SIDESWIPE SAME DIRECTION","NOT DIVIDED",,"STRAIGHT AND LEVEL","DRY","NO DEFECTS","ON SCENE","NO INJURY / DRIVE AWAY",,,,"OVER $1,500","2024-06-05T17:15:00.000","UNABLE TO DETERMINE","NOT APPLICABLE","2546","W","45TH ST","922",,,,,,,"2","NO INDICATION OF INJURY","0","0","0","0","0","2","0","16","4","6","41.81211221","-87.688904264","POINT (-87.688904263882 41.812112209756)"
"4c6fabc6783c252781f9c816be23ea4c441603897515833532e18ff81933f5b55fe855c0782b5c1dabc330d70e27b5981e523c6333ee1b9ec9d8b0afedcc939a",,"2024-06-05T16:10:00.000","30","NO CONTROLS","NO CONTROLS","CLEAR","DAYLIGHT","PARKED MOTOR VEHICLE","T-INTERSECTION",,"STRAIGHT AND LEVEL","DRY","NO DEFECTS","ON SCENE","NO INJURY / DRIVE AWAY","Y",,,"OVER $1,500","2024-06-05T16:12:00.000","IMPROPER TURNING/NO SIGNAL","UNABLE TO DETERMINE","4147","S","MOZART ST","921",,,,,,,"2","NO INDICATION OF INJURY","0","0","0","0","0","4","0","16","4","6","41.817765249","-87.695576598","POINT (-87.695576597602 41.817765249497)"
"bbc31d13e5eda1dff2852d51c5ed422e4a20c2e47b6431a5286e7505eb732ccb301acc117f63999023e9931f991a4d6c9e1d39f43cfebebfe24494bc298a5833",,"2024-06-05T16:10:00.000","30","STOP SIGN/FLASHER","NO CONTROLS","CLEAR","DAYLIGHT","PEDALCYCLIST","FOUR WAY",,"STRAIGHT AND LEVEL","DRY","NO DEFECTS","NOT ON SCENE (DESK REPORT)","NO INJURY / DRIVE AWAY","Y",,,"$501 - $1,500","2024-06-05T17:55:00.000","UNABLE TO DETERMINE","UNABLE TO DETERMINE","832","W","KINZIE ST","1214",,,,,,,"2","NO INDICATION OF INJURY","0","0","0","0","0","2","0","16","4","6","41.889141112","-87.648790204","POINT (-87.648790203791 41.889141111808)"
"ae5b13832e1ae01f87a11723f24274a25fc00965aaa3bac8429bff231b8832ef87bcb141d9af78e531ff7b8cd6f10f451ef82dd172dafe32d2b78fd28e0759d1",,"2024-06-05T16:05:00.000","30","STOP SIGN/FLASHER","NO CONTROLS","CLEAR","DAYLIGHT","ANGLE","FOUR WAY",,"STRAIGHT AND LEVEL","DRY","UNKNOWN","ON SCENE","NO INJURY / DRIVE AWAY","Y",,,"OVER $1,500","2024-06-05T16:10:00.000","UNABLE TO DETERMINE","UNABLE TO DETERMINE","3831","W","MONTROSE AVE","1723",,,,,,,"2","NO INDICATION OF INJURY","0","0","0","0","0","8","0","16","4","6","41.960881319","-87.724217015","POINT (-87.724217014775 41.960881318611)"
"2f10f44c0a78e8de17378ce023ea3f10b29128265bfa34133267e27b99ecd0dc688648e78354c80c77f03e25ec56e0fe52ee2f3d759883bc3725982e5c462033","Y","2024-06-05T16:00:00.000","30","NO CONTROLS","NO CONTROLS","CLEAR","DARKNESS, LIGHTED ROAD","PARKED MOTOR VEHICLE","NOT DIVIDED",,"STRAIGHT AND LEVEL","DRY","NO DEFECTS","ON SCENE","NO INJURY / DRIVE AWAY",,,"Y","OVER $1,500","2024-06-05T23:44:00.000","NOT APPLICABLE","NOT APPLICABLE","5308","W","BELDEN AVE","2515",,,,,,,"2","NO INDICATION OF INJURY","0","0","0","0","0","1","0","16","4","6","41.92235201","-87.758954988","POINT (-87.758954988314 41.922352009552)"
"43b89dd5fc49e46c8a9d76e8004d586c3c2c2239f0b7c96b1302a68d344df90408fe54f0f8b1b14038d7e4a8673c93bb472748c2e932b02181b462af7cc95148",,"2024-06-05T16:00:00.000","25","NO CONTROLS","NO CONTROLS","UNKNOWN","DAYLIGHT","REAR END","PARKING LOT",,"STRAIGHT AND LEVEL","UNKNOWN","UNKNOWN","NOT ON SCENE (DESK REPORT)","NO INJURY / DRIVE AWAY",,"Y",,"OVER $1,500","2024-06-05T17:40:00.000","UNABLE TO DETERMINE","NOT APPLICABLE","5618","W","NORTH AVE","2531",,,,,,,"2","NO INDICATION OF INJURY","0","0","0","0","0","3","0","16","4","6","41.90948083","-87.76641097","POINT (-87.766410970375 41.909480830157)"
"6231d0e0c2a537289f682544d7fa6837ad9ec1d6d64a2dfa81493fc2fb75c03e48041bea22d9ed16ef919df45087c1c394df5e911d5cc4e3e3255b19630ec662",,"2024-06-05T16:00:00.000","30","UNKNOWN","UNKNOWN","CLEAR","DAYLIGHT","SIDESWIPE SAME DIRECTION","NOT DIVIDED",,"STRAIGHT AND LEVEL","DRY","NO DEFECTS","NOT ON SCENE (DESK REPORT)","NO INJURY / DRIVE AWAY","Y",,,"$501 - $1,500","2024-06-05T16:05:00.000","FOLLOWING TOO CLOSELY","NOT APPLICABLE","9500","S","HALSTED ST","2223",,,,,,,"2","NO INDICATION OF INJURY","0","0","0","0","0","2","0","16","4","6","41.721365061","-87.643358042","POINT (-87.643358042341 41.721365060783)"
"9c039c7cb26d8e051c7b733684af2f05642cde5ef11f7e4a4c8edd0093945ca2c7d8e0d8ed75a99d7f6996551566d5941d64ebb5b8bd27ba72d70b6f44846c2d",,"2024-06-05T16:00:00.000","10","NO CONTROLS","NO CONTROLS","CLEAR","DAYLIGHT","PARKED MOTOR VEHICLE","PARKING LOT",,"STRAIGHT AND LEVEL","UNKNOWN","UNKNOWN","NOT ON SCENE (DESK REPORT)","NO INJURY / DRIVE AWAY",,"Y",,"OVER $1,500","2024-06-05T19:00:00.000","UNABLE TO DETERMINE","UNABLE TO DETERMINE","3607","W","FULLERTON AVE","2525",,,,,,,"2","NO INDICATION OF INJURY","0","0","0","0","0","1","0","16","4","6","41.924490094","-87.717288131","POINT (-87.717288130979 41.924490093998)"
"a0384c5af452dfd58075827164ffb0baa98886cc5169968298ce57a5c1df0f1fcec8fb36b0da10188bbf1cf201ae62db47ed8b9ad5dbcbfcd983aa6b2c138eb4",,"2024-06-05T16:00:00.000","30","NO CONTROLS","NO CONTROLS","CLEAR","DAYLIGHT","ANGLE","DIVIDED - W/MEDIAN (NOT RAISED)",,"STRAIGHT AND LEVEL","DRY","NO DEFECTS","NOT ON SCENE (DESK REPORT)","NO INJURY / DRIVE AWAY",,,,"OVER $1,500","2024-06-05T17:15:00.000","UNABLE TO DETERMINE","UNABLE TO DETERMINE","5806","W","ROOSEVELT RD","1513",,,,,,,"2","NO INDICATION OF INJURY","0","0","0","0","0","3","0","16","4","6","41.865633884","-87.769553987","POINT (-87.769553986929 41.865633884146)"
"cf04617e6d3e4d1bfaa5d94235066360e693537066a8a82a22c70c1da739bfe62a6af6aeea6604dcaad68603506f27cc581115c86162214bd8e17b1e9602e027",,"2024-06-05T16:00:00.000","30","NO CONTROLS","NO CONTROLS","CLEAR","DAYLIGHT","SIDESWIPE SAME DIRECTION","DIVIDED - W/MEDIAN BARRIER",,"STRAIGHT AND LEVEL","DRY","NO DEFECTS","NOT ON SCENE (DESK REPORT)","NO INJURY / DRIVE AWAY",,,,"$501 - $1,500","2024-06-05T16:45:00.000","IMPROPER LANE USAGE","FAILING TO REDUCE SPEED TO AVOID CRASH","1045","N","ASHLAND AVE","1213",,,,,,,"2","NO INDICATION OF INJURY","0","0","0","0","0","2","0","16","4","6","41.901022676","-87.667282018","POINT (-87.667282017614 41.901022676085)"
"d75968b8203a97053161377c8afaded4a181cef7bee043c7c4ecc99fe521cfcc4ae0e184e63a6ae89d226b758733a53022ad174dd3778ae11c04d0c65a511ccb",,"2024-06-05T16:00:00.000","30","UNKNOWN","UNKNOWN","UNKNOWN","UNKNOWN","PARKED MOTOR VEHICLE","NOT DIVIDED",,"STRAIGHT AND LEVEL","UNKNOWN","UNKNOWN","NOT ON SCENE (DESK REPORT)","NO INJURY / DRIVE AWAY",,,,"$500 OR LESS","2024-06-05T19:11:00.000","UNABLE TO DETERMINE","UNABLE TO DETERMINE","2277","W","HOWARD ST","2411",,,,,,,"2","NO INDICATION OF INJURY","0","0","0","0","0","3","0","16","4","6","42.019405624","-87.687594464","POINT (-87.687594463616 42.019405623596)"
"e6c33b270b28dd600f2c818a95df08ada8bd78212d741ba882a15eee9d1126e12b1a477a314f605c69312560649f05ba0eb8d6d7c1b00857b660619ba993f782",,"2024-06-05T16:00:00.000","30","NO CONTROLS","NO CONTROLS","CLEAR","DAYLIGHT","REAR END","NOT DIVIDED",,"STRAIGHT AND LEVEL","DRY","NO DEFECTS","ON SCENE","INJURY AND / OR TOW DUE TO CRASH",,,"Y","OVER $1,500","2024-06-05T16:04:00.000","UNABLE TO DETERMINE","UNABLE TO DETERMINE","6815","S","LOOMIS BLVD","724",,,,,,,"4","REPORTED, NOT EVIDENT","1","0","0","0","1","2","0","16","4","6","41.769957672","-87.658953929","POINT (-87.658953928584 41.769957672196)"
"48b41865183f9115e9a5ab7ff287168a05c42cee3815e05996ece9d68ffe8497b191114bd84715a0fe1d89e1bfc95baa9d227a67c8af50daa43c01a4db0d4185",,"2024-06-05T15:56:00.000","30","NO CONTROLS","FUNCTIONING PROPERLY","CLEAR","DAYLIGHT","PARKED MOTOR VEHICLE","NOT DIVIDED",,"STRAIGHT AND LEVEL","DRY","NO DEFECTS","ON SCENE","NO INJURY / DRIVE AWAY",,,"Y","OVER $1,500","2024-06-05T15:56:00.000","FOLLOWING TOO CLOSELY","NOT APPLICABLE","1598","W","68TH ST","725",,,,,,,"2","NO INDICATION OF INJURY","0","0","0","0","0","1","0","15","4","6","41.770482611","-87.663910266","POINT (-87.663910265925 41.770482610895)"
"e3bac48bbcc4d202e5763c45e0c55329f29664565632294dab0f37724091846294b1a175daeebbe2ec75b649fd29549d050e2e31f0ecca1fee8217cac5c5f85a",,"2024-06-05T15:52:00.000","35","TRAFFIC SIGNAL","FUNCTIONING PROPERLY","CLEAR","DAYLIGHT","TURNING","NOT DIVIDED",,"STRAIGHT AND LEVEL","DRY","NO DEFECTS","ON SCENE","INJURY AND / OR TOW DUE TO CRASH",,,,"OVER $1,500","2024-06-05T16:20:00.000","FAILING TO YIELD RIGHT-OF-WAY","FAILING TO YIELD RIGHT-OF-WAY","11899","S","MARSHFIELD AVE","2234",,,,,,,"2","NO INDICATION OF INJURY","0","0","0","0","0","3","0","15","4","6","41.677620331","-87.662326437","POINT (-87.662326437356 41.677620330949)"