"crash_record_id","crash_date_est_i","crash_date","posted_speed_limit","traffic_control_device","device_condition","weather_condition","lighting_condition","first_crash_type","trafficway_type","lane_cnt","alignment","roadway_surface_cond","road_defect","report_type","crash_type","intersection_related_i","private_property_i","hit_and_run_i","damage","date_police_notified","prim_contributory_cause","sec_contributory_cause","street_no","street_direction","street_name","beat_of_occurrence","photos_taken_i","statements_taken_i","dooring_i","work_zone_i","work_zone_type","workers_present_i","num_units","most_severe_injury","injuries_total","injuries_fatal","injuries_incapacitating","injuries_non_incapacitating","injuries_reported_not_evident","injuries_no_indication","injuries_unknown","crash_hour","crash_day_of_week","crash_month","latitude","longitude","location"
"36293445ad0130ad3fa605e2d9dfb9ccfccb9a1d178dd3df1dbfea73c7b5127c528023392d0e9583e70f40f2d4cba741e3c3d3d81a85a1e80bc96539142a04d8",,"2024-06-05T15:45:00.000","30","UNKNOWN","UNKNOWN","UNKNOWN","UNKNOWN","REAR TO FRONT","NOT DIVIDED",,"STRAIGHT AND LEVEL","UNKNOWN","UNKNOWN","NOT ON SCENE (DESK REPORT)","NO INJURY / DRIVE AWAY",,,,"$500 OR LESS","2024-06-05T16:40:00.000","UNABLE TO DETERMINE","UNABLE TO DETERMINE","5457","N","CLARK ST","2013",,,,,,,"2","NO INDICATION OF INJURY","0","0","0","0","0","2","0","15","4","6","41.981565183","-87.668270463","POINT (-87.668270462941 41.9815651829)"
"cc9b80c13652ac9639a7e057e3210b945cfac187fe62245f08bf62431594aab574808d959409a17476460b68c5b8fe89db77ffc1b20551e394a4f593d3982807",,"2024-06-05T15:42:00.000","30","NO CONTROLS","NO CONTROLS","CLEAR","DAYLIGHT","SIDESWIPE SAME DIRECTION","DIVIDED - W/MEDIAN (NOT RAISED)",,"STRAIGHT AND LEVEL","DRY","NO DEFECTS","NOT ON SCENE (DESK REPORT)","NO INJURY / DRIVE AWAY",,,,"OVER $1,500","2024-06-05T21:05:00.000","IMPROPER OVERTAKING/PASSING","OPERATING VEHICLE IN ERRATIC, RECKLESS, CARELESS, NEGLIGENT OR AGGRESSIVE MANNER","6031","N","SHERIDAN RD","2433",,,,,,,"2","NO INDICATION OF INJURY","0","0","0","0","0","2","0","15","4","6","41.991876409","-87.65529453","POINT (-87.655294530026 41.991876408817)"
"b77a1e0bdcba2c37c615c8a90b1791a61fa17f6c706ccfcd040937844d5a36ba4deee2ed3e0bcf09e1238f1dac50b302036215b3729dd215745a030a5010d750",,"2024-06-05T15:40:00.000","30","TRAFFIC SIGNAL","UNKNOWN","CLEAR","DAYLIGHT","SIDESWIPE SAME DIRECTION","RAMP",,"STRAIGHT AND LEVEL","DRY","NO DEFECTS","ON SCENE","NO INJURY / DRIVE AWAY",,,,"OVER $1,500","2024-06-05T15:40:00.000","UNABLE TO DETERMINE","UNABLE TO DETERMINE","2820","N","CLYBOURN AVE","1931",,,,,,,"2","NO INDICATION OF INJURY","0","0","0","0","0","2","0","15","4","6","41.932592509","-87.678766809","POINT (-87.678766809204 41.932592509183)"
"b00be100adbae3656fcdf94b02f3bfac074c1310f593d09c60374cbbc140320362516f7a5245c03d121ce97c09a007005400fe6f3c12e4760081d3c9f834927b",,"2024-06-05T15:30:00.000","30","TRAFFIC SIGNAL","FUNCTIONING PROPERLY","CLEAR","DAYLIGHT","REAR END","NOT DIVIDED",,"STRAIGHT AND LEVEL","DRY","NO DEFECTS","NOT ON SCENE (DESK REPORT)","NO INJURY / DRIVE AWAY","Y",,,"OVER $1,500","2024-06-05T18:30:00.000","FOLLOWING TOO CLOSELY","FAILING TO REDUCE SPEED TO AVOID CRASH","3800","W","LAWRENCE AVE","1712",,,,,,,"2","NO INDICATION OF INJURY","0","0","0","0","0","4","0","15","4","6","41.968403357","-87.723207113","POINT (-87.723207112892 41.968403357101)"
"f72d765348afc6ae975e74270e854451ba3a771cc10fe3a9d1abae8d83ce64fb5789616a0657378c0ac2e2405dd0a59efa8ebe8beb51355a38f3e8241575b75a",,"2024-06-05T15:30:00.000","30","NO CONTROLS","NO CONTROLS","CLEAR","DAYLIGHT","ANGLE","NOT DIVIDED",,"STRAIGHT AND LEVEL","DRY","NO DEFECTS","NOT ON SCENE (DESK REPORT)","NO INJURY / DRIVE AWAY",,,,"$501 - $1,500","2024-06-05T18:43:00.000","NOT APPLICABLE","NOT APPLICABLE","901","N","GREENVIEW AVE","1213",,,,,,,"2","NO INDICATION OF INJURY","0","0","0","0","0","3","0","15","4","6","41.897941557","-87.664763769","POINT (-87.66476376869 41.89794155678)"
"58bbe2c1bbfe12d8574aaec212b675ab9ab0dd106d457b365af57ca87c276a0067e769e753e14eeaf7cbc9be84a34b265bbb5b5ea5fb5268993e53d0d75344b9",,"2024-06-05T15:25:00.000","30","NO CONTROLS","NO CONTROLS","CLEAR","DAYLIGHT","SIDESWIPE SAME DIRECTION","NOT DIVIDED",,"STRAIGHT AND LEVEL","DRY","NO DEFECTS","ON SCENE","NO INJURY / DRIVE AWAY",,,,"$501 - $1,500","2024-06-05T15:25:00.000","UNABLE TO DETERMINE","UNABLE TO DETERMINE","3727","S","HALSTED ST","915",,,,,,,"2","NO INDICATION OF INJURY","0","0","0","0","0","3","0","15","4","6","41.82627253","-87.645853967","POINT (-87.645853966897 41.826272530347)"
"50ebec32c64dec9023fc393113b54035cbf2b62b650e9bfd141f3bf2877114e91084c7ecfa2a7b69058bde66e8e28c6fd022dc9f68dd75128df85c88c1964360",,"2024-06-05T15:22:00.000","30","STOP SIGN/FLASHER","FUNCTIONING PROPERLY","CLEAR","DAYLIGHT","PEDALCYCLIST","FOUR WAY",,"STRAIGHT AND LEVEL","DRY","NO DEFECTS","ON SCENE","INJURY AND / OR TOW DUE TO CRASH","Y",,"Y","OVER $1,500","2024-06-05T15:22:00.000","UNABLE TO DETERMINE","UNABLE TO DETERMINE","1","S","KENTON AVE","1113",,,,,,,"2","NONINCAPACITATING INJURY","1","0","0","1","0","1","0","15","4","6","41.880505042","-87.740466936","POINT (-87.740466935555 41.880505042132)"
"bec415acf5690bfe6f2248cabb36c41638b7f84993ffb3c5d3d5d742b0fb1cfa06b377580cacf8e0bbdfe1fb8f8c5bbfc1a20913ec638d1da036013b6ec09121",,"2024-06-05T15:20:00.000","30","TRAFFIC SIGNAL","FUNCTIONING PROPERLY","CLEAR","DAYLIGHT","TURNING","FOUR WAY",,"STRAIGHT AND LEVEL","DRY","NO DEFECTS","ON SCENE","INJURY AND / OR TOW DUE TO CRASH",,,,"OVER $1,500","2024-06-05T15:25:00.000","FAILING TO YIELD RIGHT-OF-WAY","NOT APPLICABLE","2800","N","CICERO AVE","2521",,,,,,,"2","NONINCAPACITATING INJURY","1","0","0","1","0","2","0","15","4","6","41.931575608","-87.746743301","POINT (-87.746743301136 41.931575608446)"
"0db820a7171dc4d38afc12021972add7fc528aac10ee3e6981335993b4c86ae981b653e1783a7620a09af872160b357730c3a87a6c564ff590f49bcdd93009e1",,"2024-06-05T15:17:00.000","30","DELINEATORS","FUNCTIONING PROPERLY","CLEAR","DAYLIGHT","SIDESWIPE SAME DIRECTION","NOT DIVIDED",,"STRAIGHT AND LEVEL","DRY","NO DEFECTS","ON SCENE","INJURY AND / OR TOW DUE TO CRASH",,,,"OVER $1,500","2024-06-05T15:17:00.000","IMPROPER TURNING/NO SIGNAL","DRIVING SKILLS/KNOWLEDGE/EXPERIENCE","650","W","18TH ST","1235",,,,,,,"2","NO INDICATION OF INJURY","0","0","0","0","0","3","0","15","4","6","41.85769874","-87.643885245","POINT (-87.643885245483 41.857698740262)"
"01f0c631bcb4f4aafc5104bef50df87e542cab2a62ecab715c5dbd19eeb000bc7a176b714c2ce96dcbab07bfbcba2ca6220305f68cfaed7c581229be7e001d04",,"2024-06-05T15:15:00.000","15","NO CONTROLS","NO CONTROLS","CLEAR","DAYLIGHT","ANGLE","PARKING LOT",,"STRAIGHT AND LEVEL","DRY","NO DEFECTS","NOT ON SCENE (DESK REPORT)","NO INJURY / DRIVE AWAY",,,,"OVER $1,500","2024-06-05T17:15:00.000","DRIVING SKILLS/KNOWLEDGE/EXPERIENCE","NOT APPLICABLE","7300","S","KEDZIE AVE","835",,,,,,,"2","NO INDICATION OF INJURY","0","0","0","0","0","2","0","15","4","6","41.760668583","-87.702854797","POINT (-87.702854797154 41.760668583144)"
"822f74965166ee2a47fa91a6fbae05918814f73b065892816b1ddf686c5abb025e2d7c97ebb6393369b483b2dd69dcab96b1b4a836c8f4f48758eca35b287d73",,"2024-06-05T15:10:00.000","30","STOP SIGN/FLASHER","FUNCTIONING PROPERLY","CLEAR","DAYLIGHT","PARKED MOTOR VEHICLE","FOUR WAY",,"STRAIGHT AND LEVEL","DRY","UNKNOWN","NOT ON SCENE (DESK REPORT)","NO INJURY / DRIVE AWAY",,,,"$501 - $1,500","2024-06-05T18:27:00.000","UNABLE TO DETERMINE","NOT APPLICABLE","3950","N","MAJOR AVE","1633",,,,,,,"2","NO INDICATION OF INJURY","0","0","0","0","0","1","0","15","4","6","41.952856566","-87.769581561","POINT (-87.769581561385 41.952856566068)"
"d48afa448ba2e9fdfd94809f792e2126a66e3248045664c5344bf0aecc3a8fb092a33e07ecd772d18d7b845cacd1f26c7d960de26ca0890ac82a867456f2995f",,"2024-06-05T15:10:00.000","30","NO CONTROLS","NO CONTROLS","CLEAR","DAYLIGHT","TURNING","NOT DIVIDED",,"STRAIGHT AND LEVEL","DRY","NO DEFECTS","NOT ON SCENE (DESK REPORT)","NO INJURY / DRIVE AWAY",,,,"OVER $1,500","2024-06-05T15:45:00.000","FOLLOWING TOO CLOSELY","NOT APPLICABLE","2622","N","CLARK ST","1935",,,,,,,"2","NO INDICATION OF INJURY","0","0","0","0","0","2","0","15","4","6","41.930200678","-87.643760688","POINT (-87.643760687891 41.930200677637)"
"15347f99f42b68b8d2f45c739f46dbbcc871060f0a11fa09b0fdb6dc83cce2c0aa095cdb40b6d3cba8e6ae0b46f8f7bfd9d112e9ed0be664e746f576abcd86ee",,"2024-06-05T15:00:00.000","30","TRAFFIC SIGNAL","FUNCTIONING PROPERLY","UNKNOWN","DAYLIGHT","SIDESWIPE SAME DIRECTION","NOT DIVIDED",,"STRAIGHT AND LEVEL","UNKNOWN","NO DEFECTS","NOT ON SCENE (DESK REPORT)","NO INJURY / DRIVE AWAY",,,,"$500 OR LESS","2024-06-05T18:12:00.000","FAILING TO YIELD RIGHT-OF-WAY","FAILING TO YIELD RIGHT-OF-WAY","7100","S","VINCENNES AVE","731",,,,,,,"2","NO INDICATION OF INJURY","0","0","0","0","0","2","0","15","4","6","41.765465928","-87.628073682","POINT (-87.6280736816 41.765465927861)"
"17ff5e0e963f570a67fde8ab58795d8fb9eeadc16850d242bc137a56d95a09670831a44067b558511baaba9030d769bd51c366c8bb13f9c2ce36c6cb53b4dd16",,"2024-06-05T15:00:00.000","30","TRAFFIC SIGNAL","FUNCTIONING PROPERLY","CLEAR","DAYLIGHT","TURNING","NOT DIVIDED",,"STRAIGHT AND LEVEL","DRY","NO DEFECTS","ON SCENE","INJURY AND / OR TOW DUE TO CRASH",,,,"OVER $1,500","2024-06-05T15:00:00.000","UNABLE TO DETERMINE","UNABLE TO DETERMINE","4646","W","DIVERSEY AVE","2521",,,,,,,"2","NO INDICATION OF INJURY","0","0","0","0","0","2","0","15","4","6","41.931679527","-87.743800436","POINT (-87.743800435718 41.931679526504)"
"1cbbbc92bcba378e5e3f579933ccb4cb3d17e86d36b9d72ab63296b519d16bfb880915d1c87dfecd94d4b30f7b6839d3d6a1afc6d3245224d0402cf1957c6905",,"2024-06-05T15:00:00.000","35","TRAFFIC SIGNAL","FUNCTIONING PROPERLY","CLEAR","DAYLIGHT","TURNING","NOT DIVIDED",,"STRAIGHT AND LEVEL","DRY","NO DEFECTS","NOT ON SCENE (DESK REPORT)","NO INJURY / DRIVE AWAY","Y",,,"OVER $1,500","2024-06-05T15:30:00.000","DRIVING SKILLS/KNOWLEDGE/EXPERIENCE","NOT APPLICABLE","4000","W","MARQUETTE RD","833",,,,,,,"2","NO INDICATION OF INJURY","0","0","0","0","0","4","0","15","4","6","41.771482784","-87.722639835","POINT (-87.722639835183 41.771482784393)"
"949a34bd6829ece9f870a6d62156f4d495cbe774cb7dabd0e91dab0250588155342ca16ed1db28a7929824d71756894daf15cdd36adebdb6935a89e512787b81",,"2024-06-05T14:54:00.000","25","STOP SIGN/FLASHER","FUNCTIONING PROPERLY","CLEAR","DAYLIGHT","TURNING","FOUR WAY",,"STRAIGHT AND LEVEL","DRY","NO DEFECTS","ON SCENE","INJURY AND / OR TOW DUE TO CRASH","Y","N",,"OVER $1,500","2024-06-05T16:08:00.000","FAILING TO YIELD RIGHT-OF-WAY","DISREGARDING TRAFFIC SIGNALS","4200","W","51ST ST","815",,,,,,,"2","NO INDICATION OF INJURY","0","0","0","0","0","4","0","14","4","6","41.800600363","-87.728333492","POINT (-87.728333492031 41.800600363164)"
"4c41049db8488df43a8731b0e9542dc022db2a80b54a30e84499129c58f5f3074dfb09455b2012d098ea660d18c1e748386e55c6bdd72a020e4da443b76b4f79",,"2024-06-05T14:45:00.000","30","UNKNOWN","NO CONTROLS","CLEAR","DAYLIGHT","FIXED OBJECT","ONE-WAY",,"STRAIGHT AND LEVEL","DRY","NO DEFECTS","ON SCENE","NO INJURY / DRIVE AWAY",,,,"$500 OR LESS","2024-06-05T15:49:00.000","NOT APPLICABLE","NOT APPLICABLE","2932","W","62ND ST","823",,,,,,,"1","NO INDICATION OF INJURY","0","0","0","0","0","1","0","14","4","6","41.780992031","-87.697161503","POINT (-87.697161503138 41.780992031168)"
"1bb6dc3457ac2a53fd5cef38cf77466853607f7b8e67aa1af264d7cb4bbe9fd9493749f81fa0936014c917efa683f0b7674aabf9259cc007c267a0681bc5e76f",,"2024-06-05T14:42:00.000","30","NO CONTROLS","NO CONTROLS","CLEAR","DAYLIGHT","FIXED OBJECT","NOT DIVIDED",,"STRAIGHT AND LEVEL","DRY","RUT, HOLES","ON SCENE","NO INJURY / DRIVE AWAY",,,,"OVER $1,500","2024-06-05T14:42:00.000","ROAD CONSTRUCTION/MAINTENANCE","NOT APPLICABLE","6752","W","63RD ST","812",,,,"Y","CONSTRUCTION","Y","1","NO INDICATION OF INJURY","0","0","0","0","0","1","0","14","4","6","41.777646235","-87.790710881","POINT (-87.79071088069 41.777646234885)"
"b085bb81e7355c88415bf1b334700bfceb0e1529d4ee6bc1a229233b633d6d77b789e8015f8c5387aabf00f74f5147615a5a504d0335c3a011a75795a1d36821",,"2024-06-05T14:42:00.000","30","NO CONTROLS","NO CONTROLS","CLEAR","DAYLIGHT","OTHER OBJECT","NOT DIVIDED",,"STRAIGHT AND LEVEL","DRY","NO DEFECTS",,"NO INJURY / DRIVE AWAY",,,,"OVER $1,500","2024-06-05T16:35:00.000","OPERATING VEHICLE IN ERRATIC, RECKLESS, CARELESS, NEGLIGENT OR AGGRESSIVE MANNER","NOT APPLICABLE","13459","S","AVENUE L","433",,,,,,,"1","NO INDICATION OF INJURY","0","0","0","0","0","1","0","14","4","6","41.650107557","-87.536089928","POINT (-87.536089927669 41.650107556748)"
"98ca92f5bb779d8d9680cbe91ef152d196cfb78c829a166a7a8735038d6d9c173cea1192202c717d4b4845c857d253c6c14d64c29f4a05ea35acfcdc4bb37c9e",,"2024-06-05T14:40:00.000","30","NO CONTROLS","NO CONTROLS","RAIN","DAYLIGHT","PARKED MOTOR VEHICLE","DIVIDED - W/MEDIAN (NOT RAISED)",,"STRAIGHT AND LEVEL","WET","NO DEFECTS","NOT ON SCENE (DESK REPORT)","NO INJURY / DRIVE AWAY",,,"Y","OVER $1,500","2024-06-05T15:50:00.000","UNABLE TO DETERMINE","UNABLE TO DETERMINE","3401","W","DEVON AVE","1711",,,,,,,"2","NO INDICATION OF INJURY","0","0","0","0","0","1","0","14","4","6","41.997198399","-87.714346233","POINT (-87.714346233033 41.997198398678)"
"aca12bc4e8a7defb55e899c1518d2040a705dd4071e87e0f8aecd9a706d2216da69f104d4f1b633142c8a7dd75dade600af1333e4bb8fc8edf6f0772ab9c0f00",,"2024-06-05T14:39:00.000","30","NO CONTROLS","NO CONTROLS","CLEAR","DAYLIGHT","SIDESWIPE SAME DIRECTION","OTHER",,"STRAIGHT AND LEVEL","DRY","NO DEFECTS","ON SCENE","NO INJURY / DRIVE AWAY",,,,"$501 - $1,500","2024-06-05T15:05:00.000","IMPROPER OVERTAKING/PASSING","NOT APPLICABLE","1","W","TERMINAL ST","1651",,,,,,,"2","NO INDICATION OF INJURY","0","0","0","0","0","2","0","14","4","6",,,
"beac7e7aa6d2e669d31d52f3d4c9aa3ac1fa3cf4132dae3da30237e14a86d6a081cc28c19cc74ec3ab488ea341f1572a9eacc7fe9c8648990f12eace3db05daa",,"2024-06-05T14:30:00.000","35","TRAFFIC SIGNAL","FUNCTIONING PROPERLY","CLEAR","DAYLIGHT","REAR END","NOT DIVIDED",,"STRAIGHT AND LEVEL","DRY","NO DEFECTS","NOT ON SCENE (DESK REPORT)","NO INJURY / DRIVE AWAY","Y",,,"OVER $1,500","2024-06-05T15:00:00.000","FAILING TO YIELD RIGHT-OF-WAY","NOT APPLICABLE","4334","S","KEDZIE AVE","821",,,,,,,"2","NO INDICATION OF INJURY","0","0","0","0","0","2","0","14","4","6","41.814399853","-87.704367931","POINT (-87.704367931483 41.814399853391)"
"e46f8f500543c1af91fe40cbf151dd924564bb0f710fd85305ee9d26d7e92edaedec8fa9c2ddb10718213ca565fec58a33a640a2ff7e2b02ecaa5713556785f3",,"2024-06-05T14:30:00.000","30","NO CONTROLS","NO CONTROLS","CLEAR","DAYLIGHT","PARKED MOTOR VEHICLE","DIVIDED - W/MEDIAN BARRIER",,"STRAIGHT AND LEVEL","DRY","NO DEFECTS","NOT ON SCENE (DESK REPORT)","NO INJURY / DRIVE AWAY",,,,"OVER $1,500","2024-06-05T15:20:00.000","DRIVING SKILLS/KNOWLEDGE/EXPERIENCE","NOT APPLICABLE","2100","S","MAY ST","1235",,,,,,,"2","NO INDICATION OF INJURY","0","0","0","0","0","1","0","14","4","6","41.853760617","-87.654876587","POINT (-87.654876586626 41.853760616851)"
"601915f1675b6c035233fa8ac2a071dac2f0dbf67ce17958e51094be6875b3c4a9f13ace5a1dc4644faaad23e5b0a112d5fe2b924506ca768709a475f5235ba7",,"2024-06-05T14:23:00.000","30","NO CONTROLS","NO CONTROLS","CLEAR","DAYLIGHT","SIDESWIPE SAME DIRECTION","NOT DIVIDED",,"STRAIGHT AND LEVEL","DRY","NO DEFECTS","NOT ON SCENE (DESK REPORT)","NO INJURY / DRIVE AWAY",,,,"$500 OR LESS","2024-06-05T15:40:00.000","IMPROPER OVERTAKING/PASSING","NOT APPLICABLE","1100","W","BRYN MAWR AVE","2022",,,,,,,"3","NO INDICATION OF INJURY","0","0","0","0","0","3","0","14","4","6","41.983766484","-87.658111624","POINT (-87.658111624033 41.983766484494)"
"434333ad96601784d75fad32321235741cf0457dd122dfbda9538d32166c678db13bcbc750612d73b1e30f56dd9cff2185614dd27e94eb045bf817c4c5b4f57f",,"2024-06-05T14:20:00.000","20","STOP SIGN/FLASHER","FUNCTIONING PROPERLY","CLEAR","DAYLIGHT","ANGLE","FOUR WAY",,"STRAIGHT AND LEVEL","DRY","NO DEFECTS","ON SCENE","NO INJURY / DRIVE AWAY","Y",,,"OVER $1,500","2024-06-05T14:28:00.000","UNABLE TO DETERMINE","UNABLE TO DETERMINE","8413","W","WINDSOR AVE","1614",,,,,,,"2","NO INDICATION OF INJURY","0","0","0","0","0","3","0","14","4","6","41.96292612","-87.837225824","POINT (-87.83722582363 41.962926119509)"
"da78fccfdc588dc14acdc88e536635957482f6809144491858f4f896516f32e2d1fb45d88af431758a262e5fe7c661efab828513154b8b5ae2fc467175724e29",,"2024-06-05T14:12:00.000","30","TRAFFIC SIGNAL","FUNCTIONING PROPERLY","CLEAR","DAYLIGHT","SIDESWIPE OPPOSITE DIRECTION","NOT DIVIDED",,"STRAIGHT AND LEVEL","DRY","NO DEFECTS","ON SCENE","NO INJURY / DRIVE AWAY",,,"N","OVER $1,500","2024-06-05T14:15:00.000","NOT APPLICABLE","IMPROPER TURNING/NO SIGNAL","560","W","OHARE ST","1654",,,,,,,"2","NO INDICATION OF INJURY","0","0","0","0","0","2","0","14","4","6",,,
"925b092a5b2161e4b9d93b07e147e90622ed31c3b04fc3d83acc8c7b43cf30c315fd5169a2a1e785f57faab70d6e7fec20e65d0e341ac04c0148de2653a04c3e","Y","2024-06-05T14:10:00.000","30","NO CONTROLS","NO CONTROLS","CLEAR","DAYLIGHT","SIDESWIPE SAME DIRECTION","DIVIDED - W/MEDIAN (NOT RAISED)",,"STRAIGHT AND LEVEL","DRY","NO DEFECTS","ON SCENE","NO INJURY / DRIVE AWAY",,,,"OVER $1,500","2024-06-05T14:54:00.000","UNABLE TO DETERMINE","NOT APPLICABLE","4955","W","MADISON ST","1533",,,,,,,"2","NO INDICATION OF INJURY","0","0","0","0","0","3","0","14","4","6","41.880330453","-87.749789517","POINT (-87.749789517126 41.880330453313)"
"244d360cd95879aaa7dc160008cd9f1946ab87a50774402a38933a48c54419ff053b26a4f8b9eed1f69c8011342fd7f213762e6ef2c1939596434080d4a2270e",,"2024-06-05T13:52:00.000","30","TRAFFIC SIGNAL","FUNCTIONING PROPERLY","CLEAR","DAYLIGHT","TURNING","FOUR WAY",,"STRAIGHT AND LEVEL","DRY","NO DEFECTS","NOT ON SCENE (DESK REPORT)","NO INJURY / DRIVE AWAY","Y",,,"OVER $1,500","2024-06-05T15:30:00.000","DISREGARDING TRAFFIC SIGNALS","NOT APPLICABLE","1601","W","LAKE ST","1224",,,,,,,"2","NO INDICATION OF INJURY","0","0","0","0","0","2","0","13","4","6","41.88521559","-87.667077686","POINT (-87.667077685891 41.885215590125)"
"db4bdf4017fbffd01ea1d9a9fd1f5aec79aa1d1489ffe82baf8e82d815772bfdd3d455f868d8552b359870106ab3110804585f5597623788b137fa02dc8d71c3",,"2024-06-05T13:52:00.000","30","NO CONTROLS","NO CONTROLS","CLEAR","DAYLIGHT","PARKED MOTOR VEHICLE","ONE-WAY",,"STRAIGHT AND LEVEL","DRY","NO DEFECTS","ON SCENE","NO INJURY / DRIVE AWAY",,,"Y","OVER $1,500","2024-06-05T14:04:00.000","FAILING TO REDUCE SPEED TO AVOID CRASH","UNABLE TO DETERMINE","3429","W","54TH ST","822",,,,,,,"3","NO INDICATION OF INJURY","0","0","0","0","0","1","0","13","4","6","41.795140408","-87.709687167","POINT (-87.709687166748 41.795140408399)"
"6e31653b3efa43c52238930ae9b9b2b112782b6604abf21500ddb6974486e5990dff93807a293a2cdfeb835c3de3f62cedd2fbe2836998bd2cfe8ca291810d9f",,"2024-06-05T13:50:00.000","30","TRAFFIC SIGNAL","FUNCTIONING PROPERLY","CLEAR","DAYLIGHT","SIDESWIPE SAME DIRECTION","OTHER",,"STRAIGHT AND LEVEL","DRY","NO DEFECTS","NOT ON SCENE (DESK REPORT)","NO INJURY / DRIVE AWAY",,,,"OVER $1,500","2024-06-05T15:30:00.000","FOLLOWING TOO CLOSELY","NOT APPLICABLE","40","N","WABASH AVE","112",,,,,,,"2","NO INDICATION OF INJURY","0","0","0","0","0","2","0","13","4","6","41.8829489","-87.62638067","POINT (-87.626380669682 41.882948899918)"
"33c64f46ca63c27d786a3a77c4b0971301ed28a78411328abfbb0993a05bfa36a2ec3482a40875d42d77d0d5daefb4cfe3a23b54b4b9bd16f771bf1883d454cb",,"2024-06-05T13:45:00.000","30","NO CONTROLS","NO CONTROLS","CLEAR","DAYLIGHT","TURNING","NOT DIVIDED",,"STRAIGHT AND LEVEL","DRY","UNKNOWN","NOT ON SCENE (DESK REPORT)","NO INJURY / DRIVE AWAY",,,"Y","OVER $1,500","2024-06-05T15:00:00.000","UNABLE TO DETERMINE","NOT APPLICABLE","120","W","ONTARIO ST","1832",,,,,,,"2","NO INDICATION OF INJURY","0","0","0","0","0","2","0","13","4","6","41.893325895","-87.632126666","POINT (-87.632126666286 41.893325895129)"
"d4763ed5ac363a03155df9ae76af01b2f604a1957647d503a633e9f261be19c1e8a51558d6e7aaf2b455d8367d1d38b1c3972ddca3b2e0056bba70848812946f",,"2024-06-05T13:45:00.000","25","NO CONTROLS","NO CONTROLS","CLEAR","DAYLIGHT","PARKED MOTOR VEHICLE","NOT DIVIDED",,"STRAIGHT AND LEVEL","DRY","NO DEFECTS","NOT ON SCENE (DESK REPORT)","NO INJURY / DRIVE AWAY",,,,"OVER $1,500","2024-06-05T16:05:00.000","UNABLE TO DETERMINE","UNABLE TO DETERMINE","3910","W","OGDEN AVE","1014",,,,,,,"2","NO INDICATION OF INJURY","0","0","0","0","0","1","0","13","4","6","41.851971434","-87.722793208","POINT (-87.72279320757 41.851971434166)"
"155fb0c139c7f4cace4b50ce4052d7564d55fccceae1ee55c892310009aabd61eea9d7e22db5e3a6435140c62102a60937a4225f4e80b9fc9986fa81e1993d7e",,"2024-06-05T13:40:00.000","30","TRAFFIC SIGNAL","FUNCTIONING PROPERLY","CLEAR","DAYLIGHT","TURNING","FOUR WAY",,"STRAIGHT AND LEVEL","DRY","NO DEFECTS","ON SCENE","INJURY AND / OR TOW DUE TO CRASH","Y",,,"OVER $1,500","2024-06-05T14:41:00.000","DISREGARDING TRAFFIC SIGNALS","FAILING TO YIELD RIGHT-OF-WAY","6183","N","LINCOLN AVE","1711",,,,,,,"2","NONINCAPACITATING INJURY","1","0","0","1","0","2","0","13","4","6","41.994332852","-87.713559082","POINT (-87.713559081986 41.994332851562)"
"ca8a8c998a38610e2bf6cbae21a300af55607c2a74a27af5bda64835b793bd8aa9ee1f82437eb76991824b107be455f90d21e747df2d9772b0abf5a713e06935",,"2024-06-05T13:34:00.000","30","STOP SIGN/FLASHER","FUNCTIONING PROPERLY","CLEAR","DAYLIGHT","SIDESWIPE SAME DIRECTION","Y-INTERSECTION",,"STRAIGHT AND LEVEL","DRY","UNKNOWN","NOT ON SCENE (DESK REPORT)","NO INJURY / DRIVE AWAY","Y",,,"OVER $1,500","2024-06-05T14:25:00.000","UNABLE TO DETERMINE","NOT APPLICABLE","6452","W","GRAND AVE","2512",,,,,,,"2","NO INDICATION OF INJURY","0","0","0","0","0","3","0","13","4","6","41.923282997","-87.787343529","POINT (-87.787343529225 41.923282996681)"
"b42c913fd1f896c0522f1981e66df8493c0b867936b91ec3a3441e429c5b5fe10719899ca2508bbb18015b531a754947575ee79bc8cb3b08e254295bb17d960d",,"2024-06-05T13:30:00.000","30","NO CONTROLS","NO CONTROLS","CLEAR","DAYLIGHT","TURNING","FIVE POINT, OR MORE",,"STRAIGHT AND LEVEL","DRY","NO DEFECTS","NOT ON SCENE (DESK REPORT)","NO INJURY / DRIVE AWAY","N",,,"OVER $1,500","2024-06-05T14:10:00.000","UNABLE TO DETERMINE","NOT APPLICABLE","356","W","ARMITAGE AVE","1814",,,,,,,"2","NO INDICATION OF INJURY","0","0","0","0","0","2","0","13","4","6","41.918434198","-87.638678392","POINT (-87.638678392373 41.91843419779)"
"c64d3d9dee28849c489164247dd25b1671df12a29b8d0549c17d551b97c701ffa998916ad59dcaf59575e3cfaf49806a4038ec4e0e56d2839ec23b0b80785f17",,"2024-06-05T13:30:00.000","30","NO CONTROLS","NO CONTROLS","CLEAR","DAYLIGHT","SIDESWIPE SAME DIRECTION","ONE-WAY",,"STRAIGHT AND LEVEL","DRY","NO DEFECTS","NOT ON SCENE (DESK REPORT)","NO INJURY / DRIVE AWAY",,,,"$501 - $1,500","2024-06-05T14:15:00.000","IMPROPER LANE USAGE","FAILING TO REDUCE SPEED TO AVOID CRASH","131","N","CLINTON ST","121",,,,,,,"2","NO INDICATION OF INJURY","0","0","0","0","0","2","0","13","4","6","41.884187507","-87.641119667","POINT (-87.641119666832 41.884187507128)"