"crash_record_id","crash_date_est_i","crash_date","posted_speed_limit","traffic_control_device","device_condition","weather_condition","lighting_condition","first_crash_type","trafficway_type","lane_cnt","alignment","roadway_surface_cond","road_defect","report_type","crash_type","intersection_related_i","private_property_i","hit_and_run_i","damage","date_police_notified","prim_contributory_cause","sec_contributory_cause","street_no","street_direction","street_name","beat_of_occurrence","photos_taken_i","statements_taken_i","dooring_i","work_zone_i","work_zone_type","workers_present_i","num_units","most_severe_injury","injuries_total","injuries_fatal","injuries_incapacitating","injuries_non_incapacitating","injuries_reported_not_evident","injuries_no_indication","injuries_unknown","crash_hour","crash_day_of_week","crash_month","latitude","longitude","location"
"db1ad1be21cf285d5f378c8e5df06c7556aad14c622464d1fa8ee7cd8e334d4de2622cebaa9e00eeaad0c1203fffcf1b268b3e94db6da7afc6938191b4348d90",,"2024-06-05T13:30:00.000","30","TRAFFIC SIGNAL","FUNCTIONING PROPERLY","CLEAR","DAYLIGHT","TURNING","ONE-WAY",,"STRAIGHT AND LEVEL","DRY","UNKNOWN","NOT ON SCENE (DESK REPORT)","NO INJURY / DRIVE AWAY",,,,"OVER $1,500","2024-06-05T14:20:00.000","IMPROPER TURNING/NO SIGNAL","NOT APPLICABLE","11","S","WABASH AVE","112",,,,,,,"2","NO INDICATION OF INJURY","0","0","0","0","0","2","0","13","4","6","41.88177637","-87.626057747","POINT (-87.626057746807 41.881776370207)"
"8e13d50e43a02334059084886dee390ec6a5d711c84a48f9a2a6e0df5d1a620d10c2b3872814caddb971f0ad842f015aa9504a2c3c62d147638ea55f7bdf601f",,"2024-06-05T13:15:00.000","30","NO CONTROLS","NO CONTROLS","CLEAR","DAYLIGHT","ANGLE","NOT DIVIDED",,"STRAIGHT AND LEVEL","DRY","NO DEFECTS","NOT ON SCENE (DESK REPORT)","INJURY AND / OR TOW DUE TO CRASH",,,"Y","OVER $1,500","2024-06-05T15:05:00.000","FAILING TO YIELD RIGHT-OF-WAY","NOT APPLICABLE","7137","S","WESTERN AVE","832",,,,,,,"2","NONINCAPACITATING INJURY","1","0","0","1","0","1","0","13","4","6","41.763593629","-87.683064572","POINT (-87.68306457181 41.763593629471)"
"f4fbed5c9e85dfd7466de4ddecd8998d4ea8d88d6d98272441eb1ceadab26dee57b0b159ac819e345493f20f142350e56f98425463111e1ab96db54d7098e93f",,"2024-06-05T13:15:00.000","40","NO CONTROLS","NO CONTROLS","CLEAR","DAYLIGHT","SIDESWIPE SAME DIRECTION","DIVIDED - W/MEDIAN BARRIER",,"STRAIGHT AND LEVEL","DRY","NO DEFECTS","NOT ON SCENE (DESK REPORT)","NO INJURY / DRIVE AWAY",,,,"$501 - $1,500","2024-06-05T13:15:00.000","IMPROPER LANE USAGE","FAILING TO REDUCE SPEED TO AVOID CRASH","1500","N","LAKE SHORE DR NB","1824",,,,,,,"2","NO INDICATION OF INJURY","0","0","0","0","0","2","0","13","4","6","41.909579867","-87.626081768","POINT (-87.626081768182 41.909579866705)"
"834cdd4aedb3eeca0b99f3bf3a1e2fc7d8e2f4bba181eb36bbdbb960ce86ca6025aa32dd37e310189390a4e1a865df176a917a429222d61ef09804fb16631206",,"2024-06-05T13:05:00.000","30","NO CONTROLS","NO CONTROLS","CLEAR","DAYLIGHT","TURNING","NOT DIVIDED",,"STRAIGHT AND LEVEL","DRY","NO DEFECTS","NOT ON SCENE (DESK REPORT)","NO INJURY / DRIVE AWAY",,,,"OVER $1,500","2024-06-05T14:00:00.000","FAILING TO YIELD RIGHT-OF-WAY","UNABLE TO DETERMINE","5200","N","KEDZIE AVE","1712",,,,,,,"2","NO INDICATION OF INJURY","0","0","0","0","0","2","0","13","4","6","41.975838278","-87.708829185","POINT (-87.708829185196 41.975838278139)"
"411278d4c40dfc2caa5542901d74caabf93dca2e0463a8b612299ab068ceecedbe89d70f9b05c065a12ed9b7aa56d3b3475835d8e39b15fa1ae77d9b9ae0f0bb",,"2024-06-05T13:00:00.000","30","NO CONTROLS","NO CONTROLS","CLEAR","DAYLIGHT","SIDESWIPE SAME DIRECTION","NOT DIVIDED",,"STRAIGHT AND LEVEL","DRY","NO DEFECTS","NOT ON SCENE (DESK REPORT)","NO INJURY / DRIVE AWAY",,,,"OVER $1,500","2024-06-05T16:30:00.000","FAILING TO YIELD RIGHT-OF-WAY","UNABLE TO DETERMINE","1021","S","WOOD ST","1231",,,,,,,"2","NO INDICATION OF INJURY","0","0","0","0","0","2","0","13","4","6","41.868609561","-87.671251727","POINT (-87.671251726776 41.868609560997)"
"8fe62a237b7e52487b51ec7e0a29f155ad0f1aee62596e6cef2eb639743d6c97f3f7b3198ee1b874ac8a70a13b51306006d98410c26e10330cc85cc4c4aafd10",,"2024-06-05T13:00:00.000","30","NO CONTROLS","NO CONTROLS","CLEAR","DAYLIGHT","REAR END","NOT DIVIDED",,"STRAIGHT AND LEVEL","DRY","UNKNOWN","ON SCENE","NO INJURY / DRIVE AWAY",,,,"OVER $1,500","2024-06-05T13:01:00.000","NOT APPLICABLE","NOT APPLICABLE","3259","W","111TH ST","2211",,,,,,,"2","NO INDICATION OF INJURY","0","0","0","0","0","2","0","13","4","6","41.691421667","-87.703257066","POINT (-87.703257065599 41.691421667398)"
"c0386a5973a7e216d129249afc539d78a5b187836214d3f2b72b7023858305c7c328002faea51de3faf2ce1b1b5e2363524767522954d5d9e05ed331ceb5d6c3",,"2024-06-05T13:00:00.000","30","NO CONTROLS","NO CONTROLS","CLEAR","DAYLIGHT","ANGLE","NOT DIVIDED",,"STRAIGHT AND LEVEL","DRY","NO DEFECTS","NOT ON SCENE (DESK REPORT)","NO INJURY / DRIVE AWAY","Y",,,"OVER $1,500","2024-06-05T13:20:00.000","FAILING TO YIELD RIGHT-OF-WAY","NOT APPLICABLE","1315","N","ASHLAND AVE","1433",,,,,,,"2","NO INDICATION OF INJURY","0","0","0","0","0","2","0","13","4","6","41.90553666","-87.667406247","POINT (-87.667406247384 41.905536659887)"
"ddcb8b2f655b55514b9bd5e699ab0f3442bf3301f42676a23936a5eb4b01d6687d3ca3fd35c8c9dae95b8758f13aeec2f4a6d117acaf8ae6ea3fd90d770326d8",,"2024-06-05T12:43:00.000","20","NO CONTROLS","NO CONTROLS","CLEAR","DAYLIGHT","PARKED MOTOR VEHICLE","PARKING LOT",,"STRAIGHT AND LEVEL","DRY","NO DEFECTS","ON SCENE","NO INJURY / DRIVE AWAY",,,"Y","OVER $1,500","2024-06-05T12:43:00.000","UNABLE TO DETERMINE","UNABLE TO DETERMINE","1214","W","59TH ST","713",,,,,,,"2","NO INDICATION OF INJURY","0","0","0","0","0","1","0","12","4","6","41.786985576","-87.655386656","POINT (-87.655386656194 41.786985575688)"
"49158da4d4b3b6d590f4cdbaf40d7ab5ac768c54c84cc747b33c8693b53fd5eb53dcd6735000da035be11e53ceec108b7338555abe7c3355b6b04095634e8fbe","Y","2024-06-05T12:30:00.000","30","NO CONTROLS","NO CONTROLS","CLEAR","DAYLIGHT","PARKED MOTOR VEHICLE","ONE-WAY",,"STRAIGHT AND LEVEL","DRY","NO DEFECTS","NOT ON SCENE (DESK REPORT)","NO INJURY / DRIVE AWAY",,,"Y","OVER $1,500","2024-06-05T13:55:00.000","UNABLE TO DETERMINE","NOT APPLICABLE","1737","W","ALBION AVE","2432",,,,,,,"2","NO INDICATION OF INJURY","0","0","0","0","0","1","0","12","4","6","42.001559354","-87.673860977","POINT (-87.673860977293 42.001559353787)"
"b28743d919461ad6d68fc18592d5a64b5fe1953cbf40094bb5c30ba74717eadc7250bd3c9fa72696bcaf9624c065d9315655ec073da987f9b7032703972eafa5",,"2024-06-05T12:30:00.000","30","NO CONTROLS","NO CONTROLS","CLEAR","DAYLIGHT","ANGLE","NOT DIVIDED",,"STRAIGHT AND LEVEL","DRY","NO DEFECTS","NOT ON SCENE (DESK REPORT)","NO INJURY / DRIVE AWAY",,,,"$501 - $1,500","2024-06-05T16:00:00.000","IMPROPER LANE USAGE","NOT APPLICABLE","6552","N","SHERIDAN RD","2432",,,,,,,"2","NO INDICATION OF INJURY","0","0","0","0","0","2","0","12","4","6","42.001668115","-87.660896871","POINT (-87.66089687098 42.001668115243)"
"e1ddec1e93c569ee5102398d7ed6b0e018f0ddf12ee936f8bb84d11885989d0935ef4215afec8f210df8dc2b820c76c81971c51b35d9d6c646d0cfbd5263dee6",,"2024-06-05T12:30:00.000","25","NO CONTROLS","NO CONTROLS","CLEAR","DAYLIGHT","PARKED MOTOR VEHICLE","NOT DIVIDED",,"STRAIGHT AND LEVEL","DRY","NO DEFECTS","ON SCENE","NO INJURY / DRIVE AWAY",,,,"$501 - $1,500","2024-06-05T13:10:00.000","UNABLE TO DETERMINE","UNABLE TO DETERMINE","2149","N","LINCOLN AVE","1812",,,,,,,"2","NO INDICATION OF INJURY","0","0","0","0","0","1","0","12","4","6","41.921289171","-87.642737477","POINT (-87.642737476824 41.921289171424)"
"e7e7cfabbb12427ec0024714edb9618fe66925f07d4c621a01a39738b728243bc1a921b8bda51cf896929cd419e17f04372ca9690d40c4cbe7a3cbec6e771257",,"2024-06-05T12:25:00.000","30","TRAFFIC SIGNAL","FUNCTIONING PROPERLY","CLEAR","DAYLIGHT","SIDESWIPE SAME DIRECTION","NOT DIVIDED",,"STRAIGHT AND LEVEL","DRY","NO DEFECTS","NOT ON SCENE (DESK REPORT)","NO INJURY / DRIVE AWAY",,,,"OVER $1,500","2024-06-05T13:50:00.000","IMPROPER LANE USAGE","NOT APPLICABLE","1600","N","WESTERN AVE","1434",,,,,,,"2","NO INDICATION OF INJURY","0","0","0","0","0","2","0","12","4","6","41.910409024","-87.687370268","POINT (-87.687370268401 41.910409023629)"
"a81ac5d6695d006734586e31b258609a219c487d7c7785b761dfd12c408493106c5eaa8f74f0d09f807ba461d67d8c644d365a8df6268665eb77419961b87b79",,"2024-06-05T12:19:00.000","20","NO CONTROLS","NO CONTROLS","CLEAR","DAYLIGHT","FIXED OBJECT","OTHER",,"STRAIGHT AND LEVEL","WET","NO DEFECTS","ON SCENE","NO INJURY / DRIVE AWAY",,,,"OVER $1,500","2024-06-05T12:19:00.000","DRIVING SKILLS/KNOWLEDGE/EXPERIENCE","NOT APPLICABLE","2828","W","DIVISION ST","1423",,,,,,,"2","NO INDICATION OF INJURY","0","0","0","0","0","1","0","12","4","6","41.903025244","-87.698071075","POINT (-87.698071075131 41.903025244129)"
"b09c8a858c733770d5216220c7726842c045a030744db05ab4d1f7a54d30bd8b56900c6f29b1b31180be8f88b7320d1300f51c82850091c22d0b6bbf47d9e0f1","Y","2024-06-05T12:13:00.000","30","TRAFFIC SIGNAL","FUNCTIONING PROPERLY","CLEAR","DAYLIGHT","TURNING","FOUR WAY",,"STRAIGHT AND LEVEL","DRY","NO DEFECTS","NOT ON SCENE (DESK REPORT)","NO INJURY / DRIVE AWAY","Y",,,"OVER $1,500","2024-06-05T13:00:00.000","DISREGARDING TRAFFIC SIGNALS","DISREGARDING TRAFFIC SIGNALS","1601","W","NORTH AVE","1433",,,,,,,"2","NO INDICATION OF INJURY","0","0","0","0","0","2","0","12","4","6","41.910519635","-87.667749686","POINT (-87.667749686328 41.910519635296)"
"1445141a8d4d966fbf96c3baaf8a9f2ec285f8d3217c18465a4ac23ac011d492a85562bcacbadb8faa11607c111f3e942b5f22ee1e1f4dd7db38997e86d1b12f","Y","2024-06-05T12:00:00.000","30","TRAFFIC SIGNAL","FUNCTIONING PROPERLY","CLEAR","DAYLIGHT","REAR END","NOT DIVIDED",,"STRAIGHT AND LEVEL","DRY","UNKNOWN","NOT ON SCENE (DESK REPORT)","NO INJURY / DRIVE AWAY",,,,"OVER $1,500","2024-06-05T12:30:00.000","FAILING TO REDUCE SPEED TO AVOID CRASH","NOT APPLICABLE","2524","N","WESTERN AVE","1431",,,,,,,"2","NO INDICATION OF INJURY","0","0","0","0","0","2","0","12","4","6","41.927204965","-87.687868473","POINT (-87.687868473003 41.927204965448)"
"73228a68ccaf7fde9211ce03f983adc52298f7acfc44823d53b2cf14b54c2a5704ca9485a22bb447fea59ec42fdde5a570d1a173c4f1985b2ed5f4aee8b6933f",,"2024-06-05T12:00:00.000","5","NO CONTROLS","NO CONTROLS","UNKNOWN","DAYLIGHT","PARKED MOTOR VEHICLE","PARKING LOT",,"STRAIGHT AND LEVEL","UNKNOWN","UNKNOWN","NOT ON SCENE (DESK REPORT)","NO INJURY / DRIVE AWAY",,"Y","Y","OVER $1,500","2024-06-05T15:20:00.000","UNABLE TO DETERMINE","NOT APPLICABLE","5501","W","FULLERTON AVE","2515",,,,,,,"2","NO INDICATION OF INJURY","0","0","0","0","0","1","0","12","4","6","41.92390112","-87.763587453","POINT (-87.763587453194 41.923901119853)"
"d1a9ca3abf29837a4a6ea040c0932cc8eaee30e1bf0a5f7aab816c5a8e700d97da677567825dc7e1c8d01af7e9b3bd027b75033f293573527027af12c2366acb",,"2024-06-05T12:00:00.000","35","STOP SIGN/FLASHER","FUNCTIONING PROPERLY","CLEAR","DAYLIGHT","TURNING","NOT DIVIDED",,"STRAIGHT AND LEVEL","DRY","NO DEFECTS","ON SCENE","INJURY AND / OR TOW DUE TO CRASH","Y",,,"OVER $1,500","2024-06-05T12:15:00.000","IMPROPER OVERTAKING/PASSING","UNABLE TO DETERMINE","425","N","FRANKLIN ST","1831",,,,,,,"2","NO INDICATION OF INJURY","0","0","0","0","0","2","0","12","4","6","41.889925209","-87.635386719","POINT (-87.63538671872 41.889925208878)"
"e381147e24ffa3bae637430f3ce3ee1e1dc63ec5be4c0431c986da4271314717650722c85bc67729ee07c4723a1574690d48bcea0000de1ac859af066bf6ba66",,"2024-06-05T11:53:00.000","30","NO CONTROLS","NO CONTROLS","CLEAR","DAYLIGHT","PARKED MOTOR VEHICLE","OTHER",,"STRAIGHT AND LEVEL","DRY","NO DEFECTS","NOT ON SCENE (DESK REPORT)","NO INJURY / DRIVE AWAY",,"Y",,"OVER $1,500","2024-06-05T15:25:00.000","DRIVING SKILLS/KNOWLEDGE/EXPERIENCE","UNABLE TO DETERMINE","7340","S","STONY ISLAND AVE","324",,,,,,,"2","NO INDICATION OF INJURY","0","0","0","0","0","1","0","11","4","6","41.761201488","-87.586347335","POINT (-87.586347334528 41.761201488283)"
"c20f8d0a2d7162f11cddf046310c6c1430bbdb35ce1331d8480f03fc735c548189b0373b49aacb34b88038fd478d12ed776ae9f2e1e7522e435ae80389de795e",,"2024-06-05T11:50:00.000","30","NO CONTROLS","NO CONTROLS","CLEAR","DAYLIGHT","PARKED MOTOR VEHICLE","PARKING LOT",,"STRAIGHT AND LEVEL","DRY","NO DEFECTS","ON SCENE","NO INJURY / DRIVE AWAY",,,"Y","OVER $1,500","2024-06-05T14:05:00.000","OPERATING VEHICLE IN ERRATIC, RECKLESS, CARELESS, NEGLIGENT OR AGGRESSIVE MANNER","NOT APPLICABLE","6700","S","PAXTON AVE","331",,,,,,,"2","NO INDICATION OF INJURY","0","0","0","0","0","1","0","11","4","6","41.773407155","-87.571759727","POINT (-87.571759727064 41.773407155492)"
"c9072322b0636c3fabab0e8561157a98c88d97c0fe42b94cc605c93c24e49783bf80692926a436f7074bfd8162c13ebe631a7584da285a8a1a32c95b6d3454ef",,"2024-06-05T11:50:00.000","30","UNKNOWN","UNKNOWN","UNKNOWN","UNKNOWN","SIDESWIPE SAME DIRECTION","ONE-WAY",,"STRAIGHT AND LEVEL","UNKNOWN","UNKNOWN","NOT ON SCENE (DESK REPORT)","NO INJURY / DRIVE AWAY",,,,"$501 - $1,500","2024-06-05T13:28:00.000","DRIVING SKILLS/KNOWLEDGE/EXPERIENCE","UNABLE TO DETERMINE","135","W","MADISON ST","122",,,,,,,"2","NO INDICATION OF INJURY","0","0","0","0","0","2","0","11","4","6","41.881856744","-87.631896162","POINT (-87.631896161552 41.881856743638)"
"236966b5eb439427ac70fdd3b01f20f9757ec3f7fd2264eae58dd06291fa11c453c91f186951a24af15aeedbe600b0f7f7b5e34089c2113c9d890b3f051bb43a",,"2024-06-05T11:40:00.000","30","STOP SIGN/FLASHER","FUNCTIONING PROPERLY","CLEAR","DAYLIGHT","ANGLE","NOT DIVIDED",,"STRAIGHT AND LEVEL","DRY","NO DEFECTS","NOT ON SCENE (DESK REPORT)","INJURY AND / OR TOW DUE TO CRASH",,,,"$501 - $1,500","2024-06-05T15:34:00.000","NOT APPLICABLE","NOT APPLICABLE","3200","W","72ND ST","831",,,,,,,"2","NO INDICATION OF INJURY","0","0","0","0","0","3","0","11","4","6","41.762664795","-87.702823995","POINT (-87.702823995227 41.762664794849)"
"5abeff7e04fbdc04f8281fdeead4f261da702e5331b0220cadaeb80e3508b1c0f5d12da5653381ed5d00d1f9631ea9def65440421c1a0f72164e9dd2c3b2c989",,"2024-06-05T11:40:00.000","25","NO CONTROLS","NO CONTROLS","UNKNOWN","DAYLIGHT","REAR END","NOT DIVIDED",,"STRAIGHT AND LEVEL","UNKNOWN","UNKNOWN","NOT ON SCENE (DESK REPORT)","NO INJURY / DRIVE AWAY",,,,"OVER $1,500","2024-06-05T13:00:00.000","IMPROPER OVERTAKING/PASSING","NOT APPLICABLE","1555","N","CICERO AVE","2533",,,,,,,"2","NO INDICATION OF INJURY","0","0","0","0","0","2","0","11","4","6","41.909421767","-87.745967903","POINT (-87.745967902871 41.909421767155)"
"781eb0f86795951fd911c7b9a38d7de23b7e41702e68c8e2a9a5401c71f70f5b4a3e708f07f166aecfb4a62e2402ed26f1c2fa1c4ce722247d0c2f48f6d72919",,"2024-06-05T11:40:00.000","30","TRAFFIC SIGNAL","FUNCTIONING PROPERLY","CLEAR","DAYLIGHT","PEDALCYCLIST","FOUR WAY",,"STRAIGHT AND LEVEL","DRY","NO DEFECTS","ON SCENE","INJURY AND / OR TOW DUE TO CRASH","Y",,,"$500 OR LESS","2024-06-05T11:40:00.000","VISION OBSCURED (SIGNS, TREE LIMBS, BUILDINGS, ETC.)","DRIVING SKILLS/KNOWLEDGE/EXPERIENCE","5000","W","BELMONT AVE","1634",,,"Y",,,,"2","NONINCAPACITATING INJURY","1","0","0","1","0","1","0","11","4","6","41.938872266","-87.751914887","POINT (-87.751914887179 41.938872265669)"
"4c5db03f05e3a8c9e64d9f13bc168881fa231d5c585aa96f19055baf6781d3a24b3f0c981869f051622398a2458f60d397b53ab7deea9d0af033bd403b35239b",,"2024-06-05T11:30:00.000","10","NO CONTROLS","NO CONTROLS","CLEAR","DAYLIGHT","PARKED MOTOR VEHICLE","PARKING LOT",,"STRAIGHT AND LEVEL","DRY","NO DEFECTS","NOT ON SCENE (DESK REPORT)","NO INJURY / DRIVE AWAY",,,"Y","$501 - $1,500","2024-06-05T13:08:00.000","NOT APPLICABLE","NOT APPLICABLE","6430","S","CICERO AVE","813",,,,,,,"2","NO INDICATION OF INJURY","0","0","0","0","0","1","0","11","4","6","41.775663368","-87.742327811","POINT (-87.742327811139 41.775663367554)"
"0f44e0fe6041e235ef4a849435c1323bff5cb1374d3690b8c636cef8f3de64500c2e99494c64103a3844e07b505429180ebcee2abcf848796cf59ae03e5c9cd4","Y","2024-06-05T11:12:00.000","30","TRAFFIC SIGNAL","FUNCTIONING PROPERLY","CLOUDY/OVERCAST","DAYLIGHT","HEAD ON","NOT DIVIDED",,"STRAIGHT AND LEVEL","UNKNOWN","UNKNOWN","ON SCENE","INJURY AND / OR TOW DUE TO CRASH","Y",,,"OVER $1,500","2024-06-05T11:17:00.000","IMPROPER OVERTAKING/PASSING","IMPROPER LANE USAGE","1439","S","CALIFORNIA BLVD","1023",,,,,,,"2","NONINCAPACITATING INJURY","1","0","0","1","0","1","0","11","4","6","41.861248347","-87.69560597","POINT (-87.695605970043 41.861248346977)"
"022b64f986dee7635acef6d60c67072db337613711ba9b5092b1cfb647cd12d891e44a986cf80af41b096abddfa5838f05cbdfc04d4c5a333e4669fbdb8de866",,"2024-06-05T11:05:00.000","30","TRAFFIC SIGNAL","FUNCTIONING PROPERLY","CLEAR","DAYLIGHT","REAR END","NOT DIVIDED",,"STRAIGHT AND LEVEL","DRY","NO DEFECTS","NOT ON SCENE (DESK REPORT)","NO INJURY / DRIVE AWAY",,,,"$501 - $1,500","2024-06-05T11:30:00.000","FOLLOWING TOO CLOSELY","NOT APPLICABLE","1000","W","IRVING PARK RD","1915",,,,,,,"2","NO INDICATION OF INJURY","0","0","0","0","0","2","0","11","4","6","41.954596922","-87.654627247","POINT (-87.654627247399 41.954596922053)"
"c6023a6e85560ec40e3aeda129f5904a5b240decb55481ff1267aa92bbea309848578864a283692683e047ae722ea477dcd9df4c12cdce22d240d56923b9f7bd",,"2024-06-05T11:00:00.000","30","NO CONTROLS","NO CONTROLS","CLEAR","DAYLIGHT","SIDESWIPE SAME DIRECTION","NOT DIVIDED",,"STRAIGHT AND LEVEL","DRY","NO DEFECTS","NOT ON SCENE (DESK REPORT)","NO INJURY / DRIVE AWAY",,,,"OVER $1,500","2024-06-05T14:20:00.000","FAILING TO YIELD RIGHT-OF-WAY","OPERATING VEHICLE IN ERRATIC, RECKLESS, CARELESS, NEGLIGENT OR AGGRESSIVE MANNER","1244","N","ASHLAND AVE","1433",,,,,,,"2","NO INDICATION OF INJURY","0","0","0","0","0","2","0","11","4","6","41.904523957","-87.66767409","POINT (-87.667674090118 41.904523957403)"
"cd914fd09b626f02733589c3b75ad20318202de2b4113fe7f7a3306d14e52c58602d354f0fd0591aab78a7c190994484c2b9cb5d4d0ff93e977fd5fdc3b6994b",,"2024-06-05T10:18:00.000","30","NO CONTROLS","NO CONTROLS","CLEAR","DAYLIGHT","ANGLE","NOT DIVIDED",,"STRAIGHT AND LEVEL","DRY","NO DEFECTS","NOT ON SCENE (DESK REPORT)","NO INJURY / DRIVE AWAY",,,,"OVER $1,500","2024-06-05T14:40:00.000","UNABLE TO DETERMINE","NOT APPLICABLE","400","S","GREEN ST","1232",,,,,,,"2","NO INDICATION OF INJURY","0","0","0","0","0","2","0","10","4","6","41.87662069","-87.648513857","POINT (-87.648513856602 41.876620690071)"
"15b49a81de5d695b9b53682e4ee78034a78aaed86892a7df585d106d2ebb253db7af30e3559176db80156f62c933ea86c1ec0818734662642fa5bb5961da18ea",,"2024-06-05T10:15:00.000","15","OTHER REG. SIGN","FUNCTIONING PROPERLY","CLOUDY/OVERCAST","DAYLIGHT","REAR TO SIDE","PARKING LOT",,"STRAIGHT AND LEVEL","DRY","NO DEFECTS","NOT ON SCENE (DESK REPORT)","NO INJURY / DRIVE AWAY",,,"Y","OVER $1,500","2024-06-05T10:20:00.000","IMPROPER BACKING","FAILING TO YIELD RIGHT-OF-WAY","5534","W","FULLERTON AVE","2515",,,,,,,"2","NO INDICATION OF INJURY","0","0","0","0","0","3","0","10","4","6","41.924104639","-87.764983777","POINT (-87.764983776658 41.924104639225)"
"a7a10a45525662183011d26c6988509742491658ecf3eba3ca33e67874f849631c4596b606f3847de2d361039b1d3b59842382afad48cad9af639d65fbe1beb4",,"2024-06-05T10:15:00.000","30","STOP SIGN/FLASHER","FUNCTIONING PROPERLY","CLEAR","DAYLIGHT","PARKED MOTOR VEHICLE","NOT DIVIDED",,"STRAIGHT AND LEVEL","DRY","UNKNOWN","ON SCENE","NO INJURY / DRIVE AWAY",,,,"$501 - $1,500","2024-06-05T10:15:00.000","DRIVING SKILLS/KNOWLEDGE/EXPERIENCE","DRIVING SKILLS/KNOWLEDGE/EXPERIENCE","528","W","72ND ST","732",,,,,,,"2","NO INDICATION OF INJURY","0","0","0","0","0","1","0","10","4","6","41.763585362","-87.638215289","POINT (-87.638215288598 41.763585361626)"
"bfe6c53a2a60853825b44227997e5ffc9965ecf73b0782bc53771b75b2269a6efe25e64f15da6c51891adb4ced7b00afc28f2bc61b12fc611f67c76785ea3457",,"2024-06-05T10:11:00.000","30","NO CONTROLS","NO CONTROLS","CLEAR","DAYLIGHT","PARKED MOTOR VEHICLE","NOT DIVIDED",,"STRAIGHT AND LEVEL","WET","NO DEFECTS","ON SCENE","NO INJURY / DRIVE AWAY",,,,"OVER $1,500","2024-06-05T10:22:00.000","DRIVING SKILLS/KNOWLEDGE/EXPERIENCE","RELATED TO BUS STOP","7767","S","SOUTH SHORE DR","421",,,,,,,"2","NO INDICATION OF INJURY","0","0","0","0","0","2","0","10","4","6","41.755645993","-87.551788772","POINT (-87.55178877206 41.755645993047)"
"3ce54737d09fb92ac0e3224a397df1d610e0f8ec77a1a2c217fc0c8d282eb5911c8b3cf193101404fa6b8a2767706d7e5052b2e37c56fcca9cbcec6201ddc1d4",,"2024-06-05T10:10:00.000","30","NO CONTROLS","NO CONTROLS","RAIN","DAYLIGHT","REAR END","ONE-WAY",,"STRAIGHT AND LEVEL","WET","NO DEFECTS","ON SCENE","NO INJURY / DRIVE AWAY",,,,"$500 OR LESS","2024-06-05T10:25:00.000","UNABLE TO DETERMINE","UNABLE TO DETERMINE","5329","W","BERTEAU AVE","1624",,,,,,,"2","NO INDICATION OF INJURY","0","0","0","0","0","2","0","10","4","6","41.956796554","-87.76092457","POINT (-87.760924569878 41.956796554374)"
"15ae421560ce99960fa10ce2277d72ebb59659d8d4b8dfbba88491eec90e0c958fb0571358e96fdb14edaf69c8ba419f4ef4064bb9097ee739bfd4836ab0f1d1",,"2024-06-05T10:04:00.000","30","TRAFFIC SIGNAL","FUNCTIONING PROPERLY","CLOUDY/OVERCAST","DAYLIGHT","ANGLE","NOT REPORTED",,"STRAIGHT AND LEVEL","DRY","NO DEFECTS","ON SCENE","INJURY AND / OR TOW DUE TO CRASH","Y",,,"OVER $1,500","2024-06-05T10:47:00.000","FAILING TO YIELD RIGHT-OF-WAY","NOT APPLICABLE","653","W","TAYLOR ST","124",,,,,,,"2","NO INDICATION OF INJURY","0","0","0","0","0","2","0","10","4","6","41.869587395","-87.643663961","POINT (-87.643663960591 41.869587395081)"
"783b088c8bff6c0d111bbb7c1cc5062b9c0ef45fd1f25387456441098dc174adf8cec127a9339d930d4d71e9b3c1c0a63c6cb9f71f5dd68eba63a80e54717329",,"2024-06-05T10:00:00.000","30","NO CONTROLS","NO CONTROLS","CLEAR","DAYLIGHT","PEDALCYCLIST","NOT DIVIDED",,"STRAIGHT AND LEVEL","DRY","UNKNOWN","NOT ON SCENE (DESK REPORT)","INJURY AND / OR TOW DUE TO CRASH",,,"Y","$500 OR LESS","2024-06-05T12:20:00.000","UNABLE TO DETERMINE","UNABLE TO DETERMINE","6801","N","WESTERN AVE","2411",,,,,,,"2","NONINCAPACITATING INJURY","1","0","0","1","0","1","0","10","4","6","42.005080074","-87.689924745","POINT (-87.689924744509 42.005080073905)"
"6333c86aefacf735e27e3168fa87bd610180f2cc54325dd431465c796e013836a89faaecee2cafda1610f7b0218ad18ee62033f870b1f4513cf67a9bee8910a1",,"2024-06-05T09:55:00.000","30","TRAFFIC SIGNAL","NO CONTROLS","CLEAR","DAYLIGHT","TURNING","NOT DIVIDED",,"STRAIGHT AND LEVEL","DRY","NO DEFECTS","NOT ON SCENE (DESK REPORT)","INJURY AND / OR TOW DUE TO CRASH",,,"Y","OVER $1,500","2024-06-05T10:11:00.000","UNABLE TO DETERMINE","NOT APPLICABLE","3200","W","HARRISON ST","1134",,,,,,,"2","NO INDICATION OF INJURY","0","0","0","0","0","4","0","9","4","6","41.873796325","-87.706040331","POINT (-87.70604033058 41.87379632479)"
"c8470c28509747583009cc849e0d83216892981b5f0e3b57524eb2bb3ea95a515470ebbeff2b977204e3dc747f62384bf11e855ba28eaaf17588ba4b23590c19",,"2024-06-05T09:45:00.000","30","NO CONTROLS","NO CONTROLS","CLEAR","DAYLIGHT","SIDESWIPE SAME DIRECTION","DIVIDED - W/MEDIAN (NOT RAISED)",,"STRAIGHT AND LEVEL","DRY","NO DEFECTS","ON SCENE","NO INJURY / DRIVE AWAY",,,,"OVER $1,500","2024-06-05T09:55:00.000","FAILING TO YIELD RIGHT-OF-WAY","NOT APPLICABLE","4333","N","CICERO AVE","1722",,,,,,,"2","NO INDICATION OF INJURY","0","0","0","0","0","2","0","9","4","6","41.95985663","-87.747352843","POINT (-87.747352842926 41.959856629563)"