"crash_record_id","crash_date_est_i","crash_date","posted_speed_limit","traffic_control_device","device_condition","weather_condition","lighting_condition","first_crash_type","trafficway_type","lane_cnt","alignment","roadway_surface_cond","road_defect","report_type","crash_type","intersection_related_i","private_property_i","hit_and_run_i","damage","date_police_notified","prim_contributory_cause","sec_contributory_cause","street_no","street_direction","street_name","beat_of_occurrence","photos_taken_i","statements_taken_i","dooring_i","work_zone_i","work_zone_type","workers_present_i","num_units","most_severe_injury","injuries_total","injuries_fatal","injuries_incapacitating","injuries_non_incapacitating","injuries_reported_not_evident","injuries_no_indication","injuries_unknown","crash_hour","crash_day_of_week","crash_month","latitude","longitude","location"
"ad52bac4da9c53ddf9722e62f1a35fb5f8af12111eb80684e052561c6292a540c093870044e86ebb071e214c61cc4f38b8fabd6a9bdb1e9d6da2d03d94e398ee",,"2024-06-05T09:43:00.000","30","TRAFFIC SIGNAL","FUNCTIONING PROPERLY","CLEAR","DAYLIGHT","TURNING","DIVIDED - W/MEDIAN (NOT RAISED)",,"STRAIGHT AND LEVEL","DRY","NO DEFECTS","ON SCENE","INJURY AND / OR TOW DUE TO CRASH","Y",,"Y","OVER $1,500","2024-06-05T09:50:00.000","FAILING TO REDUCE SPEED TO AVOID CRASH","OPERATING VEHICLE IN ERRATIC, RECKLESS, CARELESS, NEGLIGENT OR AGGRESSIVE MANNER","2813","N","CALIFORNIA AVE","1411",,,,,,,"2","REPORTED, NOT EVIDENT","1","0","0","0","1","1","0","9","4","6","41.932542149","-87.697480045","POINT (-87.697480044592 41.932542148647)"
"2476af9f9692a88c838da0fcb2454782e680f308f7c7bbd4aa3162fdc6df84ef1ece383392e4dfedb39457933e8e157f91d11af96c3fe9f55cd97026cdfb7af9",,"2024-06-05T09:38:00.000","25","NO CONTROLS","NO CONTROLS","CLEAR","DAYLIGHT","PARKED MOTOR VEHICLE","NOT DIVIDED",,"STRAIGHT AND LEVEL","DRY","NO DEFECTS","ON SCENE","INJURY AND / OR TOW DUE TO CRASH",,,,"OVER $1,500","2024-06-05T09:40:00.000","PHYSICAL CONDITION OF DRIVER","FAILING TO REDUCE SPEED TO AVOID CRASH","9600","S","HOYNE AVE","2213",,,,,,,"2","NO INDICATION OF INJURY","0","0","0","0","0","1","0","9","4","6","41.719131559","-87.674887111","POINT (-87.67488711147 41.719131559249)"
"b48fb0ce4b2082e32098020bd8217f20f6149ad54073f031a49d227fc72762fb847341d8f570886ab91d8741fa550b355b5b045c4953ac9d56917e234be689ca","Y","2024-06-05T09:30:00.000","30","NO CONTROLS","NO CONTROLS","UNKNOWN","UNKNOWN","PARKED MOTOR VEHICLE","DIVIDED - W/MEDIAN BARRIER",,"STRAIGHT AND LEVEL","UNKNOWN","UNKNOWN","NOT ON SCENE (DESK REPORT)","NO INJURY / DRIVE AWAY",,,"Y","OVER $1,500","2024-06-05T10:00:00.000","UNABLE TO DETERMINE","UNABLE TO DETERMINE","1433","S","STATE ST","131",,,,,,,"2","NO INDICATION OF INJURY","0","0","0","0","0","1","0","9","4","6","41.863096238","-87.627172142","POINT (-87.627172141506 41.863096238494)"
"178330f45436eb8b522c63d7d1da6ad7cf88ab79710565d0311de04cfda9f74bc86f4090ae72ae182020bcc61aec7137e7410ada6c915d58436748ff55f4533c",,"2024-06-05T09:23:00.000","30","TRAFFIC SIGNAL","FUNCTIONING PROPERLY","CLEAR","DAYLIGHT","TURNING","NOT DIVIDED",,"STRAIGHT AND LEVEL","DRY","NO DEFECTS","ON SCENE","NO INJURY / DRIVE AWAY",,,"Y","$500 OR LESS","2024-06-05T09:23:00.000","UNABLE TO DETERMINE","IMPROPER TURNING/NO SIGNAL","9400","S","COTTAGE GROVE AVE","633",,,,,,,"2","NO INDICATION OF INJURY","0","0","0","0","0","2","0","9","4","6","41.72406721","-87.604664604","POINT (-87.604664604014 41.724067209811)"
"968295244c5ead0a12bd3fcd141cae54f4c80ad64652e45dbac6dfee1bbac0f7b4ed1cacb8e52e51cd0ce585fd6b998af3d348f20b16571b307869f8297c7579",,"2024-06-05T09:22:00.000","35","TRAFFIC SIGNAL","FUNCTIONING PROPERLY","CLOUDY/OVERCAST","DAYLIGHT","PEDESTRIAN","NOT DIVIDED",,"STRAIGHT AND LEVEL","WET","NO DEFECTS","ON SCENE","INJURY AND / OR TOW DUE TO CRASH",,,"Y","OVER $1,500","2024-06-05T09:26:00.000","UNABLE TO DETERMINE","UNABLE TO DETERMINE","158","W","69TH ST","722",,,,,,,"2","NONINCAPACITATING INJURY","1","0","0","1","0","1","0","9","4","6","41.769194047","-87.629707251","POINT (-87.629707251383 41.769194046971)"
"12ce40465009bf801341212ec35bbe50bc9dd07d9ba08d2d043b428a9f66687cc6132bce492fccf09d558ce33a0436fb09668205508592689ad31f8b731f14d0",,"2024-06-05T09:07:00.000","30","TRAFFIC SIGNAL","FUNCTIONING PROPERLY","CLEAR","DAYLIGHT","PEDALCYCLIST","DIVIDED - W/MEDIAN (NOT RAISED)",,"STRAIGHT AND LEVEL","WET","NO DEFECTS","ON SCENE","INJURY AND / OR TOW DUE TO CRASH",,,,"OVER $1,500","2024-06-05T09:09:00.000","DRIVING ON WRONG SIDE/WRONG WAY","UNABLE TO DETERMINE","2200","W","FULLERTON AVE","1432",,,,,,,"2","INCAPACITATING INJURY","1","0","1","0","0","1","0","9","4","6","41.925064062","-87.683681648","POINT (-87.683681647531 41.925064061997)"
"10be4bee17ffbd36ea12f3dd14daa2ec7eeaf10199405b0c07e5ea4138ee35959e94bd592a3a3e10e0013f632592af4820031a3debf0557b2962602d3882bcee",,"2024-06-05T09:00:00.000","30","TRAFFIC SIGNAL","FUNCTIONING PROPERLY","CLEAR","DAYLIGHT","SIDESWIPE SAME DIRECTION","DIVIDED - W/MEDIAN (NOT RAISED)",,"STRAIGHT AND LEVEL","DRY","NO DEFECTS","NOT ON SCENE (DESK REPORT)","NO INJURY / DRIVE AWAY",,,,"OVER $1,500","2024-06-05T14:00:00.000","UNABLE TO DETERMINE","NOT APPLICABLE","4925","N","LINCOLN AVE","2031",,,,,,,"2","NO INDICATION OF INJURY","0","0","0","0","0","2","0","9","4","6","41.971466217","-87.690214627","POINT (-87.690214627436 41.971466216668)"
"32c69e196d9edabfe2f107b687289b0b74b697a2e83577052a34c821a99f10df78601eebeef6753f5d07b60786e0b2ce6bb978a7321271b3f8039bb492e7d0ee",,"2024-06-05T09:00:00.000","25","NO CONTROLS","NO CONTROLS","CLEAR","DAYLIGHT","REAR END","NOT DIVIDED",,"STRAIGHT AND LEVEL","DRY","NO DEFECTS","ON SCENE","NO INJURY / DRIVE AWAY",,,"Y","$501 - $1,500","2024-06-05T09:15:00.000","UNABLE TO DETERMINE","UNABLE TO DETERMINE","1220","N","LARRABEE ST","1822",,,,,,,"3","NO INDICATION OF INJURY","0","0","0","0","0","3","0","9","4","6","41.904365512","-87.643388766","POINT (-87.643388766337 41.904365511737)"
"d4a94ea7c0cb40c5442058a2051f620d2dcb990a76caf6406aeeab3750e0be578da6bf24e06d97d8068211fc087580dc9575e9e9ba5c2e9005ac61645ac545c8",,"2024-06-05T09:00:00.000","30","NO CONTROLS","NO CONTROLS","CLOUDY/OVERCAST","DAYLIGHT","PARKED MOTOR VEHICLE","NOT DIVIDED",,"STRAIGHT AND LEVEL","WET","NO DEFECTS","ON SCENE","NO INJURY / DRIVE AWAY",,,,"$501 - $1,500","2024-06-05T09:10:00.000","UNABLE TO DETERMINE","UNABLE TO DETERMINE","3115","S","KOMENSKY AVE","1031",,,,,,,"2","NO INDICATION OF INJURY","0","0","0","0","0","1","0","9","4","6","41.836381142","-87.725409817","POINT (-87.725409817368 41.836381141574)"
"c46f81b632ecd531673a6150ee2919940903da606c47ac176d693c8fd7425ac8ef83643c3b9b72ab62c7c1a4cd179d599c73b9c994fcfb76ba79991ca577a452",,"2024-06-05T08:50:00.000","10","NO CONTROLS","NO CONTROLS","CLEAR","DAYLIGHT","REAR TO FRONT","ONE-WAY",,"STRAIGHT AND LEVEL","DRY","NO DEFECTS","ON SCENE","NO INJURY / DRIVE AWAY",,"Y",,"$501 - $1,500","2024-06-05T09:00:00.000","UNABLE TO DETERMINE","UNABLE TO DETERMINE","739","N","TRUMBULL AVE","1121",,"Y",,,,,"2","NO INDICATION OF INJURY","0","0","0","0","0","2","0","8","4","6","41.894837784","-87.712488253","POINT (-87.712488253204 41.894837784201)"
"5395eaa73f59cdb83e86328a694b38ba126e589de47c7b99156c3ef2d53a58d069c14b1feae482d92a44f8fb01db75f033893b79c0d1d4989f381450bd5497b8",,"2024-06-05T08:49:00.000","35","TRAFFIC SIGNAL","FUNCTIONING PROPERLY","RAIN","DAYLIGHT","REAR TO FRONT","NOT DIVIDED",,"STRAIGHT AND LEVEL","WET","NO DEFECTS","ON SCENE","NO INJURY / DRIVE AWAY",,,,"$500 OR LESS","2024-06-05T08:49:00.000","IMPROPER BACKING","NOT APPLICABLE","2219","N","WESTERN AVE","1432","Y","Y",,,,,"2","NO INDICATION OF INJURY","0","0","0","0","0","5","0","8","4","6","41.922275206","-87.687413534","POINT (-87.68741353364 41.922275206275)"
"7743e64a4994a1bbeffc94154e116ba6c1e9362b95d4fab14170ef51382321274c55e73a238358b1397c616a61d63fc8244d402b11c8d18b23ff2d04aa64a6c8",,"2024-06-05T08:45:00.000","30","STOP SIGN/FLASHER","FUNCTIONING PROPERLY","RAIN","DAYLIGHT","PEDALCYCLIST","DIVIDED - W/MEDIAN (NOT RAISED)",,"STRAIGHT AND LEVEL","WET","UNKNOWN","ON SCENE","INJURY AND / OR TOW DUE TO CRASH","Y",,,"$501 - $1,500","2024-06-05T09:15:00.000","UNABLE TO DETERMINE","NOT APPLICABLE","1276","N","CLYBOURN AVE","1821",,,,,,,"2","INCAPACITATING INJURY","1","0","1","0","0","2","0","8","4","6","41.905280622","-87.641885431","POINT (-87.641885431487 41.905280621592)"
"9818bec884738277363eba0f547e093edc24b2b9163fb4cc6379cb212ac255d4377086364b658656afae0ee7f62f0a2a04bb56a2be3af3dc709bd408dfc7670d","Y","2024-06-05T08:42:00.000","25","NO CONTROLS","NO CONTROLS","CLEAR","DAYLIGHT","SIDESWIPE SAME DIRECTION","NOT DIVIDED",,"STRAIGHT AND LEVEL","DRY","UNKNOWN","NOT ON SCENE (DESK REPORT)","NO INJURY / DRIVE AWAY",,,,"$500 OR LESS","2024-06-05T17:00:00.000","UNABLE TO DETERMINE","UNABLE TO DETERMINE","5130","S","WESTERN BLVD","923",,,,,,,"2","NO INDICATION OF INJURY","0","0","0","0","0","2","0","8","4","6","41.800115319","-87.683783894","POINT (-87.683783893797 41.80011531926)"
"14ed1545727a7a601eb7f1532bbcabbeba54a18f989647b8a1df3c7becc700163d63eb9835001fce795f7f89ee0cdbd406b841ba6153d9f59c216bcc2f36071f",,"2024-06-05T08:40:00.000","30","NO CONTROLS","NO CONTROLS","CLEAR","DAYLIGHT","REAR END","ONE-WAY",,"STRAIGHT AND LEVEL","DRY","NO DEFECTS","NOT ON SCENE (DESK REPORT)","NO INJURY / DRIVE AWAY",,,,"OVER $1,500","2024-06-05T09:20:00.000","UNABLE TO DETERMINE","NOT APPLICABLE","5542","N","SPAULDING AVE","1712",,,,,,,"2","NO INDICATION OF INJURY","0","0","0","0","0","2","0","8","4","6","41.982496506","-87.711425488","POINT (-87.711425487999 41.982496506228)"
"6071caaf6785cdee4c3adb469f5faca8bd58cfa2851ded7a401f46665e0d99e2e287a8472f858ad61ae85eba56dc3de60bdcf1e96a4d49844e25c28340d97b01",,"2024-06-05T08:39:00.000","30","TRAFFIC SIGNAL","FUNCTIONING PROPERLY","CLEAR","DAYLIGHT","REAR END","NOT DIVIDED",,"STRAIGHT AND LEVEL","DRY","NO DEFECTS","NOT ON SCENE (DESK REPORT)","INJURY AND / OR TOW DUE TO CRASH",,,,"OVER $1,500","2024-06-05T08:50:00.000","FOLLOWING TOO CLOSELY","FOLLOWING TOO CLOSELY","6901","S","PULASKI RD","833",,,,,,,"2","REPORTED, NOT EVIDENT","1","0","0","0","1","1","0","8","4","6","41.767691883","-87.722337651","POINT (-87.72233765074 41.767691882839)"
"7c0fbe3408ab1a6bb2fb8279b7cdc316e875284dad9b62a0d691f84874d4fe3b89b83847d9e64b5c5507e2c1d4becaea6f9d972481661491ae6eb70a7b2679fb",,"2024-06-05T08:37:00.000","30","NO CONTROLS","NO CONTROLS","CLEAR","DAYLIGHT","PARKED MOTOR VEHICLE","ONE-WAY",,"STRAIGHT AND LEVEL","WET","NO DEFECTS","ON SCENE","NO INJURY / DRIVE AWAY",,,,"OVER $1,500","2024-06-05T08:38:00.000","UNABLE TO DETERMINE","NOT APPLICABLE","2461","N","GENEVA TER","1935",,,,,,,"2","NO INDICATION OF INJURY","0","0","0","0","0","1","0","8","4","6","41.927361294","-87.643886395","POINT (-87.643886394637 41.927361293714)"
"6376ea5672f5673afd18d672675224da118063bd0f3112eeb27fa2e55651d4ebfcb6c4e54660daddc5cc0e817dbcbaaba54e55089933a1b9e9c22b56ee2371ca",,"2024-06-05T08:35:00.000","30","NO CONTROLS","NO CONTROLS","CLEAR","DAYLIGHT","ANGLE","FOUR WAY",,"STRAIGHT AND LEVEL","WET","NO DEFECTS","ON SCENE","INJURY AND / OR TOW DUE TO CRASH","Y",,,"OVER $1,500","2024-06-05T08:45:00.000","DRIVING SKILLS/KNOWLEDGE/EXPERIENCE","IMPROPER OVERTAKING/PASSING","3459","N","CENTRAL AVE","1633",,,,,,,"2","NO INDICATION OF INJURY","0","0","0","0","0","3","0","8","4","6","41.94400802","-87.766545275","POINT (-87.766545274503 41.94400802007)"
"179d79b5f5dde8296a0231b1be16ed441f1cf183f0eff64c6fb34306d162569e9ae0e952d6ffb965c1e273a83adcebf8e3861d2d57e1a1ab0d9b6df9cf619e70",,"2024-06-05T08:30:00.000","30","NO CONTROLS","NO CONTROLS","CLEAR","DAYLIGHT","REAR END","NOT DIVIDED",,"STRAIGHT AND LEVEL","WET","NO DEFECTS","ON SCENE","NO INJURY / DRIVE AWAY",,,,"$500 OR LESS","2024-06-05T08:40:00.000","FOLLOWING TOO CLOSELY","NOT APPLICABLE","735","S","CICERO AVE","1131",,,,,,,"2","NO INDICATION OF INJURY","0","0","0","0","0","3","0","8","4","6","41.871197637","-87.744778751","POINT (-87.744778750737 41.871197636587)"
"a34cca97911904dfe07d90cb7efca6b9582b22f3b997ad890ae4cb6ceae76527c4e8772fb0b13c939ea5b3dbef33b9fe61ac7df24667f8854a7ace64af62e683","Y","2024-06-05T08:30:00.000","25","NO CONTROLS","NO CONTROLS","CLEAR","DAYLIGHT","FIXED OBJECT","NOT DIVIDED",,"STRAIGHT AND LEVEL","DRY","NO DEFECTS","NOT ON SCENE (DESK REPORT)","NO INJURY / DRIVE AWAY",,,,"OVER $1,500","2024-06-05T13:00:00.000","UNABLE TO DETERMINE","UNABLE TO DETERMINE","2650","S","CALIFORNIA AVE","1033",,,,,,,"2","NO INDICATION OF INJURY","0","0","0","0","0","1","0","8","4","6","41.84299599","-87.695309306","POINT (-87.695309305721 41.842995989593)"
"6a13ad60b9f674af2bd0c3bc4b648db7a27af94dfbeac00d05038e368d3134c581fe4ea332382a06e8ab274e2768fcb0e98334e54cb6aada9e887ada3b1e382e",,"2024-06-05T08:20:00.000","30","TRAFFIC SIGNAL","FUNCTIONING PROPERLY","CLEAR","DAYLIGHT","TURNING","NOT DIVIDED",,"STRAIGHT AND LEVEL","WET","NO DEFECTS","ON SCENE","NO INJURY / DRIVE AWAY",,,,"OVER $1,500","2024-06-05T08:22:00.000","IMPROPER BACKING","NOT APPLICABLE","3040","N","CLARK ST","1934",,,,,,,"2","NO INDICATION OF INJURY","0","0","0","0","0","2","0","8","4","6","41.937417319","-87.648795606","POINT (-87.648795606454 41.937417318549)"
"40d935cb773b1184fedc386a3be31ca69792bba298342cb9de2d54659b3a2fcce9d88afc10451ba727ae05caa877cce8a77542486a03dc2cc9c94a5df788bdc0",,"2024-06-05T08:17:00.000","30","OTHER WARNING SIGN","FUNCTIONING PROPERLY","CLOUDY/OVERCAST","DAYLIGHT","TURNING","FOUR WAY",,"STRAIGHT ON GRADE","DRY","NO DEFECTS","ON SCENE","INJURY AND / OR TOW DUE TO CRASH","Y",,,"OVER $1,500","2024-06-05T08:17:00.000","IMPROPER OVERTAKING/PASSING","DISREGARDING OTHER TRAFFIC SIGNS","4900","W","CHICAGO AVE","1531",,"Y",,,,,"2","REPORTED, NOT EVIDENT","3","0","0","0","3","0","0","8","4","6","41.895093615","-87.748381715","POINT (-87.748381714962 41.895093614751)"
"82de3a751e2d58636ca8c65856f20d5b33e35382d40d5e9973099058b6fca7ade8571673a9e253459144ba02e5f8b644ac7d6c9329c2b24ec85ba4718e2eaac2",,"2024-06-05T08:10:00.000","30","TRAFFIC SIGNAL","FUNCTIONING PROPERLY","CLEAR","DAYLIGHT","TURNING","DIVIDED - W/MEDIAN (NOT RAISED)",,"STRAIGHT AND LEVEL","DRY","NO DEFECTS","NOT ON SCENE (DESK REPORT)","NO INJURY / DRIVE AWAY",,,,"$501 - $1,500","2024-06-05T08:26:00.000","FAILING TO YIELD RIGHT-OF-WAY","NOT APPLICABLE","4003","W","ARMITAGE AVE","2534",,,,,,,"2","NO INDICATION OF INJURY","0","0","0","0","0","2","0","8","4","6","41.917054322","-87.726709036","POINT (-87.726709036002 41.917054322331)"
"8f2e975af575494edc7a1577e23a72714b73f8ea77bd7e09796d7a50164772130b95834f4a7a56080d47116c17005c22e228d16412632727491564a1756b5ac6",,"2024-06-05T08:07:00.000","30","TRAFFIC SIGNAL","FUNCTIONING PROPERLY","CLEAR","DAYLIGHT","REAR END","DIVIDED - W/MEDIAN (NOT RAISED)",,"STRAIGHT AND LEVEL","DRY","NO DEFECTS","ON SCENE","INJURY AND / OR TOW DUE TO CRASH",,,,"OVER $1,500","2024-06-05T08:08:00.000","DRIVING SKILLS/KNOWLEDGE/EXPERIENCE","NOT APPLICABLE","2816","N","LINCOLN AVE","1932",,,,,,,"4","REPORTED, NOT EVIDENT","2","0","0","0","2","2","0","8","4","6","41.932895473","-87.659395294","POINT (-87.65939529362 41.932895473271)"
"bfdbcc611c8265e9a4c1bc7637534573cbc5b0f9d0d2c8a8cb74a393fbf3a7731f3ac44b83cbdc556a5b23619517ab2ad6a9669f87828ad0a58c8e527b5f2b45",,"2024-06-05T08:01:00.000","30","TRAFFIC SIGNAL","FUNCTIONING IMPROPERLY","CLEAR","DAYLIGHT","ANGLE","FOUR WAY",,"STRAIGHT AND LEVEL","DRY","NO DEFECTS","ON SCENE","INJURY AND / OR TOW DUE TO CRASH","Y",,,"OVER $1,500","2024-06-05T08:03:00.000","FAILING TO YIELD RIGHT-OF-WAY","FAILING TO YIELD RIGHT-OF-WAY","9100","S","STONY ISLAND AVE","413",,,,,,,"2","NO INDICATION OF INJURY","0","0","0","0","0","2","0","8","4","6","41.729518128","-87.585636409","POINT (-87.585636408538 41.729518128388)"
"0b893a9aac90ceffb45ff891128de54101c57f29825e9e76cf8bbb46f873266edb2c6a7b4bd3c73261b3f5a5084f4ef262397dd49b8435c4693692a39b22c645",,"2024-06-05T08:00:00.000","30","NO CONTROLS","NO CONTROLS","CLEAR","DAYLIGHT","REAR END","NOT DIVIDED",,"STRAIGHT AND LEVEL","WET","NO DEFECTS","NOT ON SCENE (DESK REPORT)","NO INJURY / DRIVE AWAY",,,,"OVER $1,500","2024-06-05T09:30:00.000","UNABLE TO DETERMINE","UNABLE TO DETERMINE","5450","N","CENTRAL AVE","1622",,,,,,,"2","NO INDICATION OF INJURY","0","0","0","0","0","2","0","8","4","6","41.980805849","-87.768528213","POINT (-87.768528212555 41.980805849288)"
"397258dc0d5977d5d91dce76993aa079ddeb03437a33d21f7a808a437ca45e5803af81c43165fce9e096ade68fb03f35fae2a87273fd45898d73a30e16b8ee69",,"2024-06-05T08:00:00.000","30","NO CONTROLS","NO CONTROLS","CLEAR","DAYLIGHT","REAR END","NOT DIVIDED",,"STRAIGHT AND LEVEL","UNKNOWN","UNKNOWN","NOT ON SCENE (DESK REPORT)","NO INJURY / DRIVE AWAY",,,,"$501 - $1,500","2024-06-05T17:45:00.000","UNABLE TO DETERMINE","UNABLE TO DETERMINE","2898","W","ADDISON ST","1733",,,,,,,"2","NO INDICATION OF INJURY","0","0","0","0","0","2","0","8","4","6","41.946775463","-87.700423549","POINT (-87.700423548665 41.946775462536)"
"b0db0a9f2f5defc506f212db3f2db044e20e6e56cfe9bb2f1fa1a819b31363a596188ade83cbb612e7694d72ea16d6e36cab915d15bc8036141828629cb79b1b","Y","2024-06-05T08:00:00.000","35","NO CONTROLS","NO CONTROLS","RAIN","DAYLIGHT","PARKED MOTOR VEHICLE","NOT DIVIDED",,"STRAIGHT AND LEVEL","WET","NO DEFECTS","ON SCENE","NO INJURY / DRIVE AWAY",,,"Y","$501 - $1,500","2024-06-05T09:43:00.000","UNABLE TO DETERMINE","NOT APPLICABLE","350","W","107TH ST","512",,,,,,,"2","NO INDICATION OF INJURY","0","0","0","0","0","1","0","8","4","6","41.699867714","-87.632632538","POINT (-87.632632538126 41.699867713538)"
"c49643eaa883b5d7fa15b59f390e17251304b4b928fc462eb5818b365f206446fdd67ae50e1210932121a42f77dba092ac4ce228615c2891f1cd19c003337440",,"2024-06-05T08:00:00.000","25","TRAFFIC SIGNAL","FUNCTIONING PROPERLY","CLOUDY/OVERCAST","DAYLIGHT","TURNING","FOUR WAY",,"STRAIGHT AND LEVEL","DRY","NO DEFECTS","ON SCENE","NO INJURY / DRIVE AWAY","Y",,,"OVER $1,500","2024-06-05T08:05:00.000","UNABLE TO DETERMINE","NOT APPLICABLE","4000","N","CUMBERLAND AVE","1614",,,,,,,"2","NO INDICATION OF INJURY","0","0","0","0","0","3","0","8","4","6","41.952142587","-87.836814267","POINT (-87.836814266937 41.952142587107)"
"f4f4be320b88d974024207858851fcbf2d9998a54872726ec373660d436e693d16c3f351c8e33c17d188a6c237943d12dc7d9fd20ba5aa87d89f0da25a85f058",,"2024-06-05T07:55:00.000","30","TRAFFIC SIGNAL","FUNCTIONING PROPERLY","CLEAR","DAYLIGHT","TURNING","DIVIDED - W/MEDIAN (NOT RAISED)",,"STRAIGHT AND LEVEL","DRY","NO DEFECTS","ON SCENE","NO INJURY / DRIVE AWAY","Y",,,"$500 OR LESS","2024-06-05T08:04:00.000","UNABLE TO DETERMINE","NOT APPLICABLE","2000","W","74TH ST","735",,,,,,,"2","NO INDICATION OF INJURY","0","0","0","0","0","4","0","7","4","6","41.7594297","-87.673462167","POINT (-87.673462166772 41.759429700326)"
"ad246ea346c0f20a39e152332394afb7292177a8ea64ac667f099bc3f1c385d6d627e1908f2a04e66d98a0f370d481bc6f81c8884771fc73303f7f8350ee505f","N","2024-06-05T07:54:00.000","30","TRAFFIC SIGNAL","FUNCTIONING PROPERLY","CLEAR","DAYLIGHT","TURNING","FOUR WAY",,"STRAIGHT AND LEVEL","DRY","OTHER","ON SCENE","NO INJURY / DRIVE AWAY","Y",,,"OVER $1,500","2024-06-05T08:01:00.000","DRIVING SKILLS/KNOWLEDGE/EXPERIENCE","DRIVING SKILLS/KNOWLEDGE/EXPERIENCE","1159","N","PULASKI RD","1112",,,,,,,"2","NO INDICATION OF INJURY","0","0","0","0","0","2","0","7","4","6","41.902527823","-87.726151028","POINT (-87.726151027549 41.902527823105)"
"2316c6b86ed40da7aa6d0b8bc7a9c9bb2081917fed0bb5839ffa91f42c8b14366bda760440862890f3207079d5b4ade652fc08d7368a950368543c1b11b09000",,"2024-06-05T07:53:00.000","30","NO CONTROLS","NO CONTROLS","CLOUDY/OVERCAST","DAWN","ANGLE","DIVIDED - W/MEDIAN (NOT RAISED)",,"STRAIGHT AND LEVEL","DRY","NO DEFECTS","ON SCENE","INJURY AND / OR TOW DUE TO CRASH",,,"Y","OVER $1,500","2024-06-05T07:53:00.000","NOT APPLICABLE","NOT APPLICABLE","2301","S","ASHLAND AVE","1235",,,,,,,"2","NO INDICATION OF INJURY","0","0","0","0","0","2","0","7","4","6","41.850235296","-87.665864157","POINT (-87.665864156849 41.850235296181)"
"d4ef71c958acd10659fc95ac100b037bfedf2318ffc9144e1712bee1839f45b5eb3724662646fa55bb48065b2bd69c0d8ed422cf3280725263cd499855c59d70",,"2024-06-05T07:50:00.000","20","STOP SIGN/FLASHER","FUNCTIONING PROPERLY","CLEAR","DAYLIGHT","ANGLE","NOT DIVIDED",,"STRAIGHT AND LEVEL","DRY","NO DEFECTS","NOT ON SCENE (DESK REPORT)","NO INJURY / DRIVE AWAY",,,,"OVER $1,500","2024-06-05T11:50:00.000","UNABLE TO DETERMINE","UNABLE TO DETERMINE","5500","S","SAWYER AVE","822",,,,,,,"2","NO INDICATION OF INJURY","0","0","0","0","0","2","0","7","4","6","41.79340166","-87.704924165","POINT (-87.704924165261 41.793401659626)"
"16497fca040309e51dc662853797cd03d1a26809273296cfca569465a660c0b155fa687bf99c15058f4cf8fa853a3e9ec2044bd7ab0996932d3d3aa5cae99efd",,"2024-06-05T07:45:00.000","30","TRAFFIC SIGNAL","FUNCTIONING PROPERLY","UNKNOWN","UNKNOWN","SIDESWIPE SAME DIRECTION","NOT DIVIDED",,"STRAIGHT AND LEVEL","UNKNOWN","UNKNOWN","NOT ON SCENE (DESK REPORT)","NO INJURY / DRIVE AWAY",,,"Y","$501 - $1,500","2024-06-05T08:25:00.000","UNABLE TO DETERMINE","UNABLE TO DETERMINE","5005","S","ARCHER AVE","815",,,,,,,"2","NO INDICATION OF INJURY","0","0","0","0","0","4","0","7","4","6","41.802076679","-87.723586162","POINT (-87.723586162199 41.802076678743)"
"3ca73a51c021c884070022f7993e00db8423b94af5f26679c2a3f09c92d16299ef3c7389d68178105f1d7a6f1268f80ca3f80ead2e151b5669ca44534878b01c",,"2024-06-05T07:45:00.000","30","NO CONTROLS","NO CONTROLS","CLEAR","DAYLIGHT","REAR END","NOT DIVIDED",,"STRAIGHT AND LEVEL","DRY","NO DEFECTS","ON SCENE","INJURY AND / OR TOW DUE TO CRASH",,,,"$500 OR LESS","2024-06-05T08:00:00.000","FOLLOWING TOO CLOSELY","UNABLE TO DETERMINE","3551","N","KIMBALL AVE","1733",,,,,,,"2","REPORTED, NOT EVIDENT","1","0","0","0","1","1","0","7","4","6","41.946215911","-87.71255621","POINT (-87.712556210019 41.946215911177)"
"341dd2e8a070730801c283a188fae4226b20ca9e4f0242f605c2951caabf54facfde5980714d03a7e452dca75d7b66b6ecda712bae70e75c5fbc943b30fa6827",,"2024-06-05T07:25:00.000","25","NO CONTROLS","NO CONTROLS","CLEAR","DAYLIGHT","PARKED MOTOR VEHICLE","NOT DIVIDED",,"STRAIGHT AND LEVEL","DRY","NO DEFECTS","ON SCENE","INJURY AND / OR TOW DUE TO CRASH",,,"Y","$500 OR LESS","2024-06-05T07:32:00.000","NOT APPLICABLE","NOT APPLICABLE","7453","N","WASHTENAW AVE","2411",,,,,,,"2","NO INDICATION OF INJURY","0","0","0","0","0","1","0","7","4","6","42.017330683","-87.697117122","POINT (-87.697117122168 42.017330683181)"