"crash_record_id","crash_date_est_i","crash_date","posted_speed_limit","traffic_control_device","device_condition","weather_condition","lighting_condition","first_crash_type","trafficway_type","lane_cnt","alignment","roadway_surface_cond","road_defect","report_type","crash_type","intersection_related_i","private_property_i","hit_and_run_i","damage","date_police_notified","prim_contributory_cause","sec_contributory_cause","street_no","street_direction","street_name","beat_of_occurrence","photos_taken_i","statements_taken_i","dooring_i","work_zone_i","work_zone_type","workers_present_i","num_units","most_severe_injury","injuries_total","injuries_fatal","injuries_incapacitating","injuries_non_incapacitating","injuries_reported_not_evident","injuries_no_indication","injuries_unknown","crash_hour","crash_day_of_week","crash_month","latitude","longitude","location"
"77d46546e7afcf5e6244b2a718344acee7778811bc840202aa9a49079948a9780086860fe8f463a4819ba69ed177e5a35f1de39bf339a2ac880313df36126ccf","Y","2024-06-05T07:15:00.000","30","NO CONTROLS","NO CONTROLS","CLOUDY/OVERCAST","DAYLIGHT","ANGLE","NOT DIVIDED",,"STRAIGHT AND LEVEL","DRY","NO DEFECTS","ON SCENE","NO INJURY / DRIVE AWAY",,,,"$501 - $1,500","2024-06-05T07:18:00.000","FAILING TO YIELD RIGHT-OF-WAY","DRIVING SKILLS/KNOWLEDGE/EXPERIENCE","1357","S","BLUE ISLAND AVE","1232",,,,,,,"2","NO INDICATION OF INJURY","0","0","0","0","0","3","0","7","4","6","41.863950232","-87.655789919","POINT (-87.655789919178 41.863950232399)"
"78bbf69860b64f782d83ca0951b7cbb270c4f7856e2a53ac814e2764f08d602d58a711f5675bee927b5fe0314c49d46ce62b3d76347031220588853d37b2116c",,"2024-06-05T07:15:00.000","30","TRAFFIC SIGNAL","UNKNOWN","CLEAR","DAYLIGHT","REAR END","NOT DIVIDED",,"STRAIGHT AND LEVEL","DRY","UNKNOWN","NOT ON SCENE (DESK REPORT)","NO INJURY / DRIVE AWAY",,,,"OVER $1,500","2024-06-05T16:10:00.000","FOLLOWING TOO CLOSELY","FOLLOWING TOO CLOSELY","12700","S","LOWE AVE","523",,,,,,,"2","NO INDICATION OF INJURY","0","0","0","0","0","2","0","7","4","6","41.663275503","-87.637959977","POINT (-87.637959976755 41.663275502901)"
"a072f0a69d8770edc0909bae904e347c2c5e5fbc9fff8c5c8dd304fb6604783eea9bfaa81ddc5123145bb1940cc656216f6e3b6e6f31817b624cdcee0a448a47",,"2024-06-05T07:15:00.000","30","STOP SIGN/FLASHER","FUNCTIONING IMPROPERLY","CLEAR","DAYLIGHT","TURNING","T-INTERSECTION",,"STRAIGHT AND LEVEL","DRY","NO DEFECTS","NOT ON SCENE (DESK REPORT)","NO INJURY / DRIVE AWAY","Y",,,"$501 - $1,500","2024-06-05T07:15:00.000","IMPROPER TURNING/NO SIGNAL","FAILING TO REDUCE SPEED TO AVOID CRASH","200","W","SCOTT ST","1821",,,,,,,"2","NO INDICATION OF INJURY","0","0","0","0","0","2","0","7","4","6","41.905057795","-87.634634328","POINT (-87.634634328188 41.905057794783)"
"5739b554be0fb21bc0273098516cf5d1b2c81f4e489230813a5de4f908f2b14feb3fb2d2807e7125494cac7df9b953d9d2a0b89e146d042563ff2d693c284ea9",,"2024-06-05T07:10:00.000","30","NO CONTROLS","NO CONTROLS","CLEAR","DAYLIGHT","REAR TO FRONT","NOT DIVIDED",,"STRAIGHT AND LEVEL","DRY","NO DEFECTS","ON SCENE","NO INJURY / DRIVE AWAY",,,,"OVER $1,500","2024-06-05T08:00:00.000","UNABLE TO DETERMINE","UNABLE TO DETERMINE","4750","W","FIFTH AVE","1131",,,,,,,"2","NO INDICATION OF INJURY","0","0","0","0","0","2","0","7","4","6","41.868660769","-87.744428958","POINT (-87.744428958338 41.868660769171)"
"b456dd32b717d94e156b11b15bfdf0f5a258f15cd9df780041441c7021bcf31a37dea7fdeaf740a09489c79be7f8c4f340c3fb4912270fe9a9a82931044ed999",,"2024-06-05T07:00:00.000","30","TRAFFIC SIGNAL","FUNCTIONING PROPERLY","CLEAR","DAYLIGHT","REAR END","ONE-WAY",,"STRAIGHT AND LEVEL","DRY","NO DEFECTS","NOT ON SCENE (DESK REPORT)","NO INJURY / DRIVE AWAY","Y",,"Y","$501 - $1,500","2024-06-05T17:00:00.000","UNABLE TO DETERMINE","NOT APPLICABLE","800","W","98TH PL","2223",,,,,,,"2","NO INDICATION OF INJURY","0","0","0","0","0","3","0","7","4","6","41.715221236","-87.643105271","POINT (-87.643105270846 41.715221236147)"
"f9a2560a693b0a1dee78258ccee73211a89a801a1c909568bfa037376a39066a446b14272ad95ea772ac49ce4238f22da8188dc3d9a27ec0fb7c0ffe1f3f6db3",,"2024-06-05T07:00:00.000","30","NO CONTROLS","NO CONTROLS","CLEAR","DAYLIGHT","REAR END","NOT DIVIDED",,"STRAIGHT AND LEVEL","DRY","NO DEFECTS","NOT ON SCENE (DESK REPORT)","NO INJURY / DRIVE AWAY",,,"Y","$500 OR LESS","2024-06-05T07:30:00.000","FOLLOWING TOO CLOSELY","UNABLE TO DETERMINE","5301","S","CICERO AVE","815",,,,,,,"2","NO INDICATION OF INJURY","0","0","0","0","0","2","0","7","4","6","41.796613373","-87.742710809","POINT (-87.742710808662 41.796613372603)"
"19802d269c3dc4b74cb0571a830f26a1ec16a80a8b1d4640d00ca6176ce483912982f72de907b1e7144efb8d2461f7610324982a7a6807b333cfc083a4f7c284",,"2024-06-05T06:53:00.000","30","NO CONTROLS","NO CONTROLS","CLEAR","DAYLIGHT","FIXED OBJECT","DIVIDED - W/MEDIAN BARRIER",,"STRAIGHT AND LEVEL","DRY","NO DEFECTS","ON SCENE","NO INJURY / DRIVE AWAY",,,"Y","OVER $1,500","2024-06-05T06:56:00.000","UNABLE TO DETERMINE","NOT APPLICABLE","5100","S","PULASKI RD","815",,,,,,,"1","NO INDICATION OF INJURY","0","0","0","0","0","1","0","6","4","6","41.800527702","-87.723519275","POINT (-87.723519274799 41.80052770213)"
"bae1977fa01136a31c19a84bedd3bff0da98d12c37016e6010a9569d2bee4fcba5b8a049b1e3c7366f678a91473186a131cc617c2551691af811689ec5f51986",,"2024-06-05T06:48:00.000","30","NO CONTROLS","NO CONTROLS","CLEAR","DAYLIGHT","PEDESTRIAN","NOT DIVIDED",,"STRAIGHT AND LEVEL","WET","NO DEFECTS","NOT ON SCENE (DESK REPORT)","NO INJURY / DRIVE AWAY",,,,"$500 OR LESS","2024-06-05T07:20:00.000","UNABLE TO DETERMINE","UNABLE TO DETERMINE","7700","S","SOUTH SHORE DR","421",,,,,,,"2","NO INDICATION OF INJURY","0","0","0","0","0","2","0","6","4","6","41.756915177","-87.553534773","POINT (-87.553534773022 41.756915177471)"
"18d860dd3de862b1f3f39300e1ebd952850751d59a501cfc47a75f6326a6fb1c90b1d7dd7dc1e7b1b83ac5d7862cd942450f28273e7319a6d631e624cc025e86",,"2024-06-05T06:46:00.000","30","NO CONTROLS","NO CONTROLS","CLEAR","DAYLIGHT","TURNING","FOUR WAY",,"STRAIGHT AND LEVEL","DRY","NO DEFECTS","ON SCENE","INJURY AND / OR TOW DUE TO CRASH",,,,"OVER $1,500","2024-06-05T07:08:00.000","FAILING TO REDUCE SPEED TO AVOID CRASH","IMPROPER TURNING/NO SIGNAL","5336","N","WESTERN AVE","2011",,,,,,,"2","NO INDICATION OF INJURY","0","0","0","0","0","2","0","6","4","6","41.978810139","-87.689411352","POINT (-87.689411352478 41.978810138845)"
"7709485805b0840f30bf0cdccdc867e3b82dd591816bc56c8457be934d228aa696e09cdef64d1d827309d2d83445327effba656df6cb8e1cf2f4ef2ae57ba0a8",,"2024-06-05T06:45:00.000","30","TRAFFIC SIGNAL","FUNCTIONING PROPERLY","CLEAR","DUSK","SIDESWIPE SAME DIRECTION","DIVIDED - W/MEDIAN (NOT RAISED)",,"STRAIGHT AND LEVEL","WET","NO DEFECTS","ON SCENE","NO INJURY / DRIVE AWAY",,,"Y","$501 - $1,500","2024-06-05T06:56:00.000","IMPROPER OVERTAKING/PASSING","NOT APPLICABLE","6501","S","CICERO AVE","833",,,,,,,"2","NO INDICATION OF INJURY","0","0","0","0","0","2","0","6","4","6","41.774694542","-87.742013301","POINT (-87.742013300808 41.774694541589)"
"0e85ea7a82cb31c7be95c1abe5eebf4319c400e37acbcc8b5f90c0f31879799cbdf30219755082923272f9866120e8bfe146adfed9018ae181977587946a69d7",,"2024-06-05T06:02:00.000","30","NO CONTROLS","NO CONTROLS","CLEAR","DAYLIGHT","SIDESWIPE SAME DIRECTION","DIVIDED - W/MEDIAN (NOT RAISED)",,"STRAIGHT AND LEVEL","DRY","NO DEFECTS","NOT ON SCENE (DESK REPORT)","NO INJURY / DRIVE AWAY",,,"Y","OVER $1,500","2024-06-05T06:44:00.000","UNABLE TO DETERMINE","NOT APPLICABLE","6400","S","STONY ISLAND AVE","314",,,,,,,"2","NO INDICATION OF INJURY","0","0","0","0","0","2","0","6","4","6","41.778677456","-87.586564207","POINT (-87.586564206768 41.778677456358)"
"12227a0775832ed3c1746e15b988526dbe92d874fbd151d9ab2a279302698a69bc0475e77798b23c8518e4ab8b4c5bf36745dbc470e71dcc906d20aea9c88f7a","Y","2024-06-05T06:00:00.000","30","NO CONTROLS","NO CONTROLS","CLOUDY/OVERCAST","DAYLIGHT","PARKED MOTOR VEHICLE","PARKING LOT",,"STRAIGHT AND LEVEL","DRY","NO DEFECTS","ON SCENE","NO INJURY / DRIVE AWAY",,,"Y","OVER $1,500","2024-06-05T09:45:00.000","UNABLE TO DETERMINE","UNABLE TO DETERMINE","1653","W","CONGRESS PKWY","1231",,,,,,,"2","NO INDICATION OF INJURY","0","0","0","0","0","1","0","6","4","6","41.875033341","-87.668753001","POINT (-87.668753001303 41.875033341441)"
"16a3b5f8606db4512d7e4cc79c75d2c90746cefb8e1b88e5971931881c5e1a4819df66b2c9c4229780a80a5f8ef1f8a0d51bc8c4eeed8c77d31d5d4319b020bd","Y","2024-06-05T06:00:00.000","30","NO CONTROLS","NO CONTROLS","UNKNOWN","UNKNOWN","SIDESWIPE SAME DIRECTION","NOT DIVIDED",,"STRAIGHT AND LEVEL","UNKNOWN","NO DEFECTS","ON SCENE","INJURY AND / OR TOW DUE TO CRASH",,,"Y","OVER $1,500","2024-06-05T07:15:00.000","UNABLE TO DETERMINE","UNABLE TO DETERMINE","7000","S","PULASKI RD","833",,,,,,,"2","NO INDICATION OF INJURY","0","0","0","0","0","2","0","6","4","6","41.765881286","-87.722587158","POINT (-87.722587157729 41.76588128582)"
"21cbd5410c5552c379d961d1227102c6805a0f66cbab3cf1340f8a9ab0474561af47a39a028b909ad1c5c9786d6306186176f5d8b1d7ce93c3b4cebeb68ab694",,"2024-06-05T06:00:00.000","30","NO CONTROLS","NO CONTROLS","RAIN","DARKNESS, LIGHTED ROAD","PARKED MOTOR VEHICLE","ONE-WAY",,"STRAIGHT AND LEVEL","WET","NO DEFECTS","ON SCENE","NO INJURY / DRIVE AWAY",,,"Y","OVER $1,500","2024-06-05T07:35:00.000","UNABLE TO DETERMINE","UNABLE TO DETERMINE","4332","W","LEXINGTON ST","1131",,,,,,,"2","NO INDICATION OF INJURY","0","0","0","0","0","1","0","6","4","6","41.871678075","-87.734050274","POINT (-87.734050274149 41.871678074679)"
"d795cad73e6ab9fa3efced4d997921fd787282731dafe9d9d39c2688430ffa51f4544d857725dd9d73d59a28388d54b38a232f189af371484cd7325d2c2a0dad",,"2024-06-05T05:55:00.000","30","STOP SIGN/FLASHER","FUNCTIONING PROPERLY","CLEAR","DAYLIGHT","ANGLE","NOT DIVIDED",,"STRAIGHT AND LEVEL","DRY","NO DEFECTS","ON SCENE","INJURY AND / OR TOW DUE TO CRASH","Y",,,"OVER $1,500","2024-06-05T06:00:00.000","FAILING TO YIELD RIGHT-OF-WAY","NOT APPLICABLE","2501","S","WESTERN AVE","1034",,,,,,,"3","NO INDICATION OF INJURY","0","0","0","0","0","2","0","5","4","6","41.846499657","-87.685340696","POINT (-87.68534069617 41.846499656885)"
"2becc943f94e7a735e1a8451086c65c81b88685bf83a29e38bc0c1840db74b8f5703f15699f2afcd8b60b748e9f7aa028eb4f5994997c23cf138b3440418da84",,"2024-06-05T05:50:00.000","10","NO CONTROLS","NO CONTROLS","CLEAR","DAWN","PARKED MOTOR VEHICLE","PARKING LOT",,"STRAIGHT AND LEVEL","WET","NO DEFECTS","ON SCENE","INJURY AND / OR TOW DUE TO CRASH",,"Y",,"OVER $1,500","2024-06-05T05:56:00.000","VISION OBSCURED (SIGNS, TREE LIMBS, BUILDINGS, ETC.)","UNABLE TO DETERMINE","1753","N","MILWAUKEE AVE","1434",,,,,,,"2","NO INDICATION OF INJURY","0","0","0","0","0","1","0","5","4","6","41.913342468","-87.681822481","POINT (-87.681822480813 41.913342468232)"
"32e3e7308b456edafd45d9b0e09ec945a52a70481eff98f284c8bd7f0bf67e52fc224404026d5d2c1cf08aef952d5ab499a8bbed45341c7304755445553213f4","Y","2024-06-05T05:45:00.000","20","TRAFFIC SIGNAL","FUNCTIONING PROPERLY","CLEAR","DAYLIGHT","REAR END","DIVIDED - W/MEDIAN (NOT RAISED)",,"STRAIGHT AND LEVEL","WET","NO DEFECTS","NOT ON SCENE (DESK REPORT)","NO INJURY / DRIVE AWAY",,,,"OVER $1,500","2024-06-05T06:30:00.000","UNABLE TO DETERMINE","NOT APPLICABLE","431","N","AUSTIN BLVD","1512",,,,,,,"2","NO INDICATION OF INJURY","0","0","0","0","0","2","0","5","4","6","41.887993114","-87.774762832","POINT (-87.774762831621 41.887993114473)"
"b11e502c5b8975b4db52405c5929ac6320e3a6b5e17acaca199d8d3ff1a1e02e078598e5f76b1ecca06e046e91c692ac0ac81ab46e553fbc289521cdcc8f8fbd",,"2024-06-05T05:35:00.000","30","UNKNOWN","UNKNOWN","CLEAR","DAWN","FIXED OBJECT","NOT DIVIDED",,"STRAIGHT AND LEVEL","WET","UNKNOWN","ON SCENE","INJURY AND / OR TOW DUE TO CRASH",,,,"OVER $1,500","2024-06-05T05:37:00.000","UNABLE TO DETERMINE","UNABLE TO DETERMINE","10100","S","WOODLAWN AVE","511",,,,,,,"1","NONINCAPACITATING INJURY","1","0","0","1","0","0","0","5","4","6","41.710861463","-87.593258067","POINT (-87.593258066663 41.710861463094)"
"9cccdada5ca8ceefaf214ea91554cd58f72d058f417b3e042a6501175e65ebc65483979ff12693eb53e0d397ef7c0f533596f64583b320262b22cb335ddeb79d",,"2024-06-05T05:10:00.000","40","NO CONTROLS","NO CONTROLS","CLEAR","DAYLIGHT","SIDESWIPE SAME DIRECTION","DIVIDED - W/MEDIAN BARRIER",,"STRAIGHT AND LEVEL","DRY","NO DEFECTS","NOT ON SCENE (DESK REPORT)","NO INJURY / DRIVE AWAY",,,,"$501 - $1,500","2024-06-05T06:00:00.000","UNABLE TO DETERMINE","UNABLE TO DETERMINE","1200","N","LAKE SHORE DR","1824",,,,,,,"2","NO INDICATION OF INJURY","0","0","0","0","0","2","0","5","4","6","41.904022359","-87.625160424","POINT (-87.625160424397 41.90402235915)"
"9a2253977ca2bebda34027e5fd24f9d2549db5be4a6992f497bd04f327e1250a96491dad4d22d12137ee737cfe13507d7e0971e03c92a86e59594c72b91cbc1b","Y","2024-06-05T05:00:00.000","35","NO CONTROLS","NO CONTROLS","RAIN","DAYLIGHT","PARKED MOTOR VEHICLE","NOT DIVIDED",,"STRAIGHT AND LEVEL","WET","NO DEFECTS","ON SCENE","NO INJURY / DRIVE AWAY",,,"Y","OVER $1,500","2024-06-05T08:00:00.000","WEATHER","UNABLE TO DETERMINE","2802","W","57TH ST","824",,,,,,,"2","NO INDICATION OF INJURY","0","0","0","0","0","1","0","5","4","6","41.790155408","-87.693852938","POINT (-87.693852938041 41.790155407937)"
"680bd5a60746d476ced075d2869e73de7b94ce7e8dadd433a2cb33ba21a210d142c20f5e617d41b334e1b1af60a338ad3238e2bdeb3b27a88337b280d5ea575d",,"2024-06-05T04:30:00.000","30","NO CONTROLS","NO CONTROLS","CLEAR","DARKNESS","PARKED MOTOR VEHICLE","NOT DIVIDED",,"STRAIGHT AND LEVEL","DRY","NO DEFECTS","NOT ON SCENE (DESK REPORT)","NO INJURY / DRIVE AWAY",,,"Y","OVER $1,500","2024-06-05T17:00:00.000","FOLLOWING TOO CLOSELY","UNABLE TO DETERMINE","1825","W","VAN BUREN ST","1225",,,,,,,"2","NO INDICATION OF INJURY","0","0","0","0","0","1","0","4","4","6","41.876149257","-87.672641406","POINT (-87.672641405671 41.876149256704)"
"6245365b48637b5c31360c7bd800880a38dfaf73bbd30385b842bb1c4af4bbb3635e2ce8bd9e820dc69ae657b6a2908026038bafdcdf4b69d1e7cfa9af9e2ce3",,"2024-06-05T04:15:00.000","30","TRAFFIC SIGNAL","FUNCTIONING PROPERLY","RAIN","DARKNESS, LIGHTED ROAD","ANGLE","DIVIDED - W/MEDIAN (NOT RAISED)",,"STRAIGHT AND LEVEL","WET","UNKNOWN","ON SCENE","INJURY AND / OR TOW DUE TO CRASH","Y",,,"OVER $1,500","2024-06-05T04:15:00.000","UNABLE TO DETERMINE","UNABLE TO DETERMINE","4","E","87TH ST","632",,,,,,,"2","NONINCAPACITATING INJURY","1","0","0","1","0","1","0","4","4","6","41.736412864","-87.624004577","POINT (-87.624004577086 41.736412863726)"
"01981249278dc342a2265909df8377f0b5a1fd54e9003d005c3f4e47526f69f2fa201b0f3d293bc18cee38f95403a393aaf5717dc3ecca2df58395741224465d","N","2024-06-05T03:00:00.000","30","NO CONTROLS","NO CONTROLS","CLEAR","DAWN","PARKED MOTOR VEHICLE","ONE-WAY",,"STRAIGHT AND LEVEL","DRY","NO DEFECTS","ON SCENE","NO INJURY / DRIVE AWAY",,,"Y","OVER $1,500","2024-06-05T16:31:00.000","IMPROPER BACKING","NOT APPLICABLE","5528","W","HENDERSON ST","1633",,,,,,,"2","NO INDICATION OF INJURY","0","0","0","0","0","1","0","3","4","6","41.941440899","-87.765333325","POINT (-87.765333325197 41.941440898966)"
"6b426c70a4fb238aaee47fa759fa2b4175f338146703edfbaea97d820f58994c7f65a97cd2f41ae31a575e8f6927abaf382c8be2c54d84d7815dd05ca8d2a6e6",,"2024-06-05T03:00:00.000","35","TRAFFIC SIGNAL","FUNCTIONING PROPERLY","CLEAR","DARKNESS, LIGHTED ROAD","ANGLE","NOT DIVIDED",,"STRAIGHT AND LEVEL","DRY","NO DEFECTS","ON SCENE","NO INJURY / DRIVE AWAY","Y",,"Y","OVER $1,500","2024-06-05T13:17:00.000","UNABLE TO DETERMINE","UNABLE TO DETERMINE","5800","S","MICHIGAN AVE","232",,,,,,,"2","NO INDICATION OF INJURY","0","0","0","0","0","2","0","3","4","6","41.789147719","-87.622472361","POINT (-87.622472361425 41.789147719083)"
"93b9337e78ce509f1c3792fa9f8415dc93c7bd05a2b7b2a5a8e86857433488acbdbb50df97f68af39ad9367d44fe6efee6c1109d67901bfb393bebb2e325779e",,"2024-06-05T02:40:00.000","30","NO CONTROLS","NO CONTROLS","CLEAR","DARKNESS, LIGHTED ROAD","REAR TO FRONT","NOT DIVIDED",,"STRAIGHT AND LEVEL","DRY","NO DEFECTS","NOT ON SCENE (DESK REPORT)","NO INJURY / DRIVE AWAY",,,"Y","OVER $1,500","2024-06-05T16:35:00.000","IMPROPER BACKING","NOT APPLICABLE","125","W","47TH ST","224",,,,,,,"2","NO INDICATION OF INJURY","0","0","0","0","0","2","0","2","4","6","41.809075121","-87.629220321","POINT (-87.629220320759 41.809075121169)"
"c43678144b2f17f95c83495897e54834e79043a3f52eb4ea11116971a2e593b285594d634ddd52c777caec41f30a6c9de7c74e74ab555d2f4cc6cf5f476d0ece","Y","2024-06-05T02:36:00.000","30","NO CONTROLS","NO CONTROLS","RAIN","DARKNESS, LIGHTED ROAD","PARKED MOTOR VEHICLE","PARKING LOT",,"STRAIGHT AND LEVEL","WET","NO DEFECTS","ON SCENE","NO INJURY / DRIVE AWAY",,,,"$500 OR LESS","2024-06-05T02:36:00.000","UNABLE TO DETERMINE","UNABLE TO DETERMINE","4359","N","PULASKI RD","1723","Y",,,,,,"2","NO INDICATION OF INJURY","0","0","0","0","0","4","0","2","4","6","41.960882514","-87.727679242","POINT (-87.727679241979 41.960882513674)"
"82e5748bf9dc3f0ac2803abd85acb668e29a548366cb31f76d8390345911c5657bb5bf15f18edfb0fdbd5da81e8b2e61fdc3341f38e582c65a89417710a22d03",,"2024-06-05T01:53:00.000","30","NO CONTROLS","NO CONTROLS","RAIN","DARKNESS, LIGHTED ROAD","PARKED MOTOR VEHICLE","NOT DIVIDED",,"STRAIGHT AND LEVEL","WET","NO DEFECTS","ON SCENE","NO INJURY / DRIVE AWAY",,,"Y","OVER $1,500","2024-06-05T03:00:00.000","IMPROPER BACKING","UNABLE TO DETERMINE","6120","W","BRYN MAWR AVE","1622",,,,,,,"2","NO INDICATION OF INJURY","0","0","0","0","0","1","0","1","4","6","41.983014277","-87.781351291","POINT (-87.781351291373 41.983014276619)"
"fb40728dfde43fa016481f52bcd174576588e7359a89a3e10deb7295d887cf91252454d273ffc2b3a8eebc57aa73cf6b77c800fec4be34ca011c7e2fae963525",,"2024-06-05T00:51:00.000","30","TRAFFIC SIGNAL","FUNCTIONING PROPERLY","RAIN","DARKNESS, LIGHTED ROAD","ANGLE","DIVIDED - W/MEDIAN (NOT RAISED)",,"STRAIGHT AND LEVEL","WET","NO DEFECTS","ON SCENE","INJURY AND / OR TOW DUE TO CRASH","Y",,"Y","OVER $1,500","2024-06-05T00:54:00.000","FAILING TO YIELD RIGHT-OF-WAY","FAILING TO REDUCE SPEED TO AVOID CRASH","2801","W","FULLERTON AVE","1414",,,,,,,"2","REPORTED, NOT EVIDENT","1","0","0","0","1","2","0","0","4","6","41.924696904","-87.697471842","POINT (-87.697471842296 41.924696904233)"
"a3d54de05683cf6b535ef8026ee9f25a9f13418bad74c0ab4d1707926bab7b67277b75fea5f45dd4d030216a6d0cb61f7b7d06032eb39b445e6b2ee2c7b0ed1a",,"2024-06-05T00:42:00.000","30","TRAFFIC SIGNAL","FUNCTIONING PROPERLY","RAIN","DARKNESS, LIGHTED ROAD","FIXED OBJECT","FOUR WAY",,"STRAIGHT AND LEVEL","WET","NO DEFECTS","ON SCENE","INJURY AND / OR TOW DUE TO CRASH","Y",,,"OVER $1,500","2024-06-05T00:42:00.000","IMPROPER LANE USAGE","NOT APPLICABLE","5509","N","HARLEM AVE","1613",,,,,,,"1","REPORTED, NOT EVIDENT","1","0","0","0","1","0","0","0","4","6","41.98139132","-87.80679539","POINT (-87.806795390421 41.981391320426)"
"040f898dfec7672aaa7c7a55e2dad231ba412d6d3a15350c49282c3deb0baa2e34be66d7af66c8c98d64a9a2c3f0e164ac752c81579669686e1e02cbd14e22d8",,"2024-06-05T00:20:00.000","30","NO CONTROLS","NO CONTROLS","RAIN","DARKNESS, LIGHTED ROAD","PARKED MOTOR VEHICLE","DIVIDED - W/MEDIAN (NOT RAISED)",,"STRAIGHT AND LEVEL","WET","NO DEFECTS","ON SCENE","NO INJURY / DRIVE AWAY",,,"Y","OVER $1,500","2024-06-05T00:20:00.000","IMPROPER BACKING","NOT APPLICABLE","4448","W","AUGUSTA BLVD","1111",,"Y",,,,,"2","NO INDICATION OF INJURY","0","0","0","0","0","1","0","0","4","6","41.898937631","-87.73800344","POINT (-87.73800344042 41.898937630866)"
"c8f73ea28142cebf8d3b79a7daa412d4fd3fa3f0c0e8cc36745095064ea7eac1960c55e7292722071671cfc5702c382b134952a4d1168a4fba5d70588875888b",,"2024-06-05T00:20:00.000","30","TRAFFIC SIGNAL","FUNCTIONING PROPERLY","RAIN","DARKNESS, LIGHTED ROAD","REAR END","NOT DIVIDED",,"STRAIGHT AND LEVEL","WET","UNKNOWN","ON SCENE","INJURY AND / OR TOW DUE TO CRASH","Y",,,"OVER $1,500","2024-06-05T00:48:00.000","DISTRACTION - OTHER ELECTRONIC DEVICE (NAVIGATION DEVICE, DVD PLAYER, ETC.)","NOT APPLICABLE","5453","N","CUMBERLAND AVE","1614",,,,,,,"2","NO INDICATION OF INJURY","0","0","0","0","0","2","0","0","4","6","41.979073613","-87.836438568","POINT (-87.83643856806 41.97907361317)"
"2128edf3aa261c591e67dda136f97c5eb70868e4c179007a84abd48c0ff659ca439a1199b365c6699b3488daa8a5c6d24de7bd552e1589f36b921e9445b0883b",,"2024-06-05T00:10:00.000","15","NO CONTROLS","NO CONTROLS","RAIN","DARKNESS, LIGHTED ROAD","REAR TO SIDE","PARKING LOT",,"STRAIGHT ON GRADE","WET","NO DEFECTS","ON SCENE","INJURY AND / OR TOW DUE TO CRASH",,,"Y","$501 - $1,500","2024-06-05T00:28:00.000","UNABLE TO DETERMINE","NOT APPLICABLE","1554","N","LARRABEE ST","1822",,,,,,,"2","REPORTED, NOT EVIDENT","1","0","0","0","1","1","0","0","4","6","41.910865527","-87.643572788","POINT (-87.643572788323 41.91086552675)"
"402bd51d66e607b833146c9500e4c0356578790d759e2927e0975ffd5fb3d5c5de80fef2d2ed3d299bc0d70edce88b51e3ab5866b129e489e57429a23eb8f3a2",,"2024-06-05T00:01:00.000","30","TRAFFIC SIGNAL","FUNCTIONING PROPERLY","RAIN","DARKNESS","ANGLE","FOUR WAY",,"STRAIGHT AND LEVEL","WET","UNKNOWN","ON SCENE","INJURY AND / OR TOW DUE TO CRASH","Y",,"Y","OVER $1,500","2024-06-05T00:03:00.000","UNDER THE INFLUENCE OF ALCOHOL/DRUGS (USE WHEN ARREST IS EFFECTED)","FAILING TO REDUCE SPEED TO AVOID CRASH","3000","W","MADISON ST","1222","N","N",,,,,"2","NONINCAPACITATING INJURY","1","0","0","1","0","4","0","0","4","6","41.881135134","-87.701250913","POINT (-87.701250913492 41.881135134187)"
"bc64ab00b93b6902bbba990768697355c70cce424e98476594377d4435921cbf1e9d2cede9cef60c0944cc9773e66a45770330a20eb02ae3bbaade46022bf6db","Y","2024-06-05T00:01:00.000","30","UNKNOWN","UNKNOWN","RAIN","DARKNESS, LIGHTED ROAD","FIXED OBJECT","UNKNOWN",,"STRAIGHT AND LEVEL","WET","UNKNOWN","ON SCENE","INJURY AND / OR TOW DUE TO CRASH",,"Y","Y","OVER $1,500","2024-06-05T00:31:00.000","NOT APPLICABLE","NOT APPLICABLE","1508","W","MARQUETTE RD","725",,,,,,,"1","NO INDICATION OF INJURY","0","0","0","0","0","1","0","0","4","6","41.772332347","-87.661986963","POINT (-87.661986962642 41.772332346662)"
"fe2a12e82c3592f25677cc7685c5bd7de24d4f1e7288db6a2dea7300831e1cb96ff12e15b76fa0fb18466257efe9adbf42baf41d1273a193e53597158a3dc36f","N","2024-06-05T00:01:00.000","30","NO CONTROLS","NO CONTROLS","RAIN","DARKNESS, LIGHTED ROAD","PARKED MOTOR VEHICLE","NOT DIVIDED",,"STRAIGHT AND LEVEL","WET","NO DEFECTS","NOT ON SCENE (DESK REPORT)","NO INJURY / DRIVE AWAY",,,"Y","OVER $1,500","2024-06-05T12:00:00.000","UNABLE TO DETERMINE","UNABLE TO DETERMINE","938","E","75TH ST","323",,,,,,,"2","NO INDICATION OF INJURY","0","0","0","0","0","1","0","0","4","6","41.758734631","-87.601416115","POINT (-87.601416115357 41.758734630965)"
"008fc6e5afedf2c841a3f5584215fcb439d55b164c20012d07b2233a73b207248e085f88a6a81204bb1ef089b0877b09f7eac56d629fe2b8db78424648c39857","Y","2024-06-04T23:56:00.000","30","TRAFFIC SIGNAL","FUNCTIONING PROPERLY","CLOUDY/OVERCAST","DARKNESS, LIGHTED ROAD","TURNING","T-INTERSECTION",,"STRAIGHT AND LEVEL","WET","NO DEFECTS","ON SCENE","NO INJURY / DRIVE AWAY",,,,"$501 - $1,500","2024-06-04T23:57:00.000","IMPROPER TURNING/NO SIGNAL","DRIVING SKILLS/KNOWLEDGE/EXPERIENCE","231","E","IDA B WELLS DR","114",,,,,,,"2","NO INDICATION OF INJURY","0","0","0","0","0","2","0","23","3","6","41.875655108","-87.621281442","POINT (-87.6212814416 41.875655108412)"