"crash_record_id","crash_date_est_i","crash_date","posted_speed_limit","traffic_control_device","device_condition","weather_condition","lighting_condition","first_crash_type","trafficway_type","lane_cnt","alignment","roadway_surface_cond","road_defect","report_type","crash_type","intersection_related_i","private_property_i","hit_and_run_i","damage","date_police_notified","prim_contributory_cause","sec_contributory_cause","street_no","street_direction","street_name","beat_of_occurrence","photos_taken_i","statements_taken_i","dooring_i","work_zone_i","work_zone_type","workers_present_i","num_units","most_severe_injury","injuries_total","injuries_fatal","injuries_incapacitating","injuries_non_incapacitating","injuries_reported_not_evident","injuries_no_indication","injuries_unknown","crash_hour","crash_day_of_week","crash_month","latitude","longitude","location"
"a8f7813bf4ff57961a94a526c80e35e408eec65c08de0e6fe17b5fb74b01b84c1449eb14635a9eca9addc477dda117af2242dc65ddd31e7ac7c75b5af17e5ed9","Y","2024-06-04T23:55:00.000","30","TRAFFIC SIGNAL","FUNCTIONING PROPERLY","RAIN","DARKNESS, LIGHTED ROAD","ANGLE","FOUR WAY",,"STRAIGHT AND LEVEL","WET","NO DEFECTS","ON SCENE","INJURY AND / OR TOW DUE TO CRASH","Y",,,"OVER $1,500","2024-06-04T23:55:00.000","UNABLE TO DETERMINE","UNABLE TO DETERMINE","500","S","ASHLAND AVE","1231",,,,,,,"2","REPORTED, NOT EVIDENT","1","0","0","0","1","3","0","23","3","6","41.875125895","-87.666771774","POINT (-87.666771774482 41.875125894617)"
"6d2332a1898a7967357a068ea689291cff5e687848460322110cd645045a08b1c2d0b3f3e005d118ab663585036c12d4cbdb14d24f0c6473fe0bfe3bfd68ef15",,"2024-06-04T23:30:00.000","0","NO CONTROLS","NO CONTROLS","CLEAR","DARKNESS, LIGHTED ROAD","PARKED MOTOR VEHICLE","OTHER",,"STRAIGHT AND LEVEL","OTHER","NO DEFECTS","ON SCENE","NO INJURY / DRIVE AWAY",,"Y",,"$500 OR LESS","2024-06-04T23:50:00.000","UNABLE TO DETERMINE","NOT APPLICABLE","7859","S","STATE ST","623",,,,,,,"2","NO INDICATION OF INJURY","0","0","0","0","0","1","0","23","3","6","41.75100958","-87.624401416","POINT (-87.624401416141 41.75100958029)"
"44755cbdb7d28d99e3834b9649e16bb144f83f6af9b906322752c3cc581459164f208f1738fdd7edcaa701a6febb0d02a12c4a4277886fd8d2d929fe91f828e9","N","2024-06-04T23:16:00.000","30","UNKNOWN","UNKNOWN","CLEAR","DARKNESS, LIGHTED ROAD","PEDALCYCLIST","UNKNOWN",,"STRAIGHT AND LEVEL","DRY","NO DEFECTS","ON SCENE","INJURY AND / OR TOW DUE TO CRASH","N",,,"$500 OR LESS","2024-06-04T23:20:00.000","UNABLE TO DETERMINE","UNABLE TO DETERMINE","5739","N","CLARK ST","2013",,"N",,,,,"2","INCAPACITATING INJURY","1","0","1","0","0","1","0","23","3","6","41.986521263","-87.669350887","POINT (-87.669350886998 41.986521262795)"
"61cb1fdabac6af5228872b2f636b88c03cf4168b23200aa0f6692148559e54775693e126163db39e332a7057d17617dfc559d2dd2478df705a6d60ded33f3bcf",,"2024-06-04T21:45:00.000","30","TRAFFIC SIGNAL","FUNCTIONING IMPROPERLY","CLEAR","DARKNESS","TURNING","DIVIDED - W/MEDIAN (NOT RAISED)",,"STRAIGHT AND LEVEL","DRY","NO DEFECTS","NOT ON SCENE (DESK REPORT)","NO INJURY / DRIVE AWAY",,,,"$501 - $1,500","2024-06-05T07:45:00.000","IMPROPER TURNING/NO SIGNAL","IMPROPER TURNING/NO SIGNAL","5600","S","WABASH AVE","225",,,,,,,"2","NO INDICATION OF INJURY","0","0","0","0","0","2","0","21","3","6","41.792780036","-87.624184","POINT (-87.624184000384 41.792780036175)"
"29ccc190842147c336936f274e8f9b2054cdbc0ecee0820ffb1aa542c6440124ce0710c8295fdb1c2b3084c0d0878155a44d0cc35ab151059e2b173fe8119a14",,"2024-06-04T21:38:00.000","35","STOP SIGN/FLASHER","FUNCTIONING PROPERLY","CLEAR","DARKNESS","ANGLE","NOT DIVIDED",,"STRAIGHT AND LEVEL","DRY","NO DEFECTS","ON SCENE","INJURY AND / OR TOW DUE TO CRASH",,,"Y","OVER $1,500","2024-06-04T21:49:00.000","DISREGARDING STOP SIGN","NOT APPLICABLE","7800","S","WABASH AVE","623",,,,,,,"2","NO INDICATION OF INJURY","0","0","0","0","0","4","0","21","3","6","41.752706877","-87.623181185","POINT (-87.623181185383 41.752706876672)"
"30c24b193358fc17ac76ff8b9e997d6403a182eda22e59aa42bc84a7dc24a08b66c6dfceb2ffeb6bcaa692fc65eba013051514a2e06bdb28c771ff7740aa968e",,"2024-06-04T21:35:00.000","30","NO CONTROLS","NO CONTROLS","CLEAR","DARKNESS, LIGHTED ROAD","SIDESWIPE SAME DIRECTION","NOT DIVIDED",,"STRAIGHT AND LEVEL","DRY","NO DEFECTS","NOT ON SCENE (DESK REPORT)","NO INJURY / DRIVE AWAY",,,,"OVER $1,500","2024-06-05T10:00:00.000","UNABLE TO DETERMINE","UNABLE TO DETERMINE","210","W","79TH ST","623",,,,,,,"2","NO INDICATION OF INJURY","0","0","0","0","0","2","0","21","3","6","41.750966551","-87.62996105","POINT (-87.629961050438 41.750966551303)"
"11d47b6362ce398785c3507821a7c78e024af4f4c27d185a17ba7c42ef6414290e992dd3da29a359905c9f19467b7b30138a6e64b65c0941fb8b25c999aa8921",,"2024-06-04T21:25:00.000","15","NO CONTROLS","NO CONTROLS","RAIN","DARKNESS, LIGHTED ROAD","ANGLE","PARKING LOT",,"STRAIGHT AND LEVEL","WET","WORN SURFACE","ON SCENE","NO INJURY / DRIVE AWAY",,,,"OVER $1,500","2024-06-04T21:25:00.000","UNABLE TO DETERMINE","UNABLE TO DETERMINE","3445","S","RHODES AVE","211",,,,,,,"2","NO INDICATION OF INJURY","0","0","0","0","0","3","0","21","3","6","41.831630589","-87.613209526","POINT (-87.613209525868 41.831630589301)"
"976809b9cdb8450566235833bec1fb22e5b21e91b95e3dfb2f7ceff42dcf70014fb65718fdd840995578103672a14f26a421f2f7b7e105f2776ec40bce018003",,"2024-06-04T21:11:00.000","30","TRAFFIC SIGNAL","FUNCTIONING PROPERLY","RAIN","DARKNESS, LIGHTED ROAD","TURNING","NOT DIVIDED",,"STRAIGHT AND LEVEL","WET","NO DEFECTS","ON SCENE","NO INJURY / DRIVE AWAY","Y",,,"OVER $1,500","2024-06-04T21:12:00.000","FAILING TO REDUCE SPEED TO AVOID CRASH","NOT APPLICABLE","4800","W","IRVING PARK RD","1624",,,,,,,"2","NO INDICATION OF INJURY","0","0","0","0","0","7","0","21","3","6","41.95352435","-87.747438299","POINT (-87.747438298799 41.953524350453)"
"46a5bd142225ab85a39abc25ef95b808f7b383ce83be369e439bde076a358a0e04adacebd4624792617ef1bc74ab39dbd6bcb51c07f6aef9f94f2649bfeba6e2",,"2024-06-04T21:08:00.000","30","STOP SIGN/FLASHER","FUNCTIONING PROPERLY","RAIN","DARKNESS, LIGHTED ROAD","ANGLE","FOUR WAY",,"STRAIGHT AND LEVEL","WET","UNKNOWN","ON SCENE","INJURY AND / OR TOW DUE TO CRASH","Y",,,"OVER $1,500","2024-06-04T21:08:00.000","UNABLE TO DETERMINE","UNABLE TO DETERMINE","7000","S","GREEN ST","733",,,,,,,"2","NONINCAPACITATING INJURY","1","0","0","1","0","1","0","21","3","6","41.766907778","-87.645826416","POINT (-87.645826415711 41.766907777986)"
"8fb45aad89aad6f2e791b79288ac4920b6d0f1f1067b0399f13c534511277c20ed38a672a796e859b7717eaf5548b4f75b66097093c799f23a78faee7d63156b",,"2024-06-04T21:00:00.000","30","TRAFFIC SIGNAL","FUNCTIONING PROPERLY","RAIN","DARKNESS, LIGHTED ROAD","REAR END","DIVIDED - W/MEDIAN (NOT RAISED)",,"STRAIGHT AND LEVEL","WET","NO DEFECTS","NOT ON SCENE (DESK REPORT)","NO INJURY / DRIVE AWAY",,,,"$501 - $1,500","2024-06-04T21:35:00.000","UNABLE TO DETERMINE","NOT APPLICABLE","3807","W","63RD ST","823",,,,,,,"2","NO INDICATION OF INJURY","0","0","0","0","0","2","0","21","3","6","41.77861952","-87.718202503","POINT (-87.718202502776 41.778619519714)"
"d3cc413e75c6e07f3cfb8029d2fb737c035a65c1ade9d5601be700daa6dc85992c9aaf6a3551d5ff174c1c56c156fe1ed94b0903f3a5431a07b396d77974adfd",,"2024-06-04T20:53:00.000","30","NO CONTROLS","NO CONTROLS","CLEAR","DARKNESS, LIGHTED ROAD","PARKED MOTOR VEHICLE","NOT DIVIDED",,"STRAIGHT AND LEVEL","DRY","NO DEFECTS","NOT ON SCENE (DESK REPORT)","NO INJURY / DRIVE AWAY",,,"Y","OVER $1,500","2024-06-04T22:30:00.000","UNABLE TO DETERMINE","UNABLE TO DETERMINE","2246","N","RACINE AVE","1811",,,,,,,"2","NO INDICATION OF INJURY","0","0","0","0","0","1","0","20","3","6","41.923045378","-87.658526724","POINT (-87.658526724006 41.923045377991)"
"ae723b4da1c4b0ed5632a70f67d823ef008f85fc2c0ccfae3ee43e3e98c26e66f600b2d3355a7979e78668207727c3cea1e1ca4efbd52dedf6ca5c1bd914c412",,"2024-06-04T20:45:00.000","30","TRAFFIC SIGNAL","FUNCTIONING PROPERLY","CLEAR","DARKNESS, LIGHTED ROAD","TURNING","NOT DIVIDED",,"STRAIGHT AND LEVEL","DRY","NO DEFECTS","NOT ON SCENE (DESK REPORT)","NO INJURY / DRIVE AWAY","Y",,,"$500 OR LESS","2024-06-04T20:48:00.000","FOLLOWING TOO CLOSELY","NOT APPLICABLE","4741","W","55TH ST","813",,,,,,,"2","NO INDICATION OF INJURY","0","0","0","0","0","5","0","20","3","6","41.792921759","-87.741957075","POINT (-87.741957075258 41.792921758779)"
"baf03cdd57530cb302a99411bd4786a450fffefee1e3f89d2bc1b2b0026d02c61056ec64feb69d215ba1e4d6bc6b78726714f935c9d0680e4adb200a98f97654",,"2024-06-04T20:40:00.000","30","NO CONTROLS","NO CONTROLS","CLEAR","DAYLIGHT","TURNING","NOT DIVIDED",,"STRAIGHT AND LEVEL","DRY","NO DEFECTS","NOT ON SCENE (DESK REPORT)","NO INJURY / DRIVE AWAY",,,,"OVER $1,500","2024-06-05T14:55:00.000","FAILING TO YIELD RIGHT-OF-WAY","FAILING TO YIELD RIGHT-OF-WAY","6190","N","NORTHWEST HWY","1612",,,,,,,"2","NO INDICATION OF INJURY","0","0","0","0","0","2","0","20","3","6","41.994172137","-87.802333075","POINT (-87.802333075283 41.994172137017)"
"1b1e2a3b17fdc0660e9ac80ffecf83605616db6fe8c18e3ffc726cafbf14012443f8273e43202b89b8ea395c8b8112951c5b6c93b7175364132ea301d7159035",,"2024-06-04T20:35:00.000","10","NO CONTROLS","NO CONTROLS","CLEAR","DAYLIGHT","SIDESWIPE SAME DIRECTION","PARKING LOT",,"STRAIGHT AND LEVEL","DRY","NO DEFECTS","NOT ON SCENE (DESK REPORT)","NO INJURY / DRIVE AWAY",,"Y",,"OVER $1,500","2024-06-05T07:40:00.000","FOLLOWING TOO CLOSELY","FOLLOWING TOO CLOSELY","7600","S","EXCHANGE AVE","421",,,,,,,"2","NO INDICATION OF INJURY","0","0","0","0","0","2","0","20","3","6","41.75715636","-87.558408913","POINT (-87.55840891305 41.757156359802)"
"70ba360c7c0a0b6bcfd7598467edfabbc4b98eb719e2ff1e08a54ff16b456314f3d7e87f27d20c0dd9faf0b1d9c3307620c128ec8089b95d3a64ddf76753d995",,"2024-06-04T20:31:00.000","25","TRAFFIC SIGNAL","FUNCTIONING PROPERLY","RAIN","DARKNESS, LIGHTED ROAD","TURNING","FOUR WAY",,"STRAIGHT AND LEVEL","WET","NO DEFECTS","ON SCENE","INJURY AND / OR TOW DUE TO CRASH",,,,"OVER $1,500","2024-06-04T20:31:00.000","WEATHER","WEATHER","3030","S","DAMEN AVE","912",,,,,,,"2","NO INDICATION OF INJURY","0","0","0","0","0","3","0","20","3","6","41.837918385","-87.675577147","POINT (-87.675577146907 41.837918384589)"
"1060998a51e3bee9d6c84ef402b07ad2eede9e961203d39b81e77630246c8fa1a4ce4e976923f47cfac283a191a3710e8c35b308cbfdaf9f47e162ed8f1fc795",,"2024-06-04T20:30:00.000","30","TRAFFIC SIGNAL","FUNCTIONING PROPERLY","CLOUDY/OVERCAST","DARKNESS, LIGHTED ROAD","SIDESWIPE SAME DIRECTION","FOUR WAY",,"STRAIGHT AND LEVEL","WET","NO DEFECTS","NOT ON SCENE (DESK REPORT)","NO INJURY / DRIVE AWAY","Y",,,"OVER $1,500","2024-06-04T21:11:00.000","FAILING TO YIELD RIGHT-OF-WAY","DRIVING SKILLS/KNOWLEDGE/EXPERIENCE","739","W","LAKE ST","1224",,,,,,,"2","NO INDICATION OF INJURY","0","0","0","0","0","2","0","20","3","6","41.885557106","-87.647336554","POINT (-87.647336554296 41.8855571062)"
"5d0bbfa8b3f54ae92b20970a75471625aef111672c396853fe667ecbb672f6343381cdf4d6f6842c1b41234e93ff687fc25e4598b922c46cd401b7507c3f1626",,"2024-06-04T20:20:00.000","30","TRAFFIC SIGNAL","FUNCTIONING PROPERLY","RAIN","DARKNESS","FIXED OBJECT","OTHER",,"STRAIGHT AND LEVEL","WET","NO DEFECTS","ON SCENE","INJURY AND / OR TOW DUE TO CRASH","Y",,,"OVER $1,500","2024-06-04T20:30:00.000","WEATHER","NOT APPLICABLE","3900","S","WESTERN AVE","921",,,,,,,"1","NONINCAPACITATING INJURY","1","0","0","1","0","0","0","20","3","6","41.822954294","-87.685012986","POINT (-87.685012986006 41.822954294114)"
"22261514b2a28b54fd7414d54e41d3c0a6e04dd631e2e0ff540da52963d0e83f6e13be00ac320161942f22bacb20f76bdd5106c5666e7387b1cf6f6c2eb5cd80",,"2024-06-04T20:19:00.000","30","TRAFFIC SIGNAL","FUNCTIONING PROPERLY","RAIN","DARKNESS, LIGHTED ROAD","PEDESTRIAN","NOT DIVIDED",,"STRAIGHT AND LEVEL","WET","NO DEFECTS","ON SCENE","INJURY AND / OR TOW DUE TO CRASH","Y",,,"OVER $1,500","2024-06-04T20:22:00.000","UNABLE TO DETERMINE","NOT APPLICABLE","3200","N","SHEFFIELD AVE","1924",,,,,,,"2","NONINCAPACITATING INJURY","1","0","0","1","0","1","0","20","3","6","41.940001076","-87.654255859","POINT (-87.654255859203 41.940001076433)"
"aa6c847e88267b3301d391d0cb605d3d2b185666f2567935f3bfac8dfdfdd51f1e8ec0313bbaa6a65b6fde76a5c065f16b5dab43b2161ac83f2e95aa1329921b",,"2024-06-04T20:15:00.000","30","TRAFFIC SIGNAL","UNKNOWN","CLEAR","UNKNOWN","TURNING","DIVIDED - W/MEDIAN (NOT RAISED)",,"STRAIGHT AND LEVEL","UNKNOWN","UNKNOWN","NOT ON SCENE (DESK REPORT)","NO INJURY / DRIVE AWAY",,,"Y","$501 - $1,500","2024-06-04T22:00:00.000","FAILING TO YIELD RIGHT-OF-WAY","UNABLE TO DETERMINE","875","E","111TH ST","531","Y","N",,,,,"2","NO INDICATION OF INJURY","0","0","0","0","0","5","0","20","3","6","41.692753674","-87.600697351","POINT (-87.600697350949 41.69275367397)"
"d0b7647bda6b27bebf977d70afbf3f1676f303421a576916cd0369b3c6bc55b432d74650b10655e2247440256f1cff1383e23b8d1020033c4b877e8de29a5060",,"2024-06-04T20:14:00.000","30","NO CONTROLS","NO CONTROLS","RAIN","DARKNESS, LIGHTED ROAD","PARKED MOTOR VEHICLE","DIVIDED - W/MEDIAN (NOT RAISED)",,"STRAIGHT AND LEVEL","WET","NO DEFECTS","ON SCENE","NO INJURY / DRIVE AWAY",,,,"$500 OR LESS","2024-06-04T20:18:00.000","UNABLE TO DETERMINE","NOT APPLICABLE","2855","W","FULLERTON AVE","1414",,,,,,,"2","NO INDICATION OF INJURY","0","0","0","0","0","2","0","20","3","6","41.924679892","-87.699475934","POINT (-87.699475934125 41.924679892204)"
"876e018e0e2e47791486fefbd5713a01202cbc88b693649c6450a6dfcdd78df3fe1921abc0b2521d0486e218e0b55a930026c92dff9ceb16cdc504030b287816",,"2024-06-04T20:05:00.000","30","NO CONTROLS","NO CONTROLS","RAIN","DARKNESS, LIGHTED ROAD","TURNING","NOT DIVIDED",,"STRAIGHT AND LEVEL","UNKNOWN","UNKNOWN","NOT ON SCENE (DESK REPORT)","NO INJURY / DRIVE AWAY",,,,"OVER $1,500","2024-06-04T21:00:00.000","UNABLE TO DETERMINE","NOT APPLICABLE","3220","W","47TH PL","821",,,,,,,"2","NO INDICATION OF INJURY","0","0","0","0","0","2","0","20","3","6","41.806920245","-87.70476108","POINT (-87.704761080128 41.806920244707)"
"95ef2863a70fb474474ead2ee723642ccf67ecdf7d5a5c8ecfa2fab29c0ce14a3370ca8afd876255972ae2d374b66ba48ab01de5e97cbfcc9a572ea2a2145157",,"2024-06-04T20:05:00.000","30","TRAFFIC SIGNAL","UNKNOWN","UNKNOWN","UNKNOWN","REAR END","ONE-WAY",,"STRAIGHT AND LEVEL","UNKNOWN","UNKNOWN","NOT ON SCENE (DESK REPORT)","NO INJURY / DRIVE AWAY",,,"Y","OVER $1,500","2024-06-04T21:45:00.000","UNABLE TO DETERMINE","UNABLE TO DETERMINE","1200","W","CONGRESS PKWY","1231",,,,,,,"2","NO INDICATION OF INJURY","0","0","0","0","0","2","0","20","3","6","41.875449728","-87.657061871","POINT (-87.657061870729 41.875449727558)"
"26012a6b659ab031f95620abb6804eab51a337c1aae1384c39495f263d73e0bd3c7e6b5ebca3e96af3ef02651d34dcf364307fa613d308fbd2781defd3385f62",,"2024-06-04T20:00:00.000","30","TRAFFIC SIGNAL","FUNCTIONING PROPERLY","CLEAR","DARKNESS, LIGHTED ROAD","ANGLE","UNKNOWN INTERSECTION TYPE",,"STRAIGHT AND LEVEL","DRY","NO DEFECTS","NOT ON SCENE (DESK REPORT)","INJURY AND / OR TOW DUE TO CRASH","Y",,,"OVER $1,500","2024-06-04T21:15:00.000","DISREGARDING TRAFFIC SIGNALS","DISREGARDING TRAFFIC SIGNALS","121","N","WELLS ST","122",,,,,,,"2","REPORTED, NOT EVIDENT","1","0","0","0","1","1","0","20","3","6","41.883765725","-87.633726615","POINT (-87.63372661474 41.883765725305)"
"6ff85df3c254c743d7edae10a05583dd5de73b7543fa14f4a2d2317e550c424f1cbe3ecc65fb7c80fd29c606b4cb659c446d95fd608368bbe78bd5ea957c89bb",,"2024-06-04T20:00:00.000","30","UNKNOWN","UNKNOWN","UNKNOWN","DARKNESS, LIGHTED ROAD","PEDESTRIAN","NOT DIVIDED",,"STRAIGHT AND LEVEL","UNKNOWN","UNKNOWN","NOT ON SCENE (DESK REPORT)","INJURY AND / OR TOW DUE TO CRASH",,,"Y","OVER $1,500","2024-06-05T16:20:00.000","UNABLE TO DETERMINE","NOT APPLICABLE","1343","N","CALIFORNIA AVE","1423",,,,,,,"2","NONINCAPACITATING INJURY","1","0","0","1","0","1","0","20","3","6","41.905985971","-87.696807356","POINT (-87.696807355723 41.905985970779)"
"3f0495d4ddec1adb65788cbfa97a9a564013cc1050466009713e0f13726cf68959de007bab2e985d15d7c0a42a4f2a90d66f9ded350a76cd22367e6111962dbb",,"2024-06-04T19:40:00.000","30","NO CONTROLS","NO CONTROLS","CLEAR","DAWN","TURNING","NOT DIVIDED",,"STRAIGHT AND LEVEL","WET","NO DEFECTS","ON SCENE","NO INJURY / DRIVE AWAY",,,,"OVER $1,500","2024-06-04T19:56:00.000","UNABLE TO DETERMINE","NOT APPLICABLE","5427","N","ROCKWELL ST","2011",,,,,,,"2","NO INDICATION OF INJURY","0","0","0","0","0","2","0","19","3","6","41.98036817","-87.694058567","POINT (-87.694058567389 41.98036816981)"
"46d43b4c7113b653a9310c457f5989ca754cdc46940a9fbfe58d28551ddef6cd3dfd7ad648024d1ed22d0a4327d2b3ba1a6e263abb5e4f7ba93232a09f295fd4",,"2024-06-04T19:38:00.000","30","NO CONTROLS","NO CONTROLS","RAIN","DAWN","SIDESWIPE SAME DIRECTION","NOT DIVIDED",,"STRAIGHT AND LEVEL","WET","NO DEFECTS","ON SCENE","NO INJURY / DRIVE AWAY",,,,"OVER $1,500","2024-06-04T19:39:00.000","FAILING TO YIELD RIGHT-OF-WAY","NOT APPLICABLE","3942","N","CENTRAL AVE","1633",,,,,,,"2","NO INDICATION OF INJURY","0","0","0","0","0","2","0","19","3","6","41.952647791","-87.767129789","POINT (-87.767129788531 41.952647790907)"
"6eff5a63bb0cae912e03c0f561e04045e2990856376e4c9a410680561a392bf156f74eb6ce3647ee90d660b6908e7c8317ad11f53154273e6fc7e92454b0b480",,"2024-06-04T19:15:00.000","30","NO CONTROLS","NO CONTROLS","RAIN","DUSK","PARKED MOTOR VEHICLE","ONE-WAY",,"STRAIGHT AND LEVEL","WET","UNKNOWN","ON SCENE","NO INJURY / DRIVE AWAY",,,"Y","OVER $1,500","2024-06-04T20:30:00.000","UNABLE TO DETERMINE","UNABLE TO DETERMINE","6715","S","CHAMPLAIN AVE","321",,,,,,,"2","NO INDICATION OF INJURY","0","0","0","0","0","1","0","19","3","6","41.772594605","-87.609244848","POINT (-87.609244848391 41.77259460486)"
"ab7afa1f7b258b126463a5ad0480037a9f1995d29d99597da4c90f78e611e32922b63cbed0f93e35f1b40fa17496117113235993878c901c4cc2286bfe3c962e",,"2024-06-04T19:15:00.000","20","NO CONTROLS","UNKNOWN","CLEAR","DAYLIGHT","PARKED MOTOR VEHICLE","ONE-WAY",,"STRAIGHT AND LEVEL","DRY","NO DEFECTS","ON SCENE","NO INJURY / DRIVE AWAY",,,,"OVER $1,500","2024-06-04T19:20:00.000","UNABLE TO DETERMINE","NOT APPLICABLE","3850","N","PITTSBURGH AVE","1631",,,,,,,"2","NO INDICATION OF INJURY","0","0","0","0","0","1","0","19","3","6","41.949992967","-87.833096329","POINT (-87.83309632919 41.949992967259)"
"c54d4c3936016517752d3790f43fa27ad51483829a4052ae2f9093e0d3f079432997323ff7320dbae48781ad67b35056d35f3c723c02685b8c7e836e6beb7d50",,"2024-06-04T19:15:00.000","30","TRAFFIC SIGNAL","FUNCTIONING PROPERLY","CLEAR","DARKNESS, LIGHTED ROAD","ANGLE","DIVIDED - W/MEDIAN (NOT RAISED)",,"STRAIGHT AND LEVEL","WET","NO DEFECTS","NOT ON SCENE (DESK REPORT)","INJURY AND / OR TOW DUE TO CRASH",,,,"OVER $1,500","2024-06-04T20:50:00.000","DISREGARDING TRAFFIC SIGNALS","UNABLE TO DETERMINE","800","W","TAYLOR ST","1232",,,,,,,"2","NONINCAPACITATING INJURY","1","0","0","1","0","1","0","19","3","6","41.869705431","-87.64707692","POINT (-87.647076919821 41.869705431293)"
"7655ebab1b5d1ecabdcc7e99eb1ae60c7b7fc57f140478dfa8454030c9940a43d1acc5060fd9aa5485660c53930f0e7028c170730414a567e99f021a240cfec3",,"2024-06-04T19:14:00.000","30","OTHER","NO CONTROLS","CLEAR","DAYLIGHT","PARKED MOTOR VEHICLE","ONE-WAY",,"STRAIGHT AND LEVEL","DRY","UNKNOWN","ON SCENE","INJURY AND / OR TOW DUE TO CRASH",,,"N","OVER $1,500","2024-06-04T19:15:00.000","UNDER THE INFLUENCE OF ALCOHOL/DRUGS (USE WHEN ARREST IS EFFECTED)","PHYSICAL CONDITION OF DRIVER","2654","S","HOMAN AVE","1032",,,,,,,"3","NO INDICATION OF INJURY","0","0","0","0","0","1","0","19","3","6","41.842825327","-87.71001416","POINT (-87.710014160372 41.842825327295)"
"7dc419895834015abb2b228191b12222381e80e1e82d8b72bef562c2f4dd55a21de01faa4bfb285f56576f0a2f1b488780b7da4b9f87f6d7118919a4b0ab0153",,"2024-06-04T19:00:00.000","30","TRAFFIC SIGNAL","FUNCTIONING PROPERLY","CLEAR","DAYLIGHT","ANGLE","FOUR WAY",,"STRAIGHT AND LEVEL","DRY","NO DEFECTS","ON SCENE","NO INJURY / DRIVE AWAY","Y",,,"$501 - $1,500","2024-06-04T19:01:00.000","DISREGARDING TRAFFIC SIGNALS","NOT APPLICABLE","1158","W","59TH ST","712",,"Y",,,,,"2","NO INDICATION OF INJURY","0","0","0","0","0","5","0","19","3","6","41.786996407","-87.654626149","POINT (-87.654626149199 41.786996407446)"
"8b8c0d01f0d97b3554e6a64706b3a924b66a9aac6a83f3a52e507da394a27bd54db6214580d5cb9395c18619693cf319029fa862773e195c3922d04789899768",,"2024-06-04T19:00:00.000","30","NO CONTROLS","NO CONTROLS","CLEAR","DAYLIGHT","ANGLE","NOT DIVIDED",,"STRAIGHT AND LEVEL","DRY","NO DEFECTS","NOT ON SCENE (DESK REPORT)","NO INJURY / DRIVE AWAY",,,,"OVER $1,500","2024-06-04T19:20:00.000","IMPROPER LANE USAGE","DRIVING SKILLS/KNOWLEDGE/EXPERIENCE","10300","S","WOOD ST","2212",,,,,,,"2","NO INDICATION OF INJURY","0","0","0","0","0","2","0","19","3","6","41.706543918","-87.66724823","POINT (-87.667248230186 41.706543917604)"
"9ce37a4f300a45672963d7a6b618955548d4c6012e318bc02b928f5c4562b9ca819b8a08471707cb505497241f36c4aab237184a6412c0b4b409e4fc8782a650",,"2024-06-04T18:45:00.000","30","NO CONTROLS","NO CONTROLS","CLEAR","DAYLIGHT","TURNING","NOT DIVIDED",,"STRAIGHT AND LEVEL","DRY","NO DEFECTS","NOT ON SCENE (DESK REPORT)","NO INJURY / DRIVE AWAY",,,"Y","$501 - $1,500","2024-06-04T19:38:00.000","IMPROPER TURNING/NO SIGNAL","NOT APPLICABLE","7900","S","KEDZIE AVE","834",,,,,,,"2","NO INDICATION OF INJURY","0","0","0","0","0","3","0","18","3","6","41.749723972","-87.702539572","POINT (-87.702539571674 41.749723971726)"
"92476a6c920362ec94787ac62dbcf46088e46343a69c8222ee9ca75865f73eb2b17fee3adc13e9f176a2ef4ff330468b28c6cd46fe3f5dec2f26086a2700127b",,"2024-06-04T18:40:00.000","30","NO CONTROLS","NO CONTROLS","CLEAR","DAYLIGHT","TURNING","FOUR WAY",,"STRAIGHT AND LEVEL","DRY","NO DEFECTS","NOT ON SCENE (DESK REPORT)","NO INJURY / DRIVE AWAY","Y",,,"$501 - $1,500","2024-06-04T19:30:00.000","IMPROPER TURNING/NO SIGNAL","FAILING TO REDUCE SPEED TO AVOID CRASH","365","W","OAK ST","1823",,,,,,,"2","NO INDICATION OF INJURY","0","0","0","0","0","2","0","18","3","6","41.900375319","-87.63837956","POINT (-87.638379559579 41.90037531866)"
"2b09a7a8248ba8b29d4afd06b1b818b7c170122eb14eca1183d95d9eeb982d35e2aa2b7468e481a08de8515b33c4bd32f44cc202dec94d63ff892964f9102a05",,"2024-06-04T18:39:00.000","35","NO CONTROLS","NO CONTROLS","CLEAR","DAYLIGHT","PARKED MOTOR VEHICLE","PARKING LOT",,"STRAIGHT AND LEVEL","DRY","NO DEFECTS","ON SCENE","NO INJURY / DRIVE AWAY",,"Y",,"OVER $1,500","2024-06-04T18:39:00.000","FAILING TO REDUCE SPEED TO AVOID CRASH","NOT APPLICABLE","4435","S","OAKLEY AVE","924",,,,,,,"2","NO INDICATION OF INJURY","0","0","0","0","0","1","0","18","3","6","41.812822112","-87.681966179","POINT (-87.681966179274 41.812822111514)"