"crash_record_id","crash_date_est_i","crash_date","posted_speed_limit","traffic_control_device","device_condition","weather_condition","lighting_condition","first_crash_type","trafficway_type","lane_cnt","alignment","roadway_surface_cond","road_defect","report_type","crash_type","intersection_related_i","private_property_i","hit_and_run_i","damage","date_police_notified","prim_contributory_cause","sec_contributory_cause","street_no","street_direction","street_name","beat_of_occurrence","photos_taken_i","statements_taken_i","dooring_i","work_zone_i","work_zone_type","workers_present_i","num_units","most_severe_injury","injuries_total","injuries_fatal","injuries_incapacitating","injuries_non_incapacitating","injuries_reported_not_evident","injuries_no_indication","injuries_unknown","crash_hour","crash_day_of_week","crash_month","latitude","longitude","location"
"8b20c32bde74e6ea8c427e05f05b8c65fe7ce97cc019ec0a3e6a7defbdfbf678e8131060065891ea50878ca6c2007a4dcc98077667500b737b83a11dca94290f",,"2024-06-04T18:39:00.000","30","NO CONTROLS","NO CONTROLS","CLEAR","DAYLIGHT","TURNING","DIVIDED - W/MEDIAN BARRIER",,"STRAIGHT AND LEVEL","DRY","UNKNOWN","ON SCENE","INJURY AND / OR TOW DUE TO CRASH",,,"Y","OVER $1,500","2024-06-04T18:39:00.000","FAILING TO YIELD RIGHT-OF-WAY","NOT APPLICABLE","6356","S","ASHLAND AVE","725",,,,,,,"2","NONINCAPACITATING INJURY","1","0","0","1","0","1","0","18","3","6","41.777798618","-87.664322596","POINT (-87.66432259569 41.777798617794)"
"2b1962918eaf5fe0a53054c929dfcb3361bd727b558ca1d696d9c8d93d0623c3c5702770fb17f9bc654f0695041acc6028f008c94611e162077699af26c32219",,"2024-06-04T18:35:00.000","30","NO CONTROLS","NO CONTROLS","CLEAR","DAYLIGHT","PARKED MOTOR VEHICLE","NOT DIVIDED",,"STRAIGHT AND LEVEL","DRY","UNKNOWN",,"INJURY AND / OR TOW DUE TO CRASH",,,,"OVER $1,500","2024-06-04T18:46:00.000","UNABLE TO DETERMINE","NOT APPLICABLE","1243","S","KOSTNER AVE","1011",,,,,,,"2","NO INDICATION OF INJURY","0","0","0","0","0","1","0","18","3","6","41.864752947","-87.734780189","POINT (-87.734780189014 41.864752947274)"
"0500ea23c381df2b5a92dc698d57728c41ef65464c19af45751caa936b65c79daf5ebdda3ed744e2fb56d224b848e39394925660befd180c3f5f2e83e20e091c",,"2024-06-04T18:30:00.000","30","NO CONTROLS","NO CONTROLS","CLEAR","DAYLIGHT","PARKED MOTOR VEHICLE","ONE-WAY",,"STRAIGHT AND LEVEL","DRY","NO DEFECTS","NOT ON SCENE (DESK REPORT)","NO INJURY / DRIVE AWAY",,,,"$501 - $1,500","2024-06-04T19:00:00.000","NOT APPLICABLE","NOT APPLICABLE","2217","N","KILBOURN AVE","2522",,,,,,,"2","NO INDICATION OF INJURY","0","0","0","0","0","1","0","18","3","6","41.921196121","-87.738758901","POINT (-87.73875890063 41.921196121249)"
"0c331d61c90ecf66cc20df165b327604d31fcbb8e2ba5f3844dfbf5b66ac7b4f49b83c55e2c6db8e6c0117ab997403e8798d9b9d1df3528cc07b617140794c0b","Y","2024-06-04T18:30:00.000","20","OTHER REG. SIGN","FUNCTIONING PROPERLY","CLOUDY/OVERCAST","DARKNESS, LIGHTED ROAD","PARKED MOTOR VEHICLE","ONE-WAY",,"STRAIGHT AND LEVEL","DRY","NO DEFECTS","NOT ON SCENE (DESK REPORT)","NO INJURY / DRIVE AWAY",,,"Y","OVER $1,500","2024-06-05T07:30:00.000","UNABLE TO DETERMINE","UNABLE TO DETERMINE","1247","N","KEELER AVE","2534",,,,,,,"2","NO INDICATION OF INJURY","0","0","0","0","0","1","0","18","3","6","41.90398299","-87.731114054","POINT (-87.731114054243 41.903982989582)"
"454f4632ab9c668f155cefe01cbec99dba36fffc0363cb5bef7cc713cb9444f732b1047d4df3f59493b3d83c33fbfc7d2e84bbc158e39b98d0fcafff665b9bca",,"2024-06-04T18:29:00.000","30","NO CONTROLS","NO CONTROLS","CLEAR","DAYLIGHT","SIDESWIPE SAME DIRECTION","DIVIDED - W/MEDIAN (NOT RAISED)",,"STRAIGHT AND LEVEL","DRY","UNKNOWN","NOT ON SCENE (DESK REPORT)","NO INJURY / DRIVE AWAY",,,"Y","OVER $1,500","2024-06-04T19:40:00.000","UNABLE TO DETERMINE","UNABLE TO DETERMINE","2025","N","PULASKI RD","2525",,,,,,,"2","NO INDICATION OF INJURY","0","0","0","0","0","2","0","18","3","6","41.917918497","-87.726437534","POINT (-87.726437533832 41.91791849733)"
"16ed493e8690565d240f0c3b0453ea1baab636a614b335b398a0563719b984241c9452bea0269541b04eb1fc1535204dd5ed8308f079bf958840b65814c4a507",,"2024-06-04T18:20:00.000","30","NO CONTROLS","NO CONTROLS","CLEAR","DAYLIGHT","ANGLE","FOUR WAY",,"STRAIGHT AND LEVEL","DRY","NO DEFECTS","NOT ON SCENE (DESK REPORT)","NO INJURY / DRIVE AWAY","Y",,,"OVER $1,500","2024-06-04T20:15:00.000","UNABLE TO DETERMINE","UNABLE TO DETERMINE","199","S","PEORIA ST","1232",,,,,,,"2","NO INDICATION OF INJURY","0","0","0","0","0","2","0","18","3","6","41.879244521","-87.649472575","POINT (-87.649472574525 41.879244520528)"
"c4dcfa6f0a25a3203dc7ecc8dfd3937a1e12fc69aee06d7d23d95e8f0a793c902b94af60fac948682549d18ba3010ac65611ea851f783ee7759ae3b9faec1e49",,"2024-06-04T18:15:00.000","30","TRAFFIC SIGNAL","FUNCTIONING PROPERLY","CLEAR","DAYLIGHT","SIDESWIPE SAME DIRECTION","DIVIDED - W/MEDIAN (NOT RAISED)",,"STRAIGHT AND LEVEL","DRY","NO DEFECTS","NOT ON SCENE (DESK REPORT)","NO INJURY / DRIVE AWAY","Y",,"Y","OVER $1,500","2024-06-05T13:17:00.000","UNABLE TO DETERMINE","UNABLE TO DETERMINE","5205","N","CICERO AVE","1712",,,,,,,"2","NO INDICATION OF INJURY","0","0","0","0","0","2","0","18","3","6","41.975550257","-87.747856503","POINT (-87.747856503494 41.975550257116)"
"cfbb797b9c29d90dc63f2b2a41d6b96893cef8a39dfbadb5c77a178a686762266af54acc62da2f75c1f4c610cfca9b60173960031c85e527fc24a20341b74a9c",,"2024-06-04T18:13:00.000","30","TRAFFIC SIGNAL","FUNCTIONING PROPERLY","CLEAR","DAYLIGHT","SIDESWIPE SAME DIRECTION","FOUR WAY",,"STRAIGHT AND LEVEL","DRY","NO DEFECTS","NOT ON SCENE (DESK REPORT)","NO INJURY / DRIVE AWAY","Y",,"Y","$501 - $1,500","2024-06-04T19:15:00.000","UNABLE TO DETERMINE","NOT APPLICABLE","11956","S","HALSTED ST","524",,,,,,,"2","NO INDICATION OF INJURY","0","0","0","0","0","2","0","18","3","6","41.676137841","-87.641998858","POINT (-87.641998857613 41.676137840747)"
"2c02b05657fd84198620e06e56d3c859287333ea1487b4dfe182d82f94c44ba8925cea1ecb444ad12d0dc329b3ce5a153eb1d48013b9e6c63f8d451225005033",,"2024-06-04T18:11:00.000","20","NO CONTROLS","NO CONTROLS","CLEAR","DAYLIGHT","SIDESWIPE SAME DIRECTION","NOT DIVIDED",,"STRAIGHT AND LEVEL","DRY","NO DEFECTS","ON SCENE","NO INJURY / DRIVE AWAY",,,,"$501 - $1,500","2024-06-04T18:29:00.000","IMPROPER OVERTAKING/PASSING","NOT APPLICABLE","1124","W","DIVERSEY PKWY","1933",,,,,,,"2","NO INDICATION OF INJURY","0","0","0","0","0","3","0","18","3","6","41.932697212","-87.65691832","POINT (-87.65691832 41.932697211551)"
"b68df532fabc918bfe375890d4cb4d06a53891f435d602ec37ca2573c477f7e5e92dbf78791fa9119c0bb3411a982085fbd6f39aaab59772a7975139283ce2ed",,"2024-06-04T18:06:00.000","30","NO CONTROLS","NO CONTROLS","CLEAR","DAYLIGHT","SIDESWIPE SAME DIRECTION","NOT DIVIDED",,"STRAIGHT AND LEVEL","DRY","RUT, HOLES","NOT ON SCENE (DESK REPORT)","NO INJURY / DRIVE AWAY",,,,"$501 - $1,500","2024-06-04T18:40:00.000","UNABLE TO DETERMINE","UNABLE TO DETERMINE","3220","E","100TH ST","431",,,,,,,"2","NO INDICATION OF INJURY","0","0","0","0","0","2","0","18","3","6","41.713684397","-87.544835754","POINT (-87.544835754055 41.7136843966)"
"0f5393725b33a21c03e3ccbfe4b77c035ce8b7dae0a8e7818e7e3aeaf579bd745086a03f61b463e4adfe53ccac53a434dca34ea889553f7595165fefad7a48d7",,"2024-06-04T18:00:00.000","30","NO CONTROLS","NO CONTROLS","CLEAR","DAYLIGHT","REAR END","NOT DIVIDED",,"STRAIGHT AND LEVEL","DRY","NO DEFECTS","NOT ON SCENE (DESK REPORT)","NO INJURY / DRIVE AWAY",,,,"OVER $1,500","2024-06-04T19:03:00.000","UNABLE TO DETERMINE","UNABLE TO DETERMINE","1300","N","ELSTON AVE","1433",,,,,,,"2","NO INDICATION OF INJURY","0","0","0","0","0","2","0","18","3","6","41.905399955","-87.659754352","POINT (-87.659754352179 41.905399955031)"
"2c8df8e8e16ac66dd725c1e0d2b04d7ec3549798af91ddda2314c7ecd2c7fd929b2d105e35cb22da2e6a7812aaa8341f9ac96f10e3dce14eb270ce7c724caa0c",,"2024-06-04T18:00:00.000","35","TRAFFIC SIGNAL","FUNCTIONING PROPERLY","CLEAR","DAYLIGHT","TURNING","NOT DIVIDED",,"STRAIGHT AND LEVEL","WET","NO DEFECTS","ON SCENE","INJURY AND / OR TOW DUE TO CRASH",,,"Y","OVER $1,500","2024-06-04T18:13:00.000","DISREGARDING OTHER TRAFFIC SIGNS","NOT APPLICABLE","6000","N","KIMBALL AVE","1711",,,,,,,"2","NO INDICATION OF INJURY","0","0","0","0","0","2","0","18","3","6","41.990405644","-87.71413423","POINT (-87.714134230154 41.990405644412)"
"4972fb638892fc22b3ded1d896bf48b7fbad4f44b01a7b83396fda909e0fe08fb340fa56d6301f192dd7781c742a621749345b7acc3001f37c99643614320c62",,"2024-06-04T18:00:00.000","25","STOP SIGN/FLASHER","FUNCTIONING PROPERLY","RAIN","DAYLIGHT","REAR END","NOT DIVIDED",,"STRAIGHT AND LEVEL","WET","NO DEFECTS","NOT ON SCENE (DESK REPORT)","NO INJURY / DRIVE AWAY",,,,"$501 - $1,500","2024-06-05T16:45:00.000","UNABLE TO DETERMINE","UNABLE TO DETERMINE","4036","N","CALIFORNIA AVE","1724",,,,,,,"2","NO INDICATION OF INJURY","0","0","0","0","0","2","0","18","3","6","41.955074093","-87.698420627","POINT (-87.698420627121 41.955074093232)"
"6c660cfc1ef84c23cf476f62478a218f129be96d97916e134845a9d23a8dd13e6542193d673e6d149ab78bbc872c5741e72ccb138b4b07c54a1bb0ce1061121a",,"2024-06-04T18:00:00.000","30","TRAFFIC SIGNAL","FUNCTIONING PROPERLY","CLEAR","DUSK","PEDALCYCLIST","DIVIDED - W/MEDIAN (NOT RAISED)",,"STRAIGHT AND LEVEL","DRY","NO DEFECTS","ON SCENE","INJURY AND / OR TOW DUE TO CRASH",,,,"$501 - $1,500","2024-06-04T18:40:00.000","DRIVING SKILLS/KNOWLEDGE/EXPERIENCE","UNABLE TO DETERMINE","1556","W","CORTLAND ST","1433",,,,,,,"2","NONINCAPACITATING INJURY","1","0","0","1","0","2","0","18","3","6","41.916302473","-87.667466341","POINT (-87.667466341334 41.916302473)"
"8799acbf5b7e185a699197d7b3dec6727cd72416e95758d8fb255a519736a3dc07377f0cdbf7cc4e82090f973c5e28875ba91442b4d55bb0a8407807e8650b08",,"2024-06-04T18:00:00.000","30","NO CONTROLS","NO CONTROLS","UNKNOWN","UNKNOWN","PARKED MOTOR VEHICLE","ONE-WAY",,"STRAIGHT AND LEVEL","UNKNOWN","NO DEFECTS","NOT ON SCENE (DESK REPORT)","NO INJURY / DRIVE AWAY",,,"Y","$501 - $1,500","2024-06-05T10:15:00.000","UNABLE TO DETERMINE","NOT APPLICABLE","1055","N","KILBOURN AVE","1111",,,,,,,"2","NO INDICATION OF INJURY","0","0","0","0","0","1","0","18","3","6","41.900537827","-87.73840452","POINT (-87.738404520068 41.900537826745)"
"b6de9b006be2ecef3b9c0d0765dceadcabe53286ecdbf98453ff12ec760f1d5370e772405512ad0603ef6b423bc6de760d6416d947bdfa077f61a88b28c3d492",,"2024-06-04T18:00:00.000","15","NO CONTROLS","NO CONTROLS","CLEAR","DAYLIGHT","PARKED MOTOR VEHICLE","PARKING LOT",,"STRAIGHT AND LEVEL","DRY","NO DEFECTS","NOT ON SCENE (DESK REPORT)","NO INJURY / DRIVE AWAY",,"Y",,"OVER $1,500","2024-06-04T19:00:00.000","IMPROPER BACKING","UNABLE TO DETERMINE","33","E","83RD ST","632",,,,,,,"2","NO INDICATION OF INJURY","0","0","0","0","0","1","0","18","3","6","41.74356768","-87.622955366","POINT (-87.622955366414 41.743567680303)"
"c6f74a5bdd30c3ab4ac8d444038eb06e0e996f986fff397da15a404400a7118e558377ec077987867bf7b3a62ab38621c865243c6fc359d9427740e0e9197e25",,"2024-06-04T18:00:00.000","30","NO CONTROLS","NO CONTROLS","CLEAR","DAYLIGHT","ANGLE","NOT DIVIDED",,"STRAIGHT AND LEVEL","WET","UNKNOWN","ON SCENE","INJURY AND / OR TOW DUE TO CRASH","Y",,,"OVER $1,500","2024-06-04T18:04:00.000","FAILING TO YIELD RIGHT-OF-WAY","UNABLE TO DETERMINE","5399","N","LINCOLN AVE","2011",,,,"Y","CONSTRUCTION",,"2","NONINCAPACITATING INJURY","1","0","0","1","0","2","0","18","3","6","41.97946989","-87.692544244","POINT (-87.692544243596 41.979469890351)"
"d232414cc6894000178a33218e3327a5a9ef61b3188504e14c5d8bc3781e8d27337a4159259e60c64229bd8260570e187d2f42f1082a777128301fae2028df01",,"2024-06-04T18:00:00.000","30","NO CONTROLS","NO CONTROLS","CLEAR","DAYLIGHT","OTHER OBJECT","DIVIDED - W/MEDIAN (NOT RAISED)",,"STRAIGHT AND LEVEL","DRY","RUT, HOLES","NOT ON SCENE (DESK REPORT)","NO INJURY / DRIVE AWAY",,,,"OVER $1,500","2024-06-04T19:15:00.000","NOT APPLICABLE","UNABLE TO DETERMINE","4425","W","FOSTER AVE","1712",,,,,,,"1","NO INDICATION OF INJURY","0","0","0","0","0","1","0","18","3","6","41.975308611","-87.739148474","POINT (-87.739148474013 41.975308610515)"
"ea0a32fb890987cf223ea99f2b00e0b4789990821a22ffdefe7e1794db732c5b902bd27cea8714e78113d0ff4086f48c418a0d82d5c1921b566982303fffe7a0",,"2024-06-04T18:00:00.000","30","NO CONTROLS","NO CONTROLS","CLEAR","DAYLIGHT","SIDESWIPE SAME DIRECTION","DIVIDED - W/MEDIAN (NOT RAISED)",,"STRAIGHT AND LEVEL","DRY","NO DEFECTS","NOT ON SCENE (DESK REPORT)","NO INJURY / DRIVE AWAY",,,,"OVER $1,500","2024-06-04T19:31:00.000","UNABLE TO DETERMINE","UNABLE TO DETERMINE","6181","N","LINCOLN AVE","1711",,,,,,,"2","NO INDICATION OF INJURY","0","0","0","0","0","2","0","18","3","6","41.994306664","-87.713516903","POINT (-87.713516903168 41.994306664194)"
"eb18a7561937b9fdb576ce24dfb55863d2cc584424218e31e1a8a6c9e0deff2d090c49d83ffa158fcaa13066aa5266f5c1cd53aea5454742c35e58c7ff46c43b",,"2024-06-04T18:00:00.000","30","TRAFFIC SIGNAL","FUNCTIONING PROPERLY","CLEAR","DAYLIGHT","ANGLE","NOT DIVIDED",,"STRAIGHT AND LEVEL","DRY","NO DEFECTS","NOT ON SCENE (DESK REPORT)","NO INJURY / DRIVE AWAY",,,"Y","OVER $1,500","2024-06-05T00:15:00.000","FAILING TO YIELD RIGHT-OF-WAY","UNABLE TO DETERMINE","10300","S","TORRENCE AVE","434",,,,,,,"2","NO INDICATION OF INJURY","0","0","0","0","0","2","0","18","3","6","41.708077429","-87.559806871","POINT (-87.559806871332 41.708077429042)"
"6cd49764b87f08af4f96eb41e80b0d62f571f26c6102e0f666c156189af73c6e2ffe37eca9cce4974b44f006a298faf12737802a5ff616401c2f9e235d05fd76",,"2024-06-04T17:50:00.000","25","NO CONTROLS","NO CONTROLS","RAIN","DAYLIGHT","PARKED MOTOR VEHICLE","PARKING LOT",,"STRAIGHT AND LEVEL","DRY","NO DEFECTS","NOT ON SCENE (DESK REPORT)","NO INJURY / DRIVE AWAY",,,,"$501 - $1,500","2024-06-04T19:21:00.000","NOT APPLICABLE","NOT APPLICABLE","3337","W","NORTH AVE","1422",,,,,,,"2","NO INDICATION OF INJURY","0","0","0","0","0","2","0","17","3","6","41.909954192","-87.710904879","POINT (-87.710904878988 41.90995419194)"
"3f711d84962df7d486f17024a45b6d6795582ee771441be9e6c265c9758b91aa5d75104859d63a4591c6678afc3af2261c609006e719c3763192c048b4a05166",,"2024-06-04T17:45:00.000","30","STOP SIGN/FLASHER","FUNCTIONING PROPERLY","CLEAR","DAYLIGHT","ANGLE","T-INTERSECTION",,"STRAIGHT AND LEVEL","DRY","UNKNOWN","NOT ON SCENE (DESK REPORT)","INJURY AND / OR TOW DUE TO CRASH",,,,"OVER $1,500","2024-06-04T18:50:00.000","UNABLE TO DETERMINE","NOT APPLICABLE","8200","S","STONY ISLAND AVE","411",,,,,,,"2","REPORTED, NOT EVIDENT","1","0","0","0","1","1","0","17","3","6","41.745928258","-87.58599491","POINT (-87.585994910205 41.745928258449)"
"49820b62a08b30244defce28cf98a58255c61dfe89c5dc74b5397dcd2049345fcee9c78adab9dad4cddaf84c964b9615ec18b0d54cf6f8978d1228fd2fbb1168",,"2024-06-04T17:44:00.000","25","TRAFFIC SIGNAL","FUNCTIONING IMPROPERLY","CLEAR","DAYLIGHT","TURNING","T-INTERSECTION",,"STRAIGHT AND LEVEL","DRY","NO DEFECTS","ON SCENE","NO INJURY / DRIVE AWAY","Y",,,"$501 - $1,500","2024-06-04T17:44:00.000","FOLLOWING TOO CLOSELY","FOLLOWING TOO CLOSELY","800","N","KILBOURN AVE","1111",,,,,,,"2","NO INDICATION OF INJURY","0","0","0","0","0","2","0","17","3","6","41.895185839","-87.738561062","POINT (-87.738561061707 41.895185838604)"
"cbdeb8d851847613e31da4c97e645dce37fa275558822c530a88db713147ec53a35070f38d22df856ce88db52f66848f281d11b9d29e238b45b3bcbc11b2027f",,"2024-06-04T17:37:00.000","30","NO CONTROLS","NO CONTROLS","CLEAR","DAYLIGHT","SIDESWIPE SAME DIRECTION","DIVIDED - W/MEDIAN (NOT RAISED)",,"STRAIGHT AND LEVEL","DRY","NO DEFECTS","ON SCENE","NO INJURY / DRIVE AWAY",,,,"OVER $1,500","2024-06-04T18:02:00.000","IMPROPER OVERTAKING/PASSING","IMPROPER LANE USAGE","3207","N","CLARK ST","1924",,,,,,,"2","NO INDICATION OF INJURY","0","0","0","0","0","2","0","17","3","6","41.940251678","-87.650750644","POINT (-87.650750643809 41.940251677684)"
"d33cc7fd66dffe6f28d6481a1c5ae80e09ea4168d6634426169c1014d040244303b7d5e79847aaf7f2ac4873c9dc6bbb2685f27937a72bcc37dc386ce767f324",,"2024-06-04T17:36:00.000","35","TRAFFIC SIGNAL","FUNCTIONING PROPERLY","CLEAR","DAYLIGHT","ANGLE","FOUR WAY",,"STRAIGHT AND LEVEL","DRY","NO DEFECTS","ON SCENE","NO INJURY / DRIVE AWAY",,,,"OVER $1,500","2024-06-04T17:38:00.000","DISREGARDING OTHER TRAFFIC SIGNS","FAILING TO REDUCE SPEED TO AVOID CRASH","8700","S","HALSTED ST","2223",,"Y",,,,,"2","NO INDICATION OF INJURY","0","0","0","0","0","3","0","17","3","6","41.735785266","-87.64375883","POINT (-87.643758829628 41.735785266472)"
"2c4b44998c28a4cb11e0c7c1fdad88e957b6e6e072388eb9c69ae522432f889f07fea4f493ba6b07ffbd004ef8e806cccacd525bda0bd04372fb0278eda313b8",,"2024-06-04T17:30:00.000","30","NO CONTROLS","NO CONTROLS","CLEAR","DAYLIGHT","TURNING","ONE-WAY",,"STRAIGHT AND LEVEL","DRY","NO DEFECTS","NOT ON SCENE (DESK REPORT)","NO INJURY / DRIVE AWAY",,,,"OVER $1,500","2024-06-04T18:18:00.000","UNABLE TO DETERMINE","UNABLE TO DETERMINE","1350","W","WASHINGTON BLVD","1224",,,,,,,"2","NO INDICATION OF INJURY","0","0","0","0","0","2","0","17","3","6","41.883017988","-87.661662265","POINT (-87.661662264741 41.88301798817)"
"b9bcca39284dbf5be3e5d63d935bef96563d706b6c40d31962dad267aef53792165b4a1ba990f5bb24f9453515f88b719aa596ca10f2bb81b2a6d544c21c0d2c",,"2024-06-04T17:30:00.000","30","NO CONTROLS","NO CONTROLS","CLEAR","DAYLIGHT","REAR END","NOT DIVIDED",,"STRAIGHT AND LEVEL","DRY","NO DEFECTS","NOT ON SCENE (DESK REPORT)","NO INJURY / DRIVE AWAY",,,,"$501 - $1,500","2024-06-05T19:36:00.000","FOLLOWING TOO CLOSELY","NOT APPLICABLE","4800","W","63RD ST","813",,,,,,,"2","NO INDICATION OF INJURY","0","0","0","0","0","2","0","17","3","6","41.778538071","-87.742355878","POINT (-87.74235587842 41.778538071066)"
"c0ae533dcdadfb24575039994b93222504b3ed42bff1023d9a8cefe6b25a63f36276c2c597d025fb63afc458fa07d74fe05d8f9403011f917bcdecd5dc1135b4",,"2024-06-04T17:30:00.000","25","NO CONTROLS","NO CONTROLS","CLEAR","DAYLIGHT","PARKED MOTOR VEHICLE","NOT DIVIDED",,"STRAIGHT AND LEVEL","DRY","NO DEFECTS","ON SCENE","NO INJURY / DRIVE AWAY",,,,"$501 - $1,500","2024-06-04T17:45:00.000","DRIVING SKILLS/KNOWLEDGE/EXPERIENCE","NOT APPLICABLE","10336","S","HOMAN AVE","2211",,,,,,,"2","NO INDICATION OF INJURY","0","0","0","0","0","1","0","17","3","6","41.704998119","-87.706357015","POINT (-87.706357014867 41.704998118916)"
"d715e385a1d566ee7fbb4488f224d5cfbbc8ef27f8b20210985616415c133c6edc9616474cd872078cb5c159b1ee30cf5d4b0b4aff09a1dc569711e71e614774",,"2024-06-04T17:30:00.000","30","NO CONTROLS","NO CONTROLS","RAIN","DAYLIGHT","SIDESWIPE SAME DIRECTION","ONE-WAY",,"STRAIGHT AND LEVEL","WET","NO DEFECTS","NOT ON SCENE (DESK REPORT)","NO INJURY / DRIVE AWAY",,,,"OVER $1,500","2024-06-04T19:40:00.000","IMPROPER LANE USAGE","UNABLE TO DETERMINE","2009","S","UNION AVE","1235",,,,,,,"2","NO INDICATION OF INJURY","0","0","0","0","0","2","0","17","3","6","41.855231782","-87.643703639","POINT (-87.643703638907 41.85523178217)"
"cd0b76492f2f03753f95301d88b4ccc9442cf77e743adb5c1add4b259c9478381bd2db6c82b8b7d0a7f5a9f4dc020b00d9ee0ec22ae45d6c26b56e2bde1c28f4",,"2024-06-04T17:20:00.000","25","TRAFFIC SIGNAL","FUNCTIONING PROPERLY","RAIN","DAYLIGHT","PEDALCYCLIST","NOT DIVIDED",,"STRAIGHT AND LEVEL","WET","NO DEFECTS","ON SCENE","INJURY AND / OR TOW DUE TO CRASH",,,"Y","$500 OR LESS","2024-06-04T17:20:00.000","UNABLE TO DETERMINE","NOT APPLICABLE","3935","N","ELSTON AVE","1732",,,,,,,"2","NONINCAPACITATING INJURY","1","0","0","1","0","1","0","17","3","6","41.952619697","-87.71736605","POINT (-87.717366049852 41.95261969737)"
"7e58c05e3c7827c59153f86aa1267c27d3b80323a1512558b46a732208755ed3a3ca8bd8f0dddbacc9a21ebed52c3efa943be4a78287302f1de304380130f391",,"2024-06-04T17:19:00.000","30","NO CONTROLS","NO CONTROLS","CLEAR","DAYLIGHT","REAR END","NOT DIVIDED",,"STRAIGHT AND LEVEL","DRY","NO DEFECTS","ON SCENE","NO INJURY / DRIVE AWAY",,,"Y","OVER $1,500","2024-06-04T17:20:00.000","UNABLE TO DETERMINE","NOT APPLICABLE","3130","N","DAMEN AVE","1931",,,,,,,"2","NO INDICATION OF INJURY","0","0","0","0","0","3","0","17","3","6","41.938611986","-87.678473058","POINT (-87.678473057983 41.938611985827)"
"b537697e837ed24f16cd814a83f9eaaefb46723d4b4797454a801063276101c1f8a0d89668e2f334f6f881bebddf87c51e12fe9abdb8ae97e207025d2cf54daf",,"2024-06-04T17:13:00.000","30","NO CONTROLS","NO CONTROLS","CLEAR","DAYLIGHT","ANGLE","NOT DIVIDED",,"STRAIGHT AND LEVEL","DRY","NO DEFECTS","ON SCENE","INJURY AND / OR TOW DUE TO CRASH","Y",,,"OVER $1,500","2024-06-04T17:13:00.000","FAILING TO YIELD RIGHT-OF-WAY","NOT APPLICABLE","9700","S","EMERALD AVE","2223",,,,,,,"2","REPORTED, NOT EVIDENT","1","0","0","0","1","1","0","17","3","6","41.717749882","-87.642043832","POINT (-87.642043832081 41.717749882171)"
"331b3451d4df6a7769e776aeb62079c059fc5977416b3c26ea13e3b3b841dd26126e7fdc97ce85b840fafefb62cbd114a480216ca1744ed62012e92f46348ec5",,"2024-06-04T17:09:00.000","30","UNKNOWN","UNKNOWN","CLEAR","DAYLIGHT","PEDALCYCLIST","DIVIDED - W/MEDIAN (NOT RAISED)",,"STRAIGHT AND LEVEL","DRY","UNKNOWN","ON SCENE","NO INJURY / DRIVE AWAY","Y",,,"$500 OR LESS","2024-06-04T17:10:00.000","FAILING TO YIELD RIGHT-OF-WAY","FAILING TO YIELD RIGHT-OF-WAY","1000","N","ORLEANS ST","1823",,,,,,,"2","NO INDICATION OF INJURY","0","0","0","0","0","3","0","17","3","6","41.900540899","-87.637471181","POINT (-87.637471180668 41.900540898994)"
"41db09ef0493a0d1c813e4359d3fca2a1f1cf5160882a71895bd0a27e143636c5833b5cecc7f2489f8ae1db1476b546e5e2a50c4765b92f268961ffc07c22e43",,"2024-06-04T17:05:00.000","30","TRAFFIC SIGNAL","FUNCTIONING PROPERLY","CLOUDY/OVERCAST","DAYLIGHT","TURNING","FOUR WAY",,"STRAIGHT AND LEVEL","DRY","NO DEFECTS","NOT ON SCENE (DESK REPORT)","INJURY AND / OR TOW DUE TO CRASH","Y",,"Y","OVER $1,500","2024-06-04T18:00:00.000","UNABLE TO DETERMINE","UNABLE TO DETERMINE","1000","W","TAYLOR ST","1232",,,,,,,"2","REPORTED, NOT EVIDENT","2","0","0","0","2","1","0","17","3","6","41.869615798","-87.651162183","POINT (-87.651162183323 41.869615797854)"
"a7390e2d073db7fbeda306cc9edab3957bb3b7f7a26276c889a51e06e69a6afd9ca153fe21573297d499bb41d9951c448a3dc40d697385700cca6cdb14a75467",,"2024-06-04T17:05:00.000","30","NO CONTROLS","NO CONTROLS","CLEAR","DAYLIGHT","PARKED MOTOR VEHICLE","ONE-WAY",,"STRAIGHT AND LEVEL","DRY","UNKNOWN","ON SCENE","NO INJURY / DRIVE AWAY",,,,"OVER $1,500","2024-06-04T17:11:00.000","UNABLE TO DETERMINE","UNABLE TO DETERMINE","4924","W","POLK ST","1533",,,,,,,"2","NO INDICATION OF INJURY","0","0","0","0","0","1","0","17","3","6","41.870335746","-87.74809254","POINT (-87.748092540039 41.870335746315)"
"cfd6f757bba8f36eed63be49d56a9ea37da3c04397c3e26708aa987f499d0712b6693751f814ce04fcd3cbb445f50408bb305d899dc45c27fb0ebff016dd792f","Y","2024-06-04T17:05:00.000","30","NO CONTROLS","NO CONTROLS","CLEAR","DAYLIGHT","PARKED MOTOR VEHICLE","NOT DIVIDED",,"STRAIGHT AND LEVEL","DRY","NO DEFECTS","ON SCENE","NO INJURY / DRIVE AWAY",,,"Y","OVER $1,500","2024-06-04T19:12:00.000","FOLLOWING TOO CLOSELY","DRIVING SKILLS/KNOWLEDGE/EXPERIENCE","1135","S","AUSTIN BLVD","1513",,,,,,,"2","NO INDICATION OF INJURY","0","0","0","0","0","1","0","17","3","6","41.866234956","-87.774009846","POINT (-87.774009846041 41.866234955727)"