"crash_record_id","crash_date_est_i","crash_date","posted_speed_limit","traffic_control_device","device_condition","weather_condition","lighting_condition","first_crash_type","trafficway_type","lane_cnt","alignment","roadway_surface_cond","road_defect","report_type","crash_type","intersection_related_i","private_property_i","hit_and_run_i","damage","date_police_notified","prim_contributory_cause","sec_contributory_cause","street_no","street_direction","street_name","beat_of_occurrence","photos_taken_i","statements_taken_i","dooring_i","work_zone_i","work_zone_type","workers_present_i","num_units","most_severe_injury","injuries_total","injuries_fatal","injuries_incapacitating","injuries_non_incapacitating","injuries_reported_not_evident","injuries_no_indication","injuries_unknown","crash_hour","crash_day_of_week","crash_month","latitude","longitude","location"
"0ac35af405655464905fea2c11cd3ce035814afc9a331a80ae21f030add59f366a8f3814c42a788400e0a2e9faeecbb932b1d1d8ac99d9b085a249681227969a","Y","2024-06-04T17:00:00.000","30","NO CONTROLS","NO CONTROLS","RAIN","DAYLIGHT","PARKED MOTOR VEHICLE","DIVIDED - W/MEDIAN (NOT RAISED)",,"STRAIGHT AND LEVEL","WET","UNKNOWN","ON SCENE","NO INJURY / DRIVE AWAY",,,"Y","OVER $1,500","2024-06-04T17:02:00.000","DRIVING SKILLS/KNOWLEDGE/EXPERIENCE","FAILING TO REDUCE SPEED TO AVOID CRASH","4879","W","ARMITAGE AVE","2533",,,,,,,"3","NO INDICATION OF INJURY","0","0","0","0","0","1","0","17","3","6","41.916780905","-87.749321556","POINT (-87.749321556204 41.916780904777)"
"382d98c1b7dfc23fc4551649f6d99c795aa038d51799485010052dbbfe09233855528eb55524301b12df840e1352d944605d072a3505667bedd5a7c60c5a0434",,"2024-06-04T17:00:00.000","15","NO CONTROLS","NO CONTROLS","CLEAR","DAYLIGHT","PARKED MOTOR VEHICLE","ONE-WAY",,"STRAIGHT AND LEVEL","DRY","UNKNOWN","ON SCENE","NO INJURY / DRIVE AWAY",,,"Y","OVER $1,500","2024-06-04T18:00:00.000","UNABLE TO DETERMINE","UNABLE TO DETERMINE","5659","S","ARTESIAN AVE","824",,,,,,,"2","NO INDICATION OF INJURY","0","0","0","0","0","1","0","17","3","6","41.790604551","-87.685053899","POINT (-87.685053899201 41.790604551381)"
"7165314ae749c6cab12a113d3972730c4dbdef390259772fcf330dcdee1194b13620e3301b40779880eda1a8cf59d6a3af1ca3b768522cda4ba160e0ad66c476",,"2024-06-04T17:00:00.000","30","YIELD","FUNCTIONING PROPERLY","CLEAR","DAYLIGHT","PEDALCYCLIST","NOT DIVIDED",,"STRAIGHT AND LEVEL","DRY","NO DEFECTS","ON SCENE","INJURY AND / OR TOW DUE TO CRASH","Y",,"Y","OVER $1,500","2024-06-04T17:17:00.000","UNABLE TO DETERMINE","FAILING TO REDUCE SPEED TO AVOID CRASH","7401","S","DAMEN AVE","735",,,,,,,"2","REPORTED, NOT EVIDENT","1","0","0","0","1","1","0","17","3","6","41.759241201","-87.67324364","POINT (-87.673243639866 41.759241201089)"
"4fd7844370f256a935168e9c1e68e84efe404c688ae599ab73dad5ff75606d7af247e542768790a534c18088101ef7dc57d53d8ae43cb432ab291cea902fbed3",,"2024-06-04T16:55:00.000","30","STOP SIGN/FLASHER","FUNCTIONING PROPERLY","CLEAR","DAYLIGHT","PARKED MOTOR VEHICLE","FOUR WAY",,"STRAIGHT AND LEVEL","DRY","NO DEFECTS","NOT ON SCENE (DESK REPORT)","NO INJURY / DRIVE AWAY","Y",,,"$501 - $1,500","2024-06-04T16:57:00.000","IMPROPER TURNING/NO SIGNAL","NOT APPLICABLE","856","N","OAKLEY BLVD","1212",,,,,,,"2","NO INDICATION OF INJURY","0","0","0","0","0","2","0","16","3","6","41.897496822","-87.684588274","POINT (-87.684588273513 41.897496821515)"
"d4b74245ad369a70646d588b8bbb06dd9f78a18e44bfc606dfe7103f7202aed59155de328e28880b511e8f942eec15d421294a77c584da1e51e4edc88052fb76","N","2024-06-04T16:54:00.000","20","NO CONTROLS","NO CONTROLS","CLEAR","DAYLIGHT","REAR TO REAR","PARKING LOT",,"STRAIGHT AND LEVEL","DRY","NO DEFECTS","ON SCENE","NO INJURY / DRIVE AWAY",,"Y",,"$501 - $1,500","2024-06-04T16:57:00.000","NOT APPLICABLE","NOT APPLICABLE","3000","S","HALSTED ST","913",,,,,,,"2","NO INDICATION OF INJURY","0","0","0","0","0","2","0","16","3","6","41.839771947","-87.646467511","POINT (-87.646467511129 41.839771946584)"
"adaa4de3ec4f88696bdc2ed241b4be6d6eae1cc666c20afc4b97801ff0a7f8864364d6b3e5c080f4d40fe2750c8eda954008266d74ff7526fe438839b88f6517",,"2024-06-04T16:45:00.000","30","NO CONTROLS","NO CONTROLS","CLEAR","DAYLIGHT","SIDESWIPE SAME DIRECTION","NOT DIVIDED",,"STRAIGHT AND LEVEL","DRY","UNKNOWN","NOT ON SCENE (DESK REPORT)","NO INJURY / DRIVE AWAY",,,,"$500 OR LESS","2024-06-04T17:45:00.000","IMPROPER OVERTAKING/PASSING","NOT APPLICABLE","3844","N","ASHLAND AVE","1922",,,,,,,"2","NO INDICATION OF INJURY","0","0","0","0","0","2","0","16","3","6","41.951975925","-87.669137862","POINT (-87.66913786161 41.951975924638)"
"99e708a0782847c4a4e777be6ed4d0d120dd1c53ee2dccddc6ea8a677b4b648aa1c3715e487ebd36f4436a49255868bbc67fe59dfb0c2ed17fc3ed06c12b9ff8",,"2024-06-04T16:41:00.000","30","NO CONTROLS","NO CONTROLS","CLOUDY/OVERCAST","DAWN","PEDALCYCLIST","ALLEY",,"STRAIGHT AND LEVEL","DRY","NO DEFECTS","ON SCENE","INJURY AND / OR TOW DUE TO CRASH",,,,"$500 OR LESS","2024-06-04T16:43:00.000","UNABLE TO DETERMINE","UNABLE TO DETERMINE","4443","N","HAZEL ST","1914",,,,,,,"2","REPORTED, NOT EVIDENT","1","0","0","0","1","1","0","16","3","6","41.963082422","-87.652208495","POINT (-87.652208495105 41.963082421668)"
"261470a1947f2dab7df85e93ba3a7b39e00c29246f6fca7c03d6f2a5d047dfb917476d41f1218bf0c460e843102c40d889a17f50d39f64c7ca8e32bbe5161453",,"2024-06-04T16:40:00.000","30","TRAFFIC SIGNAL","FUNCTIONING PROPERLY","CLEAR","DAYLIGHT","ANGLE","FOUR WAY",,"STRAIGHT AND LEVEL","DRY","NO DEFECTS","ON SCENE","NO INJURY / DRIVE AWAY","Y",,,"OVER $1,500","2024-06-04T16:40:00.000","UNABLE TO DETERMINE","UNABLE TO DETERMINE","5500","S","LA SALLE ST","225",,,,,,,"2","NO INDICATION OF INJURY","0","0","0","0","0","8","0","16","3","6","41.794144961","-87.62944194","POINT (-87.629441939823 41.794144961276)"
"21e1fb9d0b46b4df13a491b8e5d3124ce4ef126c8c2679c651347d3f7e74c376c63ff61a40d60dabb063d783c4a9d1794b28e90cbcd3c24695908f9d8f19441e",,"2024-06-04T16:30:00.000","30","STOP SIGN/FLASHER","FUNCTIONING PROPERLY","CLEAR","DAYLIGHT","ANGLE","DIVIDED - W/MEDIAN (NOT RAISED)",,"STRAIGHT AND LEVEL","DRY","NO DEFECTS","NOT ON SCENE (DESK REPORT)","NO INJURY / DRIVE AWAY",,,,"OVER $1,500","2024-06-04T16:40:00.000","UNABLE TO DETERMINE","UNABLE TO DETERMINE","2235","S","PULASKI RD","1013",,,,,,,"2","NO INDICATION OF INJURY","0","0","0","0","0","3","0","16","3","6","41.850403075","-87.724581171","POINT (-87.724581170563 41.850403074919)"
"7982ee9c84258b5b6bb8dd203a10233eb9f560e13ca9d372f7cf79736f1c5de324bd9f469b334b9ab000f0b683bef5807d6f4ff9c0c16751cd22429c6096db26",,"2024-06-04T16:30:00.000","30","TRAFFIC SIGNAL","FUNCTIONING PROPERLY","CLEAR","DARKNESS, LIGHTED ROAD","REAR END","DIVIDED - W/MEDIAN BARRIER",,"STRAIGHT AND LEVEL","WET","UNKNOWN","NOT ON SCENE (DESK REPORT)","NO INJURY / DRIVE AWAY",,,,"$501 - $1,500","2024-06-04T21:00:00.000","FOLLOWING TOO CLOSELY","FOLLOWING TOO CLOSELY","548","S","LAKE SHORE DR NB","114",,,,,,,"2","NO INDICATION OF INJURY","0","0","0","0","0","2","0","16","3","6","41.874798313","-87.617493701","POINT (-87.617493701305 41.874798313185)"
"138bc3f8be023ae7b263330bf75d98a9fba6346f83f69a08d683903fdad175b97056be81eb0e91ed100abb460caf98b62ec8145fbe27ccaf3295f941e6485568",,"2024-06-04T16:20:00.000","30","TRAFFIC SIGNAL","FUNCTIONING PROPERLY","CLEAR","DAYLIGHT","REAR END","NOT DIVIDED",,"STRAIGHT AND LEVEL","DRY","NO DEFECTS","ON SCENE","NO INJURY / DRIVE AWAY",,,,"OVER $1,500","2024-06-04T16:34:00.000","FOLLOWING TOO CLOSELY","NOT APPLICABLE","1951","N","WESTERN AVE","1434",,,,,,,"2","NO INDICATION OF INJURY","0","0","0","0","0","3","0","16","3","6","41.917103631","-87.687248767","POINT (-87.687248767006 41.917103631009)"
"e58dde440f4b33da80064beb25564375918122efd12d88b1d1d9a82adf522f6b6e97c131dfeb8cdf8172fcbf7ea59b26e601c84bf00d6e106593f41cb0738112",,"2024-06-04T16:20:00.000","35","TRAFFIC SIGNAL","FUNCTIONING PROPERLY","CLEAR","DAWN","REAR END","NOT DIVIDED",,"STRAIGHT AND LEVEL","DRY","UNKNOWN","NOT ON SCENE (DESK REPORT)","NO INJURY / DRIVE AWAY",,,,"OVER $1,500","2024-06-04T17:00:00.000","FOLLOWING TOO CLOSELY","UNABLE TO DETERMINE","4276","S","ASHLAND AVE","924",,,,,,,"2","NO INDICATION OF INJURY","0","0","0","0","0","2","0","16","3","6","41.815932975","-87.665296328","POINT (-87.66529632779 41.815932975472)"
"dc78f2bef79ba90983308f78c4bdfd4cd8ebebb037bc8cc4321b899d44ca60d695bb6d07344ac119e3863fbb40a9b733e56085a2432da7e3ceefe44793dae1da",,"2024-06-04T16:15:00.000","30","NO CONTROLS","NO CONTROLS","CLEAR","DAYLIGHT","REAR END","NOT DIVIDED",,"STRAIGHT AND LEVEL","DRY","NO DEFECTS","NOT ON SCENE (DESK REPORT)","NO INJURY / DRIVE AWAY",,,,"$501 - $1,500","2024-06-04T16:34:00.000","FOLLOWING TOO CLOSELY","NOT APPLICABLE","5526","W","BELMONT AVE","1633",,,,,,,"2","NO INDICATION OF INJURY","0","0","0","0","0","2","0","16","3","6","41.938701639","-87.765131012","POINT (-87.765131011674 41.938701639317)"
"9b4f9f0bd49518d262f9b07f72ba06f3155dc56b4acfa02b8aece141ec1f2ddd01ffc1a4286131ef9a8d9d1142c0ab2fb9f1325b290654b434985b2a4456231f","Y","2024-06-04T16:14:00.000","30","TRAFFIC SIGNAL","UNKNOWN","CLEAR","DAYLIGHT","TURNING","FIVE POINT, OR MORE",,"STRAIGHT AND LEVEL","UNKNOWN","NO DEFECTS","NOT ON SCENE (DESK REPORT)","NO INJURY / DRIVE AWAY",,,,"OVER $1,500","2024-06-04T22:10:00.000","UNABLE TO DETERMINE","UNABLE TO DETERMINE","3901","S","ROCKWELL ST","921","Y",,,,,,"2","NO INDICATION OF INJURY","0","0","0","0","0","2","0","16","3","6","41.822837287","-87.68958051","POINT (-87.689580510397 41.822837287204)"
"1316f6fc922e441e0bc927808d1e569b2a580771706dcdcbf6b3257812f04fc9f611e19adc29ea1c71d4be79a1225e053e28d0bc8c9a55ac8dc875e04fc06c38",,"2024-06-04T16:12:00.000","25","NO CONTROLS","NO CONTROLS","CLEAR","DAYLIGHT","TURNING","NOT DIVIDED",,"STRAIGHT AND LEVEL","DRY","NO DEFECTS","ON SCENE","NO INJURY / DRIVE AWAY",,,"Y","$501 - $1,500","2024-06-04T16:22:00.000","FAILING TO YIELD RIGHT-OF-WAY","UNABLE TO DETERMINE","3216","W","47TH ST","821",,,,,,,"2","NO INDICATION OF INJURY","0","0","0","0","0","2","0","16","3","6","41.808220952","-87.704709085","POINT (-87.70470908521 41.808220951718)"
"d9944fc251fb8be0a2c049802e7ea2fc7d9445f80d29403db17bd6477588750c639ffc959e949f09af8c0fb07eab6f76429fd899dbcc283d9c5f4f1c1eb4ed47",,"2024-06-04T16:10:00.000","30","TRAFFIC SIGNAL","FUNCTIONING PROPERLY","CLOUDY/OVERCAST","DAYLIGHT","REAR END","DIVIDED - W/MEDIAN (NOT RAISED)",,"STRAIGHT AND LEVEL","DRY","NO DEFECTS","NOT ON SCENE (DESK REPORT)","INJURY AND / OR TOW DUE TO CRASH","Y",,"Y","$501 - $1,500","2024-06-04T18:26:00.000","FAILING TO REDUCE SPEED TO AVOID CRASH","UNABLE TO DETERMINE","205","W","83RD ST","622",,,,,,,"2","REPORTED, NOT EVIDENT","1","0","0","0","1","1","0","16","3","6","41.743467706","-87.629382405","POINT (-87.629382405065 41.743467705817)"
"47808590163c1e2faca860db56471bd073b501a0a70c21683496b14d497b7d611f3439625c3c3cf8df93eda287ba233bdb9fa892b465380ddeb53d1cbadf3569",,"2024-06-04T16:09:00.000","20","NO CONTROLS","NO CONTROLS","CLEAR","DAYLIGHT","REAR TO REAR","PARKING LOT",,"STRAIGHT AND LEVEL","DRY","UNKNOWN","NOT ON SCENE (DESK REPORT)","NO INJURY / DRIVE AWAY",,,,"OVER $1,500","2024-06-04T17:00:00.000","IMPROPER BACKING","IMPROPER BACKING","9400","S","ASHLAND AVE","2221",,,,,,,"2","NO INDICATION OF INJURY","0","0","0","0","0","3","0","16","3","6","41.722941218","-87.662862871","POINT (-87.662862871273 41.72294121821)"
"efa98f613c656234560fc3e2380d56285b4e20fbfd9569d9c5c0c9b4f533ca50da6f46782a45929ab42f53ae3e5fd22c067497eb363bd2532aa751d932b08894",,"2024-06-04T16:09:00.000","20","STOP SIGN/FLASHER","FUNCTIONING PROPERLY","CLEAR","DAYLIGHT","TURNING","FOUR WAY",,"STRAIGHT AND LEVEL","DRY","NO DEFECTS","ON SCENE","INJURY AND / OR TOW DUE TO CRASH","Y",,,"OVER $1,500","2024-06-04T16:22:00.000","UNABLE TO DETERMINE","NOT APPLICABLE","3529","E","135TH ST","433",,,,,,,"2","NO INDICATION OF INJURY","0","0","0","0","0","3","0","16","3","6","41.649906604","-87.537517973","POINT (-87.537517972586 41.64990660361)"
"478796ea55813b8d6450e53a1affa51147ec18d00afc1eeb8f33327a85bb063f527e850cf422e681b61ca80790675c805c04b1344ab33050ed262689be1ac2b6",,"2024-06-04T16:02:00.000","30","TRAFFIC SIGNAL","FUNCTIONING PROPERLY","CLEAR","DAYLIGHT","REAR END","DIVIDED - W/MEDIAN (NOT RAISED)",,"STRAIGHT AND LEVEL","UNKNOWN","UNKNOWN","NOT ON SCENE (DESK REPORT)","NO INJURY / DRIVE AWAY",,,,"OVER $1,500","2024-06-04T17:00:00.000","DRIVING SKILLS/KNOWLEDGE/EXPERIENCE","UNABLE TO DETERMINE","550","W","ROOSEVELT RD","124",,,,,,,"3","NO INDICATION OF INJURY","0","0","0","0","0","4","0","16","3","6","41.867344452","-87.641238281","POINT (-87.641238281435 41.867344452259)"
"1d42913c6f510468f2dce1b3e66c236b02135dae708ed9efead4525ce454b803faa06ce68fb39a61a4da83638dbc7c573debaa627e70df1f5da7c9844463548b",,"2024-06-04T16:00:00.000","25","TRAFFIC SIGNAL","UNKNOWN","CLEAR","DAYLIGHT","ANGLE","DIVIDED - W/MEDIAN (NOT RAISED)",,"STRAIGHT AND LEVEL","DRY","UNKNOWN","ON SCENE","INJURY AND / OR TOW DUE TO CRASH","Y",,,"OVER $1,500","2024-06-04T16:00:00.000","DISREGARDING TRAFFIC SIGNALS","IMPROPER OVERTAKING/PASSING","1600","W","VAN BUREN ST","1231",,,,,,,"2","NONINCAPACITATING INJURY","1","0","0","1","0","3","0","16","3","6","41.876460927","-87.666707651","POINT (-87.666707650735 41.876460927341)"
"77ae2a27be212c955a3d59372b6f2f74c76939374e424cb6d0ea3d14fcea45415fff3d6b5f7249d62a9790e0659751ccabb207dd96cdf560e0ef062a7b82ed53",,"2024-06-04T16:00:00.000","25","NO CONTROLS","NO CONTROLS","CLEAR","DAWN","SIDESWIPE SAME DIRECTION","NOT DIVIDED",,"STRAIGHT AND LEVEL","DRY","NO DEFECTS","NOT ON SCENE (DESK REPORT)","NO INJURY / DRIVE AWAY",,,,"$501 - $1,500","2024-06-04T16:52:00.000","NOT APPLICABLE","NOT APPLICABLE","3925","W","MADISON ST","1122",,,,,,,"2","NO INDICATION OF INJURY","0","0","0","0","0","2","0","16","3","6","41.880639043","-87.723951352","POINT (-87.723951352023 41.880639042856)"
"9fc0688291341f7919a89bb4dadf05c6c99a01db9c850fc701ddca79b916e4ab0a038972e32b5234bf1fa0a2da558f2d7c9e7668a52e71da31659f1cd3a1b8fc",,"2024-06-04T16:00:00.000","30","TRAFFIC SIGNAL","FUNCTIONING PROPERLY","CLEAR","DAYLIGHT","SIDESWIPE SAME DIRECTION","NOT DIVIDED",,"STRAIGHT AND LEVEL","DRY","NO DEFECTS","NOT ON SCENE (DESK REPORT)","NO INJURY / DRIVE AWAY",,,,"$501 - $1,500","2024-06-04T17:30:00.000","IMPROPER OVERTAKING/PASSING","NOT APPLICABLE","2367","W","LOGAN BLVD","1432",,,,,,,"2","NO INDICATION OF INJURY","0","0","0","0","0","2","0","16","3","6","41.928999687","-87.687024336","POINT (-87.687024335923 41.928999687057)"
"dc1dc81071662575deceb7b4e488a00c50075f1f8b261110432643726c0fd1ac16e4bd0adaff2e5d986b087862a757c6f087ac898c533c2f7f3a1fd08235d9f3",,"2024-06-04T16:00:00.000","30","NO CONTROLS","NO CONTROLS","CLEAR","DAYLIGHT","PARKED MOTOR VEHICLE","PARKING LOT",,"STRAIGHT AND LEVEL","DRY","UNKNOWN","ON SCENE","INJURY AND / OR TOW DUE TO CRASH",,,,"$501 - $1,500","2024-06-04T16:10:00.000","UNABLE TO DETERMINE","UNABLE TO DETERMINE","411","S","PEORIA ST","1232",,,,,,,"2","NO INDICATION OF INJURY","0","0","0","0","0","1","0","16","3","6","41.876239928","-87.649379148","POINT (-87.649379148052 41.87623992799)"
"fb5e5941ce6824339ad6b6461b0e7073487a9dd05e9f805a40b8e56b6e43f449d9da9d4ff5063126eadabd14de4a7dfd1085b76e97c66424330cffebb821e808",,"2024-06-04T16:00:00.000","25","TRAFFIC SIGNAL","FUNCTIONING PROPERLY","CLEAR","DAYLIGHT","REAR END","RAMP",,"STRAIGHT AND LEVEL","DRY","NO DEFECTS","NOT ON SCENE (DESK REPORT)","NO INJURY / DRIVE AWAY",,,,"OVER $1,500","2024-06-04T16:20:00.000","FOLLOWING TOO CLOSELY","NOT APPLICABLE","3200","N","LAKE SHORE DR","1925",,,,,,,"2","NO INDICATION OF INJURY","0","0","0","0","0","2","0","16","3","6","41.940909163","-87.63936916","POINT (-87.639369159955 41.940909163268)"
"d48c7a2d8cbccda1ae17aef1ee549d8917b69b24da4b558991fd154709b72393b31d6ccb4f43b6b04a8afb9121119dad335b9933a2398885d829facbf7938ed3",,"2024-06-04T15:53:00.000","15","NO CONTROLS","NO CONTROLS","CLEAR","DAYLIGHT","FIXED OBJECT","ALLEY",,"STRAIGHT AND LEVEL","DRY","NO DEFECTS","ON SCENE","NO INJURY / DRIVE AWAY",,"Y","Y","$501 - $1,500","2024-06-04T16:25:00.000","UNABLE TO DETERMINE","UNABLE TO DETERMINE","8544","S","MACKINAW AVE","424",,,,,,,"1","NO INDICATION OF INJURY","0","0","0","0","0","1","0","15","3","6","41.739788075","-87.54310497","POINT (-87.543104969991 41.739788074831)"
"89ab834bf234c8ea12e5655213a3be4e8a25147f98ac3b3ec0bb4fa4f92332c8820fa45c20689ba8d5bd475da2cf32fbd64b226bfca6f89563c2adbe9a17a760",,"2024-06-04T15:52:00.000","30","NO CONTROLS","NO CONTROLS","CLEAR","DAYLIGHT","SIDESWIPE SAME DIRECTION","NOT DIVIDED",,"STRAIGHT AND LEVEL","DRY","NO DEFECTS","ON SCENE","NO INJURY / DRIVE AWAY",,,,"OVER $1,500","2024-06-04T15:53:00.000","IMPROPER OVERTAKING/PASSING","FAILING TO REDUCE SPEED TO AVOID CRASH","4318","S","STATE ST","215",,,,,,,"2","NO INDICATION OF INJURY","0","0","0","0","0","3","0","15","3","6","41.815894554","-87.626403803","POINT (-87.626403803218 41.815894554324)"
"285d9d82d42bcd117bb44d73e474de2832cc3fa340982c815d3e2be290420f4777fdd43f00eb5b564cd02ea98966d85e91a470f8aaad882d1b98709dd6f92fc4",,"2024-06-04T15:45:00.000","30","TRAFFIC SIGNAL","FUNCTIONING PROPERLY","CLEAR","DAYLIGHT","ANGLE","FOUR WAY",,"STRAIGHT AND LEVEL","DRY","SHOULDER DEFECT","NOT ON SCENE (DESK REPORT)","NO INJURY / DRIVE AWAY","Y",,,"$501 - $1,500","2024-06-04T18:40:00.000","FAILING TO YIELD RIGHT-OF-WAY","FAILING TO REDUCE SPEED TO AVOID CRASH","2432","N","SHEFFIELD AVE","1932",,,,,,,"2","NO INDICATION OF INJURY","0","0","0","0","0","2","0","15","3","6","41.92629115","-87.653788401","POINT (-87.653788401231 41.926291150287)"
"8a5a915953e4bf5f26c73746623b9c63e2cd7cfff5589e964a928272d847f4d1a6e839a81b377ff998d5615a528bfbc9d7c284bf87d28956cfc6a19cb306691b",,"2024-06-04T15:38:00.000","30","NO CONTROLS","NO CONTROLS","CLEAR","DAYLIGHT","REAR END","DIVIDED - W/MEDIAN BARRIER",,"STRAIGHT AND LEVEL","DRY","UNKNOWN","ON SCENE","NO INJURY / DRIVE AWAY",,,,"OVER $1,500","2024-06-04T15:39:00.000","IMPROPER OVERTAKING/PASSING","NOT APPLICABLE","6104","N","CLARK ST","2433",,,,,,,"2","NO INDICATION OF INJURY","0","0","0","0","0","4","0","15","3","6","41.992916802","-87.670245864","POINT (-87.670245864354 41.992916802489)"
"ab715fc21cb67602646b06abe41a070b1b4997f69d42c4e5b1945ff8c3894352149edde7387457b715953d1ff854315641b47d297d060b67ebb91e01aac683a0",,"2024-06-04T15:33:00.000","30","TRAFFIC SIGNAL","FUNCTIONING PROPERLY","CLEAR","DAYLIGHT","TURNING","FOUR WAY",,"STRAIGHT AND LEVEL","DRY","UNKNOWN","ON SCENE","INJURY AND / OR TOW DUE TO CRASH",,,,"OVER $1,500","2024-06-04T15:33:00.000","FAILING TO YIELD RIGHT-OF-WAY","NOT APPLICABLE","38","W","MARQUETTE RD","722",,,,,,,"2","REPORTED, NOT EVIDENT","2","0","0","0","2","0","0","15","3","6","41.772795668","-87.626751904","POINT (-87.626751904425 41.77279566782)"
"20a28606c5cfecf646c7060e888362bc318aed431309b66ca968f3ef2d005d15208a1710693487ca35748c0fe549fbb8fb493f918ff648b8ce9b84ca2b4b4c09",,"2024-06-04T15:30:00.000","30","NO CONTROLS","NO CONTROLS","CLEAR","DAYLIGHT","REAR END","DIVIDED - W/MEDIAN (NOT RAISED)",,"STRAIGHT AND LEVEL","DRY","NO DEFECTS","NOT ON SCENE (DESK REPORT)","NO INJURY / DRIVE AWAY",,,,"$501 - $1,500","2024-06-04T17:30:00.000","FOLLOWING TOO CLOSELY","FAILING TO REDUCE SPEED TO AVOID CRASH","1105","W","CHICAGO AVE","1215",,,,,,,"2","NO INDICATION OF INJURY","0","0","0","0","0","2","0","15","3","6","41.896156347","-87.655474544","POINT (-87.655474544459 41.896156346949)"
"57726272091c029b0ee1024045f92ea60840a1170bc5a752ba128ef686b0b541fdb29d7b580fdea31d5fa21dfbf0f70d1f53adeefefa81f8c5180f882700e67a",,"2024-06-04T15:30:00.000","15","YIELD","UNKNOWN","CLEAR","DAYLIGHT","REAR END","UNKNOWN",,"STRAIGHT AND LEVEL","DRY","NO DEFECTS","NOT ON SCENE (DESK REPORT)","NO INJURY / DRIVE AWAY",,"Y",,"OVER $1,500","2024-06-04T16:05:00.000","FOLLOWING TOO CLOSELY","FAILING TO REDUCE SPEED TO AVOID CRASH","4546","N","KEDZIE AVE","1724",,,,,,,"2","NO INDICATION OF INJURY","0","0","0","0","0","2","0","15","3","6","41.964387529","-87.708492478","POINT (-87.708492478441 41.964387528635)"
"5d30d53f3d78172b652b31fb53d999793c85512f25da75068eb24f6546cd18997a6bd21a4bf09af469b3df30757e6c603b4758eccddc5871eb7e1bd3cf0d1cdb",,"2024-06-04T15:30:00.000","30","STOP SIGN/FLASHER","FUNCTIONING PROPERLY","CLEAR","DAYLIGHT","SIDESWIPE SAME DIRECTION","ONE-WAY",,"STRAIGHT AND LEVEL","DRY","NO DEFECTS","NOT ON SCENE (DESK REPORT)","NO INJURY / DRIVE AWAY",,,,"OVER $1,500","2024-06-04T16:48:00.000","FAILING TO YIELD RIGHT-OF-WAY","NOT APPLICABLE","1059","N","WALLER AVE","1511",,,,,,,"2","NO INDICATION OF INJURY","0","0","0","0","0","3","0","15","3","6","41.900194651","-87.767864932","POINT (-87.767864931678 41.900194650955)"
"7761e59ba764af8ba3c2694eb3f5cfd8998baaf89c1c690ef6a6de6c85bf34d3e4448a82ac120a437faddc00cf76d5b1422b395a6f0d3798cce6858b640694ab",,"2024-06-04T15:30:00.000","35","TRAFFIC SIGNAL","FUNCTIONING PROPERLY","CLEAR","DAYLIGHT","REAR END","DIVIDED - W/MEDIAN (NOT RAISED)",,"STRAIGHT AND LEVEL","DRY","NO DEFECTS","NOT ON SCENE (DESK REPORT)","NO INJURY / DRIVE AWAY","Y",,,"OVER $1,500","2024-06-04T16:00:00.000","FOLLOWING TOO CLOSELY","UNABLE TO DETERMINE","7700","S","DAMEN AVE","611",,,,,,,"2","NO INDICATION OF INJURY","0","0","0","0","0","2","0","15","3","6","41.753781646","-87.673382486","POINT (-87.673382486165 41.753781646027)"
"7c2e7f6b124b843518c5e20aee49ed83cef1e9c4407ec668b6a125bdfb6fa70eed532db29bd82f7ab331b4721e0dd45f4d5388140117a0e23821c85a5bc32b0f",,"2024-06-04T15:30:00.000","30","NO CONTROLS","NO CONTROLS","CLEAR","DAYLIGHT","SIDESWIPE SAME DIRECTION","NOT DIVIDED",,"STRAIGHT AND LEVEL","DRY","NO DEFECTS",,"NO INJURY / DRIVE AWAY",,,,"$501 - $1,500","2024-06-04T17:10:00.000","IMPROPER OVERTAKING/PASSING","NOT APPLICABLE","3806","W","55TH ST","822",,,,,,,"2","NO INDICATION OF INJURY","0","0","0","0","0","4","0","15","3","6","41.793381545","-87.718597842","POINT (-87.71859784227 41.793381544707)"
"0ec7a2fcafb94483ee7ab47b70729131f7bb7546c77d3b23836ea5acee924885b9e387c55f786eb336c585b3163c01903ec3c1a4988dcb58c0542aa146db1d50",,"2024-06-04T15:27:00.000","30","NO CONTROLS","NO CONTROLS","CLEAR","DAYLIGHT","TURNING","FOUR WAY",,"STRAIGHT AND LEVEL","DRY","NO DEFECTS","ON SCENE","NO INJURY / DRIVE AWAY",,,,"OVER $1,500","2024-06-04T16:03:00.000","IMPROPER TURNING/NO SIGNAL","NOT APPLICABLE","6711","S","KEDZIE AVE","831",,,,,,,"2","NO INDICATION OF INJURY","0","0","0","0","0","3","0","15","3","6","41.771276471","-87.702815016","POINT (-87.702815016235 41.771276471408)"
"da610cf2ca22a00bbe9aaeaf031cf591383fb648bc6f51bb19c5ef4b03ed0e1ff5b244513a9bd64391e0d507db2ab64b6fe3889197613ed4c522f7f0e1a0337f",,"2024-06-04T15:25:00.000","30","TRAFFIC SIGNAL","FUNCTIONING PROPERLY","CLEAR","DAYLIGHT","REAR END","NOT DIVIDED",,"STRAIGHT AND LEVEL","DRY","NO DEFECTS","NOT ON SCENE (DESK REPORT)","NO INJURY / DRIVE AWAY","Y",,"Y","$501 - $1,500","2024-06-04T16:11:00.000","FOLLOWING TOO CLOSELY","NOT APPLICABLE","2559","N","NARRAGANSETT AVE","2512",,,,,,,"2","NO INDICATION OF INJURY","0","0","0","0","0","2","0","15","3","6","41.927260231","-87.785433653","POINT (-87.785433653082 41.927260231341)"