"crash_record_id","crash_date_est_i","crash_date","posted_speed_limit","traffic_control_device","device_condition","weather_condition","lighting_condition","first_crash_type","trafficway_type","lane_cnt","alignment","roadway_surface_cond","road_defect","report_type","crash_type","intersection_related_i","private_property_i","hit_and_run_i","damage","date_police_notified","prim_contributory_cause","sec_contributory_cause","street_no","street_direction","street_name","beat_of_occurrence","photos_taken_i","statements_taken_i","dooring_i","work_zone_i","work_zone_type","workers_present_i","num_units","most_severe_injury","injuries_total","injuries_fatal","injuries_incapacitating","injuries_non_incapacitating","injuries_reported_not_evident","injuries_no_indication","injuries_unknown","crash_hour","crash_day_of_week","crash_month","latitude","longitude","location"
"fc1aecb93bacfb2224c47ace03a729bceaa49101a4c104ad8ee921d87f2a88c95c0868fd3b0c8fa75525df466406ce935afa5c1452d3f8222a9ed4710061e6f8",,"2024-06-04T15:20:00.000","30","UNKNOWN","UNKNOWN","CLEAR","DAYLIGHT","SIDESWIPE OPPOSITE DIRECTION","FOUR WAY",,"STRAIGHT AND LEVEL","DRY","UNKNOWN","ON SCENE","NO INJURY / DRIVE AWAY",,,"Y","OVER $1,500","2024-06-04T15:55:00.000","UNABLE TO DETERMINE","UNABLE TO DETERMINE","758","N","KEDZIE AVE","1121",,,,,,,"2","NO INDICATION OF INJURY","0","0","0","0","0","2","0","15","3","6","41.895459275","-87.706700201","POINT (-87.706700200923 41.8954592749)"
"1e057dc87f5f9f6824e0191637a57f636724bbd031bd4f29382d689ab9934e4cac27647341390800e7d59226b8f44d5e76256d7f59a39ec685cc5cd735da9a23",,"2024-06-04T15:19:00.000","30","NO CONTROLS","NO CONTROLS","CLEAR","DAYLIGHT","PEDESTRIAN","T-INTERSECTION",,"STRAIGHT AND LEVEL","DRY","NO DEFECTS","NOT ON SCENE (DESK REPORT)","INJURY AND / OR TOW DUE TO CRASH","Y",,,"OVER $1,500","2024-06-04T16:00:00.000","UNABLE TO DETERMINE","UNABLE TO DETERMINE","4400","S","KEDZIE AVE","821",,,,,,,"2","NONINCAPACITATING INJURY","1","0","0","1","0","2","0","15","3","6","41.813484035","-87.704333107","POINT (-87.704333106694 41.813484035263)"
"a5de0838e3f3b0e2a3c00da2f25ad7bc125e92b1a0059320ecebdd760180c4ba2dd2d56a9222e8333b99071ac9b412a6214639ef906867319ec716ebb6cd07cc",,"2024-06-04T15:17:00.000","25","STOP SIGN/FLASHER","FUNCTIONING PROPERLY","CLOUDY/OVERCAST","DAYLIGHT","SIDESWIPE SAME DIRECTION","FOUR WAY",,"STRAIGHT AND LEVEL","OTHER","NO DEFECTS","NOT ON SCENE (DESK REPORT)","NO INJURY / DRIVE AWAY",,,,"OVER $1,500","2024-06-04T17:30:00.000","NOT APPLICABLE","NOT APPLICABLE","5001","N","TROY ST","1713",,,,,,,"2","NO INDICATION OF INJURY","0","0","0","0","0","3","0","15","3","6","41.972193935","-87.707214276","POINT (-87.707214275643 41.972193935101)"
"5a679351f10defe59869fc34773c21371b03b42751248212b65429eab1ec96a2062c082673276bd7d9f712cc8d5989bede4def39fe2f26eb63cb10593dc4f42d",,"2024-06-04T15:15:00.000","30","NO CONTROLS","NO CONTROLS","CLEAR","DAYLIGHT","ANGLE","OTHER",,"STRAIGHT AND LEVEL","DRY","NO DEFECTS","NOT ON SCENE (DESK REPORT)","NO INJURY / DRIVE AWAY",,,,"$501 - $1,500","2024-06-04T16:45:00.000","IMPROPER BACKING","NOT APPLICABLE","1800","W","NORTH AVE","1434",,,,,,,"2","NO INDICATION OF INJURY","0","0","0","0","0","2","0","15","3","6","41.910670457","-87.672639081","POINT (-87.672639081104 41.91067045723)"
"82d96af14562890cf71186b422ad3a3b6f8dbf20aa0f24fa26535b36211533fcb7938d1d5fa41c47092a98155a740fc265adedea0465f5b35b48671dbe10fd4d",,"2024-06-04T15:15:00.000","30","TRAFFIC SIGNAL","FUNCTIONING PROPERLY","CLOUDY/OVERCAST","DAYLIGHT","TURNING","FOUR WAY",,"STRAIGHT AND LEVEL","DRY","NO DEFECTS","NOT ON SCENE (DESK REPORT)","NO INJURY / DRIVE AWAY","Y",,,"OVER $1,500","2024-06-04T16:30:00.000","FOLLOWING TOO CLOSELY","UNABLE TO DETERMINE","2399","W","95TH ST","2213",,,,,,,"2","NO INDICATION OF INJURY","0","0","0","0","0","2","0","15","3","6","41.720828184","-87.68200147","POINT (-87.682001469812 41.720828183949)"
"cf6db16acec5edfcd92afbed9d9a035d14454f8f32bcb8697cd27322f128b97a72aa51fed3c070500e19d799843a85ce76518f4095150843aedc1d570b418a84",,"2024-06-04T15:15:00.000","30","NO CONTROLS","NO CONTROLS","CLEAR","DAYLIGHT","SIDESWIPE SAME DIRECTION","DIVIDED - W/MEDIAN (NOT RAISED)",,"STRAIGHT AND LEVEL","DRY","NO DEFECTS","NOT ON SCENE (DESK REPORT)","NO INJURY / DRIVE AWAY",,,,"$500 OR LESS","2024-06-04T17:55:00.000","UNABLE TO DETERMINE","UNABLE TO DETERMINE","2229","W","AUGUSTA BLVD","1212",,,,,,,"2","NO INDICATION OF INJURY","0","0","0","0","0","2","0","15","3","6","41.899335888","-87.68322492","POINT (-87.683224919652 41.899335888489)"
"b544f832678e4541b76225a2584add0eb151510e2cac5c39d73778fced2dcb34d197b721d9bbcb948dd1458d03b7c3155589db1b2be1078476046601cf4296ba",,"2024-06-04T15:00:00.000","30","TRAFFIC SIGNAL","FUNCTIONING PROPERLY","CLEAR","DAYLIGHT","REAR END","NOT DIVIDED",,"STRAIGHT AND LEVEL","DRY","NO DEFECTS","NOT ON SCENE (DESK REPORT)","INJURY AND / OR TOW DUE TO CRASH",,,,"OVER $1,500","2024-06-04T15:47:00.000","FOLLOWING TOO CLOSELY","NOT APPLICABLE","4400","W","47TH ST","815",,,,,,,"2","NONINCAPACITATING INJURY","1","0","0","1","0","1","0","15","3","6","41.807856045","-87.733434551","POINT (-87.733434550527 41.807856044504)"
"c7165523b1dc5cf37d71aaff6d4ce0c7cc795cbcdc04e0e7d76e7137a3635b9995aa11cc9116a25e70fe5ddd5f978e01861b90a18488b0507de5ab43677436f5",,"2024-06-04T15:00:00.000","30","NO CONTROLS","NO CONTROLS","CLEAR","DAYLIGHT","ANGLE","OTHER",,"STRAIGHT AND LEVEL","DRY","NO DEFECTS","NOT ON SCENE (DESK REPORT)","NO INJURY / DRIVE AWAY",,,,"$501 - $1,500","2024-06-05T11:15:00.000","UNABLE TO DETERMINE","UNABLE TO DETERMINE","1200","N","LARRABEE ST","1822",,,,,,,"2","NO INDICATION OF INJURY","0","0","0","0","0","2","0","15","3","6","41.903769606","-87.64336894","POINT (-87.643368939876 41.903769606378)"
"da08d1399e21b00e79948019709ccbf01f83a1bf841636331917518d3847b4faba490c0e4e75b2c6a27b5d6a28b018b4e40b61e688ee0cd4afb84c0b91587ff9",,"2024-06-04T15:00:00.000","25","STOP SIGN/FLASHER","FUNCTIONING PROPERLY","CLEAR","DAYLIGHT","ANGLE","T-INTERSECTION",,"STRAIGHT AND LEVEL","DRY","NO DEFECTS","NOT ON SCENE (DESK REPORT)","NO INJURY / DRIVE AWAY",,,"Y","OVER $1,500","2024-06-05T10:00:00.000","UNABLE TO DETERMINE","UNABLE TO DETERMINE","11500","S","WALLACE ST","524",,,,,,,"2","NO INDICATION OF INJURY","0","0","0","0","0","2","0","15","3","6","41.685085845","-87.637457228","POINT (-87.637457227923 41.685085845304)"
"f921059f01dc66364b6b565994ade12cccbe325791063996247a5a069c909cbfc4d017344159c7279fe6150555ecca0b557d1d8f129335116d63e6caef34f7cd",,"2024-06-04T15:00:00.000","30","NO CONTROLS","NO CONTROLS","CLEAR","DAYLIGHT","REAR END","NOT DIVIDED",,"STRAIGHT AND LEVEL","DRY","NO DEFECTS","NOT ON SCENE (DESK REPORT)","NO INJURY / DRIVE AWAY",,,"Y","$501 - $1,500","2024-06-04T18:48:00.000","FAILING TO YIELD RIGHT-OF-WAY","NOT APPLICABLE","7550","S","ASHLAND AVE","611",,,,,,,"2","NO INDICATION OF INJURY","0","0","0","0","0","2","0","15","3","6","41.756099277","-87.663727587","POINT (-87.663727587202 41.756099276827)"
"fdb2158b9b980d8038068017234d0cbd203f8d089d9b9bc3b5d6e1c2007968b5b924bc5274c25d1e78840d832be1cd1fb915f5bd97852c940f3b0129c2037912",,"2024-06-04T15:00:00.000","30","STOP SIGN/FLASHER","UNKNOWN","CLEAR","DAYLIGHT","ANGLE","FOUR WAY",,"STRAIGHT AND LEVEL","DRY","UNKNOWN","NOT ON SCENE (DESK REPORT)","NO INJURY / DRIVE AWAY",,,,"OVER $1,500","2024-06-04T16:50:00.000","FAILING TO YIELD RIGHT-OF-WAY","FAILING TO YIELD RIGHT-OF-WAY","889","N","HOYNE AVE","1212",,,,,,,"2","NO INDICATION OF INJURY","0","0","0","0","0","2","0","15","3","6","41.897646768","-87.679403949","POINT (-87.679403948865 41.897646767514)"
"44f316d79af4db77a498f3ff36e6392b4028c42c4038d38ec08c4e64c8fd68217251bcca5efe3588694a4b68238994acdcf07c4a4dadfb6e92e4671d69b20349",,"2024-06-04T14:55:00.000","30","NO CONTROLS","NO CONTROLS","CLEAR","DAYLIGHT","PEDALCYCLIST","NOT DIVIDED",,"STRAIGHT AND LEVEL","DRY","UNKNOWN","ON SCENE","INJURY AND / OR TOW DUE TO CRASH",,,,"$501 - $1,500","2024-06-04T16:34:00.000","FAILING TO REDUCE SPEED TO AVOID CRASH","NOT APPLICABLE","1550","N","LAKE SHORE DR","1824",,,,,,,"2","NONINCAPACITATING INJURY","2","0","0","2","0","0","0","14","3","6","41.910943878","-87.626392797","POINT (-87.626392796579 41.910943878451)"
"d52055c8aacc6f831ff2864a2f783cb1e6a10e59e54efc4c06256fb71b69932184d5679d8f3bf30f231719ef9e5715fd11bc14977058df6c4546c5bf605f16fc",,"2024-06-04T14:55:00.000","30","TRAFFIC SIGNAL","FUNCTIONING PROPERLY","CLEAR","DAYLIGHT","SIDESWIPE SAME DIRECTION","NOT DIVIDED",,"STRAIGHT AND LEVEL","DRY","NO DEFECTS","NOT ON SCENE (DESK REPORT)","NO INJURY / DRIVE AWAY",,,,"OVER $1,500","2024-06-04T17:00:00.000","IMPROPER LANE USAGE","NOT APPLICABLE","6171","N","SHERIDAN RD","2433",,,,,,,"2","NO INDICATION OF INJURY","0","0","0","0","0","2","0","14","3","6","41.994329358","-87.655370177","POINT (-87.655370176867 41.994329357624)"
"6f9c988a5462ba48b14a2782d40766190c6a05f595ab800c6b16440ffb3c299e50d22d81bf1188e74addce93001a78b8b041add507ebcb7367851e5cfbecb17d",,"2024-06-04T14:50:00.000","30","TRAFFIC SIGNAL","FUNCTIONING PROPERLY","CLEAR","DAYLIGHT","ANGLE","FOUR WAY",,"STRAIGHT AND LEVEL","DRY","NO DEFECTS","NOT ON SCENE (DESK REPORT)","NO INJURY / DRIVE AWAY","Y",,,"$501 - $1,500","2024-06-04T17:00:00.000","UNABLE TO DETERMINE","UNABLE TO DETERMINE","2000","W","OGDEN AVE","1225",,,,,,,"2","NO INDICATION OF INJURY","0","0","0","0","0","2","0","14","3","6","41.872799467","-87.676566646","POINT (-87.676566645545 41.872799467191)"
"78bc9d0cb50624473e2dd53ae6228ff03bdb9443034ebec09793dcc0700e683be031ba5bac168d6fa1c281c0e979f7a4e697bde2f1f10157df5961c0a01a05ca",,"2024-06-04T14:50:00.000","25","NO CONTROLS","NO CONTROLS","CLEAR","DAYLIGHT","PARKED MOTOR VEHICLE","ALLEY",,"STRAIGHT AND LEVEL","DRY","NO DEFECTS","ON SCENE","NO INJURY / DRIVE AWAY",,,"Y","$500 OR LESS","2024-06-04T14:59:00.000","UNABLE TO DETERMINE","UNABLE TO DETERMINE","6958","N","CLARK ST","2424",,,,,,,"2","NO INDICATION OF INJURY","0","0","0","0","0","1","0","14","3","6","42.00827936","-87.673947333","POINT (-87.673947332967 42.008279359892)"
"aa0970c1fc0eeb05099d8a183eb1f2116851a3136ca4227c6bfc1dff09e9d945d2cecba2b25b81e9b94a2a0e34eb19aa778d0d9ac7aec4436aa3ec631d8eccea",,"2024-06-04T14:50:00.000","30","NO CONTROLS","NO CONTROLS","CLEAR","DAYLIGHT","REAR END","NOT DIVIDED",,"STRAIGHT AND LEVEL","DRY","NO DEFECTS","ON SCENE","NO INJURY / DRIVE AWAY",,,,"OVER $1,500","2024-06-04T14:55:00.000","UNABLE TO DETERMINE","NOT APPLICABLE","2354","W","TOUHY AVE","2411",,,,,,,"2","NO INDICATION OF INJURY","0","0","0","0","0","2","0","14","3","6","42.012387497","-87.689776033","POINT (-87.689776032649 42.01238749745)"
"703d3c77c37b4df82c9d2820a2739647f2b8b48b28f22cdeec7d2f2b5903377cb35e33a118608b81b1e04efe404fce429d2a98b87b8eeacf88cc580e5f57eb76",,"2024-06-04T14:45:00.000","30","NO CONTROLS","NO CONTROLS","CLOUDY/OVERCAST","DAYLIGHT","REAR END","NOT DIVIDED",,"STRAIGHT AND LEVEL","DRY","NO DEFECTS","NOT ON SCENE (DESK REPORT)","NO INJURY / DRIVE AWAY",,,"Y","OVER $1,500","2024-06-04T16:29:00.000","FAILING TO REDUCE SPEED TO AVOID CRASH","NOT APPLICABLE","3301","W","63RD ST","823",,,,,,,"4","NO INDICATION OF INJURY","0","0","0","0","0","5","0","14","3","6","41.778822697","-87.70567679","POINT (-87.705676790286 41.778822697431)"
"d0c7e0d0616105900fddd8a9877f2c0e853f7feee60a053489f5f747fe46db38fbe0cde422f1b234e614366c026cb0e2fb91f7daaa3a5e89241f130021f48320",,"2024-06-04T14:45:00.000","30","NO CONTROLS","NO CONTROLS","CLEAR","DAYLIGHT","SIDESWIPE SAME DIRECTION","NOT DIVIDED",,"STRAIGHT AND LEVEL","DRY","NO DEFECTS","NOT ON SCENE (DESK REPORT)","NO INJURY / DRIVE AWAY",,,"N","OVER $1,500","2024-06-04T15:50:00.000","FAILING TO YIELD RIGHT-OF-WAY","UNABLE TO DETERMINE","1148","N","WOLCOTT AVE","1212",,,,,,,"2","NO INDICATION OF INJURY","0","0","0","0","0","2","0","14","3","6","41.902908543","-87.674957384","POINT (-87.67495738394 41.902908542587)"
"9f967a2b597c696d83286794c46f2d72bb5440fa22c1d23cec5c2a78855be6d6192bb506ea940578035b106729bd53d0b757a046b25602e9cb6d20362ac7b12d","Y","2024-06-04T14:42:00.000","30","NO CONTROLS","NO CONTROLS","CLEAR","DAYLIGHT","PARKED MOTOR VEHICLE","OTHER",,"STRAIGHT AND LEVEL","DRY","NO DEFECTS","NOT ON SCENE (DESK REPORT)","NO INJURY / DRIVE AWAY",,,,"OVER $1,500","2024-06-04T14:42:00.000","UNABLE TO DETERMINE","UNABLE TO DETERMINE","8058","S","COTTAGE GROVE AVE","631",,,,,,,"2","NO INDICATION OF INJURY","0","0","0","0","0","1","0","14","3","6","41.747716211","-87.605284546","POINT (-87.605284546469 41.74771621097)"
"102950f7f3b1ad998ff15b222dbdc3ca5daa4fd570311f15451dd500349b2801c00541fcd5fe57701a7a746e208f9697b56f79ba3f457f0c97e7cf77e1827ec2",,"2024-06-04T14:40:00.000","25","NO CONTROLS","NO CONTROLS","CLEAR","DAYLIGHT","PARKED MOTOR VEHICLE","ONE-WAY",,"STRAIGHT AND LEVEL","DRY","NO DEFECTS","NOT ON SCENE (DESK REPORT)","NO INJURY / DRIVE AWAY",,,,"OVER $1,500","2024-06-04T15:50:00.000","IMPROPER BACKING","NOT APPLICABLE","2212","S","SAWYER AVE","1024",,,,,,,"2","NO INDICATION OF INJURY","0","0","0","0","0","1","0","14","3","6","41.851320398","-87.706605336","POINT (-87.706605335909 41.851320398272)"
"98c7f6dd744163dca5c181d208b00840a68624165ba8e47de1be2760e564328d88fa93afd49a6d8fd6f11cc39b97d688c8d5b4d52fd1ebc8ecf7ee23bff321ef",,"2024-06-04T14:40:00.000","30","NO CONTROLS","NO CONTROLS","CLEAR","DAYLIGHT","SIDESWIPE SAME DIRECTION","NOT DIVIDED",,"STRAIGHT AND LEVEL","DRY","NO DEFECTS","NOT ON SCENE (DESK REPORT)","NO INJURY / DRIVE AWAY",,,,"$500 OR LESS","2024-06-04T16:45:00.000","IMPROPER OVERTAKING/PASSING","UNABLE TO DETERMINE","4230","S","ASHLAND AVE","924",,,,,,,"2","NO INDICATION OF INJURY","0","0","0","0","0","3","0","14","3","6","41.816701013","-87.665312934","POINT (-87.665312933869 41.816701012852)"
"d8ab5e748208d40a1a829e73cb7fe4afc4ef81e66f2beda91cce63d250e513c37e2f7decc6b7589620ad386dae891db3f27a63b8b5c596c96ca52c6a72fa5ce0",,"2024-06-04T14:37:00.000","30","TRAFFIC SIGNAL","FUNCTIONING PROPERLY","CLEAR","DAYLIGHT","REAR END","NOT DIVIDED",,"STRAIGHT AND LEVEL","DRY","NO DEFECTS","NOT ON SCENE (DESK REPORT)","NO INJURY / DRIVE AWAY",,,,"OVER $1,500","2024-06-04T14:56:00.000","UNABLE TO DETERMINE","UNABLE TO DETERMINE","818","W","NORTH AVE","1813",,,,,,,"2","NO INDICATION OF INJURY","0","0","0","0","0","2","0","14","3","6","41.911016954","-87.649102616","POINT (-87.649102615601 41.911016954231)"
"2401bd7b5f9e9a58668199f7201adfa9a11e460c5067fc70c3d3997aa3fdf9d20f58939a4c7dc2961e7ed8b667c09557577b866cd87b44dedb4c7176bfa440d8",,"2024-06-04T14:35:00.000","35","STOP SIGN/FLASHER","FUNCTIONING PROPERLY","CLEAR","DAYLIGHT","SIDESWIPE SAME DIRECTION","NOT DIVIDED",,"STRAIGHT AND LEVEL","DRY","NO DEFECTS","ON SCENE","NO INJURY / DRIVE AWAY",,,"Y","$500 OR LESS","2024-06-04T14:45:00.000","IMPROPER OVERTAKING/PASSING","NOT APPLICABLE","3857","W","OGDEN AVE","1014",,,,,,,"2","NO INDICATION OF INJURY","0","0","0","0","0","2","0","14","3","6","41.851887754","-87.721961273","POINT (-87.721961273194 41.851887754313)"
"77fa76826800d57908ab306d0235cabda73ea308d28763356335d0e12c43e35db549faae153a89668efbfdb1c8da6cd54a97bc59764bf59731d28cc9c7e52599","Y","2024-06-04T14:35:00.000","30","NO CONTROLS","NO CONTROLS","CLEAR","DAYLIGHT","PARKED MOTOR VEHICLE","NOT DIVIDED",,"STRAIGHT AND LEVEL","UNKNOWN","UNKNOWN","ON SCENE","NO INJURY / DRIVE AWAY",,,"Y","$501 - $1,500","2024-06-05T14:43:00.000","UNABLE TO DETERMINE","NOT APPLICABLE","6328","S","SANGAMON ST","723",,,,,,,"2","NO INDICATION OF INJURY","0","0","0","0","0","1","0","14","3","6","41.778746709","-87.648550409","POINT (-87.648550408855 41.778746709438)"
"012c789f353bf95bc1ec40f3fe9a1e02dc96519fedcf3590ab670377cdc1dd7cdf1e17153e05bef3a46193206c208bc82537a2a1995fa0b5c84fce9ed401ed09",,"2024-06-04T14:30:00.000","25","TRAFFIC SIGNAL","FUNCTIONING PROPERLY","CLOUDY/OVERCAST","DAYLIGHT","REAR END","NOT DIVIDED",,"STRAIGHT AND LEVEL","DRY","OTHER","NOT ON SCENE (DESK REPORT)","NO INJURY / DRIVE AWAY",,,,"OVER $1,500","2024-06-04T15:50:00.000","FAILING TO REDUCE SPEED TO AVOID CRASH","NOT APPLICABLE","3200","W","63RD ST","823",,,,,,,"2","NO INDICATION OF INJURY","0","0","0","0","0","2","0","14","3","6","41.779081505","-87.703260365","POINT (-87.703260365447 41.779081504883)"
"a6a8e6bb9ea2886a9a9191e5ad74d4bcf51c35687ded4f4833af0a556f78f5088bd2e42c4495f3c6f72a667462cbf6d51eab6a6cf181f21eed5004819c9b8fdb",,"2024-06-04T14:30:00.000","30","TRAFFIC SIGNAL","FUNCTIONING PROPERLY","CLEAR","DAYLIGHT","PEDESTRIAN","DIVIDED - W/MEDIAN (NOT RAISED)",,"STRAIGHT AND LEVEL","DRY","NO DEFECTS","NOT ON SCENE (DESK REPORT)","INJURY AND / OR TOW DUE TO CRASH","Y",,"Y","OVER $1,500","2024-06-05T14:57:00.000","UNABLE TO DETERMINE","NOT APPLICABLE","6400","N","CALIFORNIA AVE","2412",,,,,,,"2","REPORTED, NOT EVIDENT","1","0","0","0","1","1","0","14","3","6","41.997649133","-87.699792629","POINT (-87.699792628914 41.997649133049)"
"cbcf0334317f596229001b5621ce8e735e8f17724d6105bed62e47ceca0c58a604b04bbb0bedf41dc1ef83e27d2398afb49ac7691ef32335c1bd78b9a504f932",,"2024-06-04T14:30:00.000","35","TRAFFIC SIGNAL","FUNCTIONING PROPERLY","CLEAR","DAYLIGHT","SIDESWIPE SAME DIRECTION","T-INTERSECTION",,"STRAIGHT AND LEVEL","DRY","NO DEFECTS","ON SCENE","NO INJURY / DRIVE AWAY","Y",,,"OVER $1,500","2024-06-04T15:00:00.000","UNABLE TO DETERMINE","UNABLE TO DETERMINE","2422","W","54TH ST","923",,,,,,,"2","NO INDICATION OF INJURY","0","0","0","0","0","2","0","14","3","6","41.795332603","-87.685125817","POINT (-87.685125816564 41.795332602887)"
"b7e5b7489f8c94e9187c1d99d9e4f8d1a5a4575831ca59ddbb628b0d3bac2b690bc4c51559842112bae210476f4ad9b32fd4df017e1b6fc315713765d1e5aee3",,"2024-06-04T14:15:00.000","20","NO CONTROLS","NO CONTROLS","CLEAR","DAYLIGHT","OTHER OBJECT","PARKING LOT",,"STRAIGHT AND LEVEL","DRY","NO DEFECTS","ON SCENE","NO INJURY / DRIVE AWAY",,,,"OVER $1,500","2024-06-04T14:18:00.000","IMPROPER BACKING","NOT APPLICABLE","4530","W","PALMER ST","2522",,,,,,,"2","NO INDICATION OF INJURY","0","0","0","0","0","1","0","14","3","6","41.9207731","-87.740130255","POINT (-87.740130255213 41.920773099575)"
"cb1b448b6915eda37e0874e3006ba5c0fd1420908a22b9bf343a73f65f06ec4ad04e5c2d3a27c20cc22fa041177605ed0999c1b4b1a7a47196e91c07c73d8916",,"2024-06-04T14:01:00.000","25","TRAFFIC SIGNAL","FUNCTIONING PROPERLY","CLEAR","DAYLIGHT","REAR TO FRONT","DIVIDED - W/MEDIAN (NOT RAISED)",,"STRAIGHT AND LEVEL","DRY","NO DEFECTS","NOT ON SCENE (DESK REPORT)","NO INJURY / DRIVE AWAY",,,,"OVER $1,500","2024-06-04T14:20:00.000","IMPROPER BACKING","NOT APPLICABLE","3555","N","HALSTED ST","1925",,,,,,,"2","NO INDICATION OF INJURY","0","0","0","0","0","2","0","14","3","6","41.947139898","-87.64933254","POINT (-87.649332540194 41.947139897562)"
"13673ea186b0449a393f70def80c69b0094ec633531ba9e571016d57fd5487796060226c9dbcc5e781d635b9795425f88436a7e7ad3e759816b97d035a187382",,"2024-06-04T14:00:00.000","30","NO CONTROLS","NO CONTROLS","CLEAR","DAYLIGHT","SIDESWIPE SAME DIRECTION","ONE-WAY",,"STRAIGHT AND LEVEL","DRY","NO DEFECTS","NOT ON SCENE (DESK REPORT)","NO INJURY / DRIVE AWAY",,,"Y","$501 - $1,500","2024-06-04T14:30:00.000","FAILING TO YIELD RIGHT-OF-WAY","FAILING TO REDUCE SPEED TO AVOID CRASH","126","E","DELAWARE PL","1833",,,,,,,"2","NO INDICATION OF INJURY","0","0","0","0","0","2","0","14","3","6","41.899307619","-87.625005469","POINT (-87.625005469387 41.899307618867)"
"15373e5176390469fb7d423e83b8fb938f816de80ec178f7d6980c6af25fb6dd3088224188397b6ace6565846c24b29c828725580df1fc91a89b306970a77fdf",,"2024-06-04T14:00:00.000","25","NO CONTROLS","NO CONTROLS","CLEAR","DAYLIGHT","ANGLE","ONE-WAY",,"STRAIGHT AND LEVEL","DRY","NO DEFECTS","NOT ON SCENE (DESK REPORT)","INJURY AND / OR TOW DUE TO CRASH",,,,"OVER $1,500","2024-06-04T16:05:00.000","FAILING TO YIELD RIGHT-OF-WAY","UNABLE TO DETERMINE","4774","N","KARLOV AVE","1722",,,,,,,"2","INCAPACITATING INJURY","1","0","1","0","0","1","0","14","3","6","41.967770789","-87.730600942","POINT (-87.730600941879 41.967770789352)"
"496e6683716221e3068fa2fcd98353cce7d5e16cc279dd5de1f3b7f09168d45e6e0f4a437a0a26a370ae2d9959597e16f1441744a91f8f6d19643b115b1f0918",,"2024-06-04T14:00:00.000","20","TRAFFIC SIGNAL","FUNCTIONING PROPERLY","CLEAR","DAYLIGHT","ANGLE","FOUR WAY",,"STRAIGHT AND LEVEL","DRY","NO DEFECTS","ON SCENE","INJURY AND / OR TOW DUE TO CRASH","Y",,,"OVER $1,500","2024-06-04T14:01:00.000","DISREGARDING TRAFFIC SIGNALS","UNABLE TO DETERMINE","4600","N","WESTERN AVE","1911",,,,,,,"2","NO INDICATION OF INJURY","0","0","0","0","0","2","0","14","3","6","41.964908163","-87.688939911","POINT (-87.688939910998 41.964908163223)"
"c10628bb68cec9e9ca447c5b49bd38616bd676399b4f890c6f7e46f5433fd44f1ac0fd14bf0142ae5955b404e4da270d079cced11312674dde04214a455fd859",,"2024-06-04T14:00:00.000","20","NO CONTROLS","NO CONTROLS","CLEAR","DAYLIGHT","SIDESWIPE OPPOSITE DIRECTION","DRIVEWAY",,"STRAIGHT AND LEVEL","DRY","NO DEFECTS","NOT ON SCENE (DESK REPORT)","NO INJURY / DRIVE AWAY",,,"N","OVER $1,500","2024-06-04T14:30:00.000","UNABLE TO DETERMINE","UNABLE TO DETERMINE","5801","W","NORTH AVE","2531",,,,,,,"2","NO INDICATION OF INJURY","0","0","0","0","0","2","0","14","3","6","41.909202725","-87.770786767","POINT (-87.770786767192 41.909202725126)"
"a2d60222ad46086cbf23a26a4a47c441db26ed99857cde8370a64a93921765e28180dccbed88f9375e63f8ba2e808951bf2159ad10a7e650a863f37c4fc53fcc",,"2024-06-04T13:57:00.000","30","NO CONTROLS","NO CONTROLS","CLEAR","DAYLIGHT","TURNING","ONE-WAY",,"STRAIGHT AND LEVEL","DRY","NO DEFECTS","NOT ON SCENE (DESK REPORT)","NO INJURY / DRIVE AWAY",,,,"OVER $1,500","2024-06-04T14:32:00.000","UNABLE TO DETERMINE","UNABLE TO DETERMINE","2824","W","ARTHUR AVE","2412",,,,,,,"2","NO INDICATION OF INJURY","0","0","0","0","0","2","0","13","3","6","41.999475883","-87.700774523","POINT (-87.700774523325 41.99947588336)"
"c1824944e699f235bc1d64e169c28cb6da7342cf26cc7e17467ad24634004fe6e58e4af2156a551c6a61912b29757b5b14e6592deed892f5e267325b7a78d09f",,"2024-06-04T13:41:00.000","30","NO CONTROLS","NO CONTROLS","CLEAR","DAYLIGHT","PEDALCYCLIST","NOT DIVIDED",,"STRAIGHT AND LEVEL","DRY","NO DEFECTS","ON SCENE","INJURY AND / OR TOW DUE TO CRASH",,,,"OVER $1,500","2024-06-04T13:41:00.000","UNABLE TO DETERMINE","NOT APPLICABLE","1923","N","WESTERN AVE","1434",,,,,,,"2","NONINCAPACITATING INJURY","1","0","0","1","0","1","0","13","3","6","41.916505513","-87.687234661","POINT (-87.687234661133 41.916505513439)"
"8916e7b4f7b3d54796702cba446bcff995fcd39308183b68d2b3c379b00a45df0240279cda3066603bde6a7cbec57617b9cff76312bc70226ed1a9c62d5e562a",,"2024-06-04T13:30:00.000","30","NO CONTROLS","NO CONTROLS","CLEAR","DAYLIGHT","ANGLE","NOT DIVIDED",,"STRAIGHT AND LEVEL","DRY","NO DEFECTS","NOT ON SCENE (DESK REPORT)","NO INJURY / DRIVE AWAY",,,,"$501 - $1,500","2024-06-05T15:30:00.000","IMPROPER BACKING","IMPROPER BACKING","4916","N","OAK PARK AVE","1613",,,,,,,"2","NO INDICATION OF INJURY","0","0","0","0","0","2","0","13","3","6","41.970704874","-87.796600472","POINT (-87.796600471599 41.970704874402)"