"crash_record_id","crash_date_est_i","crash_date","posted_speed_limit","traffic_control_device","device_condition","weather_condition","lighting_condition","first_crash_type","trafficway_type","lane_cnt","alignment","roadway_surface_cond","road_defect","report_type","crash_type","intersection_related_i","private_property_i","hit_and_run_i","damage","date_police_notified","prim_contributory_cause","sec_contributory_cause","street_no","street_direction","street_name","beat_of_occurrence","photos_taken_i","statements_taken_i","dooring_i","work_zone_i","work_zone_type","workers_present_i","num_units","most_severe_injury","injuries_total","injuries_fatal","injuries_incapacitating","injuries_non_incapacitating","injuries_reported_not_evident","injuries_no_indication","injuries_unknown","crash_hour","crash_day_of_week","crash_month","latitude","longitude","location"
"9c3231b44a79c2aeb0fd05165bd0dc9e96619ef9a7791c3f369618bc04de148b764eb7bacf2d7bffd2710b625a0491c83ab0f66a816f1b9d685ca392e16d5dee","Y","2024-06-04T13:20:00.000","35","NO CONTROLS","NO CONTROLS","CLEAR","DAYLIGHT","TURNING","DIVIDED - W/MEDIAN (NOT RAISED)",,"STRAIGHT AND LEVEL","UNKNOWN","UNKNOWN","ON SCENE","INJURY AND / OR TOW DUE TO CRASH","Y",,,"$501 - $1,500","2024-06-04T14:23:00.000","UNABLE TO DETERMINE","NOT APPLICABLE","1430","N","CICERO AVE","2533",,,,,,,"2","NO INDICATION OF INJURY","0","0","0","0","0","2","0","13","3","6","41.90692636","-87.746197465","POINT (-87.746197464627 41.906926359992)"
"db7545da1083a4c72282bde64f33f80851c568dad83348bf87ef0dc48aa8640b2af9f2cde46e4863203d699d9be63a052497fa4c00c476d7185ae0258e1f7422",,"2024-06-04T13:20:00.000","30","NO CONTROLS","NO CONTROLS","CLEAR","DAYLIGHT","REAR END","DIVIDED - W/MEDIAN BARRIER",,"STRAIGHT AND LEVEL","DRY","NO DEFECTS",,"NO INJURY / DRIVE AWAY",,,"Y","$501 - $1,500","2024-06-04T13:28:00.000","FOLLOWING TOO CLOSELY","NOT APPLICABLE","3100","S","PULASKI RD","1031",,,,,,,"2","NO INDICATION OF INJURY","0","0","0","0","0","2","0","13","3","6","41.836789643","-87.724495465","POINT (-87.724495465118 41.836789642982)"
"d57f96ad2ee6a3d7f331596c43145a4888b64e3a305cbe94f4e68a08809192869f95976c008e4ec43726a3c0fb229cd5ec044d718023bc12fc32b526d2690003",,"2024-06-04T13:15:00.000","30","NO CONTROLS","NO CONTROLS","CLEAR","DAYLIGHT","SIDESWIPE SAME DIRECTION","FOUR WAY",,"STRAIGHT AND LEVEL","DRY","NO DEFECTS","NOT ON SCENE (DESK REPORT)","NO INJURY / DRIVE AWAY","Y",,,"OVER $1,500","2024-06-04T13:30:00.000","FAILING TO YIELD RIGHT-OF-WAY","FAILING TO YIELD RIGHT-OF-WAY","1112","W","DIVISION ST","1822",,,,,,,"2","NO INDICATION OF INJURY","0","0","0","0","0","2","0","13","3","6","41.903634751","-87.656109683","POINT (-87.656109682814 41.903634750545)"
"aa796ae7c558253983d2a16fe0d4f6d52bf8da1b05ba74344a2d6a17b8bd8bb874dd14219aedd72d2901c69ec02b82ae2bcef6bca73dfd074ed52037e572e33a",,"2024-06-04T13:10:00.000","25","NO CONTROLS","NO CONTROLS","CLEAR","DAYLIGHT","PARKED MOTOR VEHICLE","NOT DIVIDED",,"STRAIGHT AND LEVEL","DRY","NO DEFECTS","ON SCENE","NO INJURY / DRIVE AWAY",,,,"$500 OR LESS","2024-06-04T13:19:00.000","UNABLE TO DETERMINE","UNABLE TO DETERMINE","613","W","FULLERTON PKWY","1812",,,,,,,"2","NO INDICATION OF INJURY","0","0","0","0","0","1","0","13","3","6","41.925413844","-87.644493433","POINT (-87.644493433159 41.925413844266)"
"d75a776057a89ea4ace8fb1835d9592f0b4968c0b5179451af7ee921a57bda3f7b28c2ec70ebdca0ba0ec9b2de6f20b154f38950be8907879437c973ba326e28",,"2024-06-04T13:10:00.000","30","TRAFFIC SIGNAL","FUNCTIONING PROPERLY","CLEAR","DAYLIGHT","TURNING","NOT DIVIDED",,"STRAIGHT AND LEVEL","DRY","NO DEFECTS","NOT ON SCENE (DESK REPORT)","NO INJURY / DRIVE AWAY","Y",,,"OVER $1,500","2024-06-04T13:35:00.000","IMPROPER TURNING/NO SIGNAL","PHYSICAL CONDITION OF DRIVER","2632","E","103RD ST","431",,,,,,,"2","NO INDICATION OF INJURY","0","0","0","0","0","2","0","13","3","6","41.708276611","-87.559726215","POINT (-87.559726214746 41.708276611156)"
"e64709b676e5b6712074f49dd36437108560cbc17ec815e4fb68b43616b70bbbd3308e0dcb31526810535caedcb854c13af3e4d778f27e8014df74388c60ca0e",,"2024-06-04T13:10:00.000","30","NO CONTROLS","NO CONTROLS","CLEAR","DAYLIGHT","SIDESWIPE SAME DIRECTION","DIVIDED - W/MEDIAN (NOT RAISED)",,"STRAIGHT AND LEVEL","DRY","NO DEFECTS","NOT ON SCENE (DESK REPORT)","NO INJURY / DRIVE AWAY",,,,"$501 - $1,500","2024-06-04T13:20:00.000","IMPROPER TURNING/NO SIGNAL","NOT APPLICABLE","4637","N","MALDEN ST","1913",,,,,,,"2","NO INDICATION OF INJURY","0","0","0","0","0","2","0","13","3","6","41.966449848","-87.662416295","POINT (-87.662416294588 41.966449847889)"
"df7136e24064407828d812eec218abe9f8deec144634d2d2da22fcbe1d611cefcde16fad6a16f0968cee46af57e69da0d0921b62f31009800c48a0500f852652",,"2024-06-04T13:09:00.000","30","STOP SIGN/FLASHER","NO CONTROLS","CLEAR","DAYLIGHT","ANGLE","FOUR WAY",,"STRAIGHT AND LEVEL","DRY","NO DEFECTS","ON SCENE","INJURY AND / OR TOW DUE TO CRASH","Y",,,"OVER $1,500","2024-06-04T13:33:00.000","FAILING TO YIELD RIGHT-OF-WAY","DRIVING SKILLS/KNOWLEDGE/EXPERIENCE","5258","W","WASHINGTON BLVD","1523",,,,,,,"2","NO INDICATION OF INJURY","0","0","0","0","0","5","0","13","3","6","41.882449673","-87.757521428","POINT (-87.757521427967 41.882449673375)"
"69763bc07e2ed97bd3fdb6f95030777ed2c96e54198dff4ba40ea1e99fbf8c7ca4c73560d5a7e9bb9eacd694254688d1ffc639d1491d3ecc1f8494c59ff86f83",,"2024-06-04T13:00:00.000","30","NO CONTROLS","NO CONTROLS","CLEAR","DAYLIGHT","PARKED MOTOR VEHICLE","NOT DIVIDED",,"STRAIGHT AND LEVEL","DRY","NO DEFECTS","NOT ON SCENE (DESK REPORT)","NO INJURY / DRIVE AWAY",,,"Y","$501 - $1,500","2024-06-04T15:00:00.000","IMPROPER BACKING","NOT APPLICABLE","5801","W","NORTH AVE","2531",,,,,,,"2","NO INDICATION OF INJURY","0","0","0","0","0","2","0","13","3","6","41.909202725","-87.770786767","POINT (-87.770786767192 41.909202725126)"
"8136cca7bd5cc676a66339810a95996ab262bb91eb66bbf4e3a5590a18d398b9f432d323c6755b992a7fa19fe993ac78a14fcc8e6cf8519af02c5862fd72b606",,"2024-06-04T13:00:00.000","30","TRAFFIC SIGNAL","FUNCTIONING PROPERLY","CLEAR","DAYLIGHT","REAR END","T-INTERSECTION",,"STRAIGHT AND LEVEL","UNKNOWN","UNKNOWN","NOT ON SCENE (DESK REPORT)","NO INJURY / DRIVE AWAY",,,,"OVER $1,500","2024-06-04T13:30:00.000","FOLLOWING TOO CLOSELY","NOT APPLICABLE","548","N","LARAMIE AVE","1523",,,,,,,"2","NO INDICATION OF INJURY","0","0","0","0","0","3","0","13","3","6","41.89039479","-87.755579402","POINT (-87.75557940213 41.890394789731)"
"a72e3222e1f980b170ab193684c2a74c337b6600a735ce90fff5855963f8ccf125a0626a69b1a58a28552d20b4756b7f41c0e12155a1594adbf2ebf07f0eaebb",,"2024-06-04T13:00:00.000","30","NO CONTROLS","NO CONTROLS","CLEAR","DAYLIGHT","REAR TO FRONT","NOT DIVIDED",,"STRAIGHT AND LEVEL","DRY","NO DEFECTS","NOT ON SCENE (DESK REPORT)","NO INJURY / DRIVE AWAY",,,,"$501 - $1,500","2024-06-04T17:10:00.000","IMPROPER BACKING","UNABLE TO DETERMINE","2320","S","LAWNDALE AVE","1013",,,,,,,"2","NO INDICATION OF INJURY","0","0","0","0","0","3","0","13","3","6","41.849156197","-87.717511818","POINT (-87.717511817968 41.849156197386)"
"aacae1c481190c7513eb791ef063f1a15b90cb1052700548a925ee0f69f94b787eec685d3d0478ff964495c71b0276523c46e9aa609413ac4f123dfc35e225a1",,"2024-06-04T13:00:00.000","30","NO CONTROLS","NO CONTROLS","CLEAR","DAYLIGHT","SIDESWIPE SAME DIRECTION","NOT DIVIDED",,"STRAIGHT AND LEVEL","DRY","UNKNOWN","NOT ON SCENE (DESK REPORT)","NO INJURY / DRIVE AWAY",,,,"OVER $1,500","2024-06-05T19:55:00.000","NOT APPLICABLE","IMPROPER OVERTAKING/PASSING","151","W","WACKER DR","122",,,,,,,"2","NO INDICATION OF INJURY","0","0","0","0","0","2","0","13","3","6","41.886703909","-87.632555467","POINT (-87.632555467107 41.886703909369)"
"ba45ec640424ff48f28ab1ccdbe8e4c8027533cad0e693b7ac21310356c61513700ba708882206f66d1ef77f689f30958d83c0d825e5ed9d1f5c8cfa39287fc1",,"2024-06-04T13:00:00.000","30","STOP SIGN/FLASHER","FUNCTIONING PROPERLY","CLEAR","DAYLIGHT","ANGLE","FOUR WAY",,"STRAIGHT AND LEVEL","DRY","NO DEFECTS","NOT ON SCENE (DESK REPORT)","NO INJURY / DRIVE AWAY",,,,"OVER $1,500","2024-06-04T14:10:00.000","UNABLE TO DETERMINE","NOT APPLICABLE","2700","S","KEDZIE AVE","1032",,,,,,,"2","NO INDICATION OF INJURY","0","0","0","0","0","3","0","13","3","6","41.842602526","-87.705127811","POINT (-87.705127810739 41.842602526365)"
"bce685376ab455d89d4fe53c2d0ca0fe18a8a8fcc59e42a81c01e42914f432728966a6b06858eae9e43d47d7ebf7c50a37b71b45e7496ca5132f7cd86c8837ce",,"2024-06-04T12:49:00.000","35","NO CONTROLS","NO CONTROLS","CLEAR","DAYLIGHT","SIDESWIPE SAME DIRECTION","DIVIDED - W/MEDIAN (NOT RAISED)",,"STRAIGHT AND LEVEL","DRY","UNKNOWN","ON SCENE","NO INJURY / DRIVE AWAY",,,,"$501 - $1,500","2024-06-04T13:38:00.000","IMPROPER OVERTAKING/PASSING","NOT APPLICABLE","1535","N","CICERO AVE","2533",,,,,,,"2","NO INDICATION OF INJURY","0","0","0","0","0","3","0","12","3","6","41.90886241","-87.745948898","POINT (-87.745948898398 41.908862410242)"
"b1790dafd6d5822cc49724526952ce687e03f8a969f7d4794b5d6d3cf30d08b0182a96e7064cf78488c860ae9c1b5338430c801afc1d75faa655f927e9228cec",,"2024-06-04T12:38:00.000","30","NO CONTROLS","NO CONTROLS","CLEAR","DAYLIGHT","TURNING","DIVIDED - W/MEDIAN (NOT RAISED)",,"STRAIGHT AND LEVEL","DRY","NO DEFECTS","ON SCENE","NO INJURY / DRIVE AWAY",,,,"$501 - $1,500","2024-06-04T12:39:00.000","UNABLE TO DETERMINE","UNABLE TO DETERMINE","5109","S","PULASKI RD","822",,,,,,,"2","NO INDICATION OF INJURY","0","0","0","0","0","4","0","12","3","6","41.800091534","-87.723213612","POINT (-87.723213611533 41.800091534442)"
"37e41dfcbd54b53beabbd8b3477f2f7389d1f798e5fca8922a2408ae921dd69a0ca223c53c51e9786d412c69632ee3caf23fb9ac25e1dcdf532566a96032744e",,"2024-06-04T12:36:00.000","30","NO CONTROLS","NO CONTROLS","CLEAR","DAYLIGHT","PARKED MOTOR VEHICLE","NOT DIVIDED",,"STRAIGHT AND LEVEL","DRY","UNKNOWN","NOT ON SCENE (DESK REPORT)","NO INJURY / DRIVE AWAY",,,,"OVER $1,500","2024-06-04T13:30:00.000","FAILING TO YIELD RIGHT-OF-WAY","FAILING TO YIELD RIGHT-OF-WAY","1031","S","HOYNE AVE","1225",,,,,,,"2","NO INDICATION OF INJURY","0","0","0","0","0","2","0","12","3","6","41.868088879","-87.677989119","POINT (-87.67798911905 41.868088878969)"
"25f93cbffb894b0e17a70a51a5161d801407e4a38f0429851f2a4546696de0df4da982cc51d0626a79e58545110b303bf67039cec9299199439831406c952d54",,"2024-06-04T12:35:00.000","30","NO CONTROLS","NO CONTROLS","CLEAR","DAYLIGHT","REAR END","NOT DIVIDED",,"STRAIGHT AND LEVEL","UNKNOWN","UNKNOWN","NOT ON SCENE (DESK REPORT)","NO INJURY / DRIVE AWAY",,,,"OVER $1,500","2024-06-04T12:56:00.000","UNABLE TO DETERMINE","UNABLE TO DETERMINE","2731","W","99TH ST","2211",,,,,,,"2","NO INDICATION OF INJURY","0","0","0","0","0","3","0","12","3","6","41.713471289","-87.690422299","POINT (-87.69042229915 41.713471288849)"
"4140a4f54a67d4764e5d4d24fd5f91e1764de981415b8f59d9bd2157bd6c3f5586b2017b6a57c876e190b9b4f5a002272c3d8b1439ab4595122057d92f6fb1f6",,"2024-06-04T12:35:00.000","30","NO CONTROLS","NO CONTROLS","CLEAR","DAYLIGHT","TURNING","ONE-WAY",,"STRAIGHT AND LEVEL","DRY","NO DEFECTS","ON SCENE","INJURY AND / OR TOW DUE TO CRASH",,,,"OVER $1,500","2024-06-04T12:44:00.000","IMPROPER TURNING/NO SIGNAL","NOT APPLICABLE","1101","S","DESPLAINES ST","124",,,,,,,"2","NO INDICATION OF INJURY","0","0","0","0","0","2","0","12","3","6","41.868853382","-87.643566466","POINT (-87.643566466184 41.86885338154)"
"82141fe8aa806e5eb7d99d982654f30ee0cd0dfe5a839703271f5da4bbc9ae209fd7a7bb55b2a7563b343db1cd7d4b86d059ac3be20c9e223291239bd78bd445",,"2024-06-04T12:30:00.000","30","NO CONTROLS","NO CONTROLS","CLEAR","DAYLIGHT","SIDESWIPE SAME DIRECTION","ONE-WAY",,"STRAIGHT AND LEVEL","DRY","NO DEFECTS","NOT ON SCENE (DESK REPORT)","NO INJURY / DRIVE AWAY",,,,"OVER $1,500","2024-06-04T16:04:00.000","UNABLE TO DETERMINE","NOT APPLICABLE","6350","N","WHIPPLE ST","2413",,,,,,,"3","NO INDICATION OF INJURY","0","0","0","0","0","2","0","12","3","6","41.997142492","-87.705842072","POINT (-87.705842072287 41.99714249161)"
"8c49a55e935cb2f5415e37fcd0a98b2bb8c3119704198f4b0e82accfe2c5f422ab68e302ea9fb455f803bfc132d348421b7ffdc6927465d54ff4c4d62a60c2f4",,"2024-06-04T12:30:00.000","30","STOP SIGN/FLASHER","FUNCTIONING PROPERLY","CLEAR","DAYLIGHT","PARKED MOTOR VEHICLE","NOT DIVIDED",,"STRAIGHT AND LEVEL","DRY","NO DEFECTS","NOT ON SCENE (DESK REPORT)","NO INJURY / DRIVE AWAY","N",,"N","OVER $1,500","2024-06-05T11:25:00.000","UNABLE TO DETERMINE","NOT APPLICABLE","1007","S","HOYNE AVE","1225",,,,,,,"2","NO INDICATION OF INJURY","0","0","0","0","0","6","0","12","3","6","41.868836379","-87.678011457","POINT (-87.678011456985 41.868836379285)"
"a02db35b8eaa473b7492431b9b7a5faed5a89f958080fbeefc74e02760980a537339e32e78c76887d708b114bebe04367c1578b054c36935164d0d72d1c0294d",,"2024-06-04T12:30:00.000","10","NO CONTROLS","NO CONTROLS","CLEAR","DAYLIGHT","PARKED MOTOR VEHICLE","ONE-WAY",,"STRAIGHT AND LEVEL","DRY","NO DEFECTS","ON SCENE","NO INJURY / DRIVE AWAY",,,,"$500 OR LESS","2024-06-04T13:31:00.000","IMPROPER OVERTAKING/PASSING","IMPROPER TURNING/NO SIGNAL","2350","W","OGDEN AVE","1233",,,,,,,"2","NO INDICATION OF INJURY","0","0","0","0","0","1","0","12","3","6","41.865507443","-87.68529587","POINT (-87.685295870247 41.865507443214)"
"0e2a89fd99b41993ac17b1dddf108b50fda988f7a56e6110e0ab22941be883ed321bb7b915660c39ac5a2cf5a0ecc54cd385d553301c588a6f5914c28bb188bb",,"2024-06-04T12:18:00.000","30","NO CONTROLS","NO CONTROLS","CLEAR","DAYLIGHT","REAR TO REAR","PARKING LOT",,"STRAIGHT AND LEVEL","UNKNOWN","UNKNOWN","NOT ON SCENE (DESK REPORT)","NO INJURY / DRIVE AWAY",,,,"OVER $1,500","2024-06-04T12:30:00.000","UNABLE TO DETERMINE","UNABLE TO DETERMINE","520","W","TAYLOR ST","124",,,,,,,"2","NO INDICATION OF INJURY","0","0","0","0","0","2","0","12","3","6","41.869855597","-87.640270308","POINT (-87.640270307865 41.869855596599)"
"252e7183b2e499dbbd5310bf200210cdb163c31ee626370b106242e37c41c578bb4aac18fadf7472edde435e0b2228a58a175afdb7b82142fc55cfc9ef14abf5",,"2024-06-04T12:18:00.000","25","NO CONTROLS","NO CONTROLS","CLEAR","DAYLIGHT","PARKED MOTOR VEHICLE","ONE-WAY",,"STRAIGHT AND LEVEL","DRY","NO DEFECTS","ON SCENE","NO INJURY / DRIVE AWAY",,,,"$500 OR LESS","2024-06-04T12:22:00.000","IMPROPER BACKING","NOT APPLICABLE","1154","W","EDDY ST","1924",,,,,,,"2","NO INDICATION OF INJURY","0","0","0","0","0","1","0","12","3","6","41.94635371","-87.657978062","POINT (-87.657978062198 41.946353710153)"
"5455a2f17358a54eb4a126b86c435ec43b763d1a70812ad89347b9671ec94e1402a53e99fe1af6aa6042204cb1c10daefb0177d7fa1ed904f61b261495383797",,"2024-06-04T12:05:00.000","20","NO CONTROLS","NO CONTROLS","CLEAR","DAYLIGHT","PEDESTRIAN","PARKING LOT",,"STRAIGHT AND LEVEL","DRY","NO DEFECTS","ON SCENE","INJURY AND / OR TOW DUE TO CRASH",,"Y",,"$500 OR LESS","2024-06-04T12:06:00.000","DRIVING SKILLS/KNOWLEDGE/EXPERIENCE","FAILING TO YIELD RIGHT-OF-WAY","703","S","SEELEY AVE","1225",,,,,,,"2","REPORTED, NOT EVIDENT","1","0","0","0","1","1","0","12","3","6","41.873166303","-87.677454663","POINT (-87.677454662891 41.873166303261)"
"61387d55447bdbe5c0a52756a42b7688a44d6cbd99757e1e197d3106cc22d00c9a8176cc698c51e9680288124caa720bd74d6808ff7cd1862a8e0c48a8c579e6",,"2024-06-04T12:00:00.000","20","NO CONTROLS","NO CONTROLS","CLEAR","DAYLIGHT","PARKED MOTOR VEHICLE","ONE-WAY",,"STRAIGHT AND LEVEL","DRY","UNKNOWN","NOT ON SCENE (DESK REPORT)","NO INJURY / DRIVE AWAY",,,,"OVER $1,500","2024-06-04T14:00:00.000","UNABLE TO DETERMINE","NOT APPLICABLE","2004","N","LEAMINGTON AVE","2522",,,,,,,"2","NO INDICATION OF INJURY","0","0","0","0","0","1","0","12","3","6","41.917065295","-87.754750919","POINT (-87.754750919319 41.917065294688)"
"a172883528081184cb20e4f2f50f366672500ee3ee58f8ddd3990a3e7f1917315924d2d075c8722ae778438a491d90e85bf90c0eaa55e61ad730d21c2b66b177",,"2024-06-04T11:55:00.000","25","NO CONTROLS","NO CONTROLS","RAIN","DARKNESS, LIGHTED ROAD","PARKED MOTOR VEHICLE","ONE-WAY",,"STRAIGHT AND LEVEL","WET","NO DEFECTS","NOT ON SCENE (DESK REPORT)","INJURY AND / OR TOW DUE TO CRASH",,,,"OVER $1,500","2024-06-05T06:35:00.000","TEXTING","DRIVING SKILLS/KNOWLEDGE/EXPERIENCE","549","N","LEAMINGTON AVE","1532",,,,,,,"2","NO INDICATION OF INJURY","0","0","0","0","0","1","0","11","3","6","41.890770796","-87.754077694","POINT (-87.754077694407 41.89077079608)"
"310e66300e1dd735aea9912905665fbe4025401875115ee190df762294d8f6f58feaf817c336f6f791d894560820f17fcebb4f445c54cbcf8ac376188f37f3de",,"2024-06-04T11:45:00.000","35","TRAFFIC SIGNAL","FUNCTIONING PROPERLY","CLEAR","DAYLIGHT","ANGLE","ONE-WAY",,"STRAIGHT AND LEVEL","DRY","NO DEFECTS","ON SCENE","INJURY AND / OR TOW DUE TO CRASH","Y",,,"OVER $1,500","2024-06-04T12:13:00.000","DISREGARDING TRAFFIC SIGNALS","UNABLE TO DETERMINE","499","N","LOWER MICHIGAN AVE","1834",,,,,,,"2","REPORTED, NOT EVIDENT","1","0","0","0","1","1","0","11","3","6","41.890896232","-87.624011077","POINT (-87.624011076705 41.890896231688)"
"b1dce08a454a57191270eba47c4e1af5e7c9bc4bc5ca99283d2ac37e7de6e0aa1a3ca5886441c3f1c43b4bd791cbae586929b27190721b72939ea49c344d49de",,"2024-06-04T11:45:00.000","30","NO CONTROLS","NO CONTROLS","CLEAR","DAYLIGHT","TURNING","DIVIDED - W/MEDIAN (NOT RAISED)",,"STRAIGHT AND LEVEL","DRY","NO DEFECTS","ON SCENE","INJURY AND / OR TOW DUE TO CRASH",,,,"OVER $1,500","2024-06-04T11:45:00.000","FAILING TO YIELD RIGHT-OF-WAY","UNABLE TO DETERMINE","1305","S","WESTERN AVE","1233",,,,,,,"2","NO INDICATION OF INJURY","0","0","0","0","0","2","0","11","3","6","41.864633642","-87.685836972","POINT (-87.685836971917 41.86463364206)"
"8b1450dd5057b7c5c298b12a0443f39e106af1c0cb7263f1dc948538a319141c5762bca1d53de9e3f96b876e9608c4364917617799464dab939f4cb5b70b6ce4",,"2024-06-04T11:40:00.000","30","NO CONTROLS","NO CONTROLS","CLEAR","DAYLIGHT","REAR END","NOT DIVIDED",,"STRAIGHT AND LEVEL","DRY","NO DEFECTS","NOT ON SCENE (DESK REPORT)","INJURY AND / OR TOW DUE TO CRASH","Y",,,"OVER $1,500","2024-06-04T12:44:00.000","FOLLOWING TOO CLOSELY","FOLLOWING TOO CLOSELY","142","N","LARAMIE AVE","1523",,,,,,,"3","REPORTED, NOT EVIDENT","1","0","0","0","1","2","0","11","3","6","41.883586898","-87.755329879","POINT (-87.755329879474 41.883586897575)"
"abca72467a90e8ae7c2d1b46cb217fd37b78cfaa34c8009193f9629a6226cadb7e69efd84857d21ef2b2d11bd70a02ba67316fd838c8b64db3ef3209c4399bbe",,"2024-06-04T11:40:00.000","10","NO CONTROLS","NO CONTROLS","CLEAR","DAYLIGHT","TURNING","PARKING LOT",,"STRAIGHT AND LEVEL","DRY","UNKNOWN","NOT ON SCENE (DESK REPORT)","NO INJURY / DRIVE AWAY",,,,"$500 OR LESS","2024-06-05T09:57:00.000","UNABLE TO DETERMINE","NOT APPLICABLE","5060","S","STATE ST","224",,,,,,,"2","NO INDICATION OF INJURY","0","0","0","0","0","2","0","11","3","6","41.802031235","-87.626038358","POINT (-87.626038357636 41.802031235277)"
"12ea762f02b91e984c8d594c2abdf5797d7e29948536ab6ff0519c7a70c0416e54e19212f4130ac76d6a9d306310f81466883eefa5b062dbdd2131de47180b08",,"2024-06-04T11:35:00.000","30","NO CONTROLS","NO CONTROLS","CLEAR","DAYLIGHT","SIDESWIPE SAME DIRECTION","NOT DIVIDED",,"STRAIGHT AND LEVEL","UNKNOWN","UNKNOWN","NOT ON SCENE (DESK REPORT)","NO INJURY / DRIVE AWAY",,,,"$501 - $1,500","2024-06-05T17:04:00.000","IMPROPER OVERTAKING/PASSING","IMPROPER OVERTAKING/PASSING","3200","W","ADDISON ST","1733",,,,,,,"2","NO INDICATION OF INJURY","0","0","0","0","0","2","0","11","3","6","41.946740032","-87.707875489","POINT (-87.707875489132 41.946740032195)"
"156e2bed50934262f7d893b898bffb8fd984fe0bd61786a9a954363dd0e87856f7ec809108da105adc2ed9b3dd2733729f42aa17ce231a069e767c5a794f9d97",,"2024-06-04T11:30:00.000","10","NO CONTROLS","NO CONTROLS","CLEAR","DAYLIGHT","ANGLE","NOT DIVIDED",,"STRAIGHT AND LEVEL","DRY","NO DEFECTS","NOT ON SCENE (DESK REPORT)","NO INJURY / DRIVE AWAY",,,,"OVER $1,500","2024-06-05T14:00:00.000","IMPROPER BACKING","NOT APPLICABLE","1739","W","CERMAK RD","1034",,,,,,,"2","NO INDICATION OF INJURY","0","0","0","0","0","2","0","11","3","6","41.852151199","-87.670074602","POINT (-87.670074601947 41.852151199487)"
"18daef4e698db6a1939e129d4cab8e11bfd07378bebaebe307d1164276fc779a09f2f42358c307ff061322a27c3c5709793bfe8cae9e3d1d8d8d42080a593418",,"2024-06-04T11:30:00.000","30","NO CONTROLS","NO CONTROLS","CLEAR","DAYLIGHT","PARKED MOTOR VEHICLE","DIVIDED - W/MEDIAN BARRIER",,"STRAIGHT AND LEVEL","DRY","NO DEFECTS","ON SCENE","INJURY AND / OR TOW DUE TO CRASH",,,,"OVER $1,500","2024-06-04T11:41:00.000","DISTRACTION - FROM OUTSIDE VEHICLE","DISTRACTION - FROM OUTSIDE VEHICLE","3923","W","IRVING PARK RD","1732",,,,,,,"2","NO INDICATION OF INJURY","0","0","0","0","0","1","0","11","3","6","41.95356121","-87.726029315","POINT (-87.726029315326 41.953561210233)"
"7ffc7416cefb049c18daf41aeea24d85065f04e5c7c06916bb554bca2f4571fb1b250fdf55c550e70fd93fa51512f0c2e5eb4e291af218186a3d04e860d8b27c",,"2024-06-04T11:30:00.000","15","NO CONTROLS","NO CONTROLS","CLEAR","DAYLIGHT","FIXED OBJECT","PARKING LOT",,"STRAIGHT AND LEVEL","DRY","UNKNOWN","ON SCENE","NO INJURY / DRIVE AWAY",,,,"OVER $1,500","2024-06-04T11:45:00.000","UNABLE TO DETERMINE","NOT APPLICABLE","1357","W","103RD ST","2212",,,,,,,"2","NO INDICATION OF INJURY","0","0","0","0","0","1","0","11","3","6","41.706655494","-87.657262009","POINT (-87.657262008777 41.706655494353)"
"8e9304809b2c20b20079c91476a93866d17bcec13461caf5d34d5db50f35fb1c1c6d4a61171f5c1f19c6d7355d37c737f2d9054c4b6c3873d2ca4a23aaf29810","Y","2024-06-04T11:30:00.000","30","NO CONTROLS","NO CONTROLS","CLEAR","DAYLIGHT","PARKED MOTOR VEHICLE","NOT DIVIDED",,"STRAIGHT AND LEVEL","DRY","NO DEFECTS","ON SCENE","NO INJURY / DRIVE AWAY",,,"Y","OVER $1,500","2024-06-04T12:22:00.000","UNABLE TO DETERMINE","NOT APPLICABLE","13","N","LOOMIS ST","1224",,,,,,,"2","NO INDICATION OF INJURY","0","0","0","0","0","1","0","11","3","6","41.881954789","-87.662139374","POINT (-87.662139373529 41.881954789432)"
"4cfb6c991451c7cdc023fe72de26dbccfdffedbb2ae4dc4b7a0623209c875dc24f7decb4dd4e2c0d874fb2368ba93fb2373e06fabafdc9a240fc7b3a6943074f",,"2024-06-04T11:29:00.000","25","STOP SIGN/FLASHER","FUNCTIONING PROPERLY","CLEAR","DAYLIGHT","ANGLE","FOUR WAY",,"STRAIGHT AND LEVEL","DRY","NO DEFECTS","ON SCENE","INJURY AND / OR TOW DUE TO CRASH","Y",,,"OVER $1,500","2024-06-04T11:29:00.000","DISTRACTION - FROM INSIDE VEHICLE","NOT APPLICABLE","1648","W","TOUHY AVE","2423",,,,,,,"2","NONINCAPACITATING INJURY","2","0","0","1","1","0","0","11","3","6","42.012788735","-87.672183344","POINT (-87.672183343523 42.012788735012)"
"6b5e60d436b1b6454cb08e5affca4d0b66d7ebcfafe17021478320aba31766db559ba8da1d68a960b799c318b2c528fd2fcad689327541b9acb095d149dce675",,"2024-06-04T11:23:00.000","30","TRAFFIC SIGNAL","FUNCTIONING PROPERLY","CLEAR","DAYLIGHT","TURNING","FOUR WAY",,"STRAIGHT AND LEVEL","DRY","NO DEFECTS","ON SCENE","INJURY AND / OR TOW DUE TO CRASH","Y",,,"$501 - $1,500","2024-06-04T11:24:00.000","DRIVING SKILLS/KNOWLEDGE/EXPERIENCE","NOT APPLICABLE","1","W","CHICAGO AVE","1832",,,,,,,"2","NO INDICATION OF INJURY","0","0","0","0","0","2","0","11","3","6","41.896566557","-87.628275435","POINT (-87.628275434685 41.896566557146)"