"crash_record_id","crash_date_est_i","crash_date","posted_speed_limit","traffic_control_device","device_condition","weather_condition","lighting_condition","first_crash_type","trafficway_type","lane_cnt","alignment","roadway_surface_cond","road_defect","report_type","crash_type","intersection_related_i","private_property_i","hit_and_run_i","damage","date_police_notified","prim_contributory_cause","sec_contributory_cause","street_no","street_direction","street_name","beat_of_occurrence","photos_taken_i","statements_taken_i","dooring_i","work_zone_i","work_zone_type","workers_present_i","num_units","most_severe_injury","injuries_total","injuries_fatal","injuries_incapacitating","injuries_non_incapacitating","injuries_reported_not_evident","injuries_no_indication","injuries_unknown","crash_hour","crash_day_of_week","crash_month","latitude","longitude","location"
"f9455b1ec97bd1e0ba78feb9e2638523b2d7d32470dbe1e688b7d3499b8a84948092e641888d101f48792359515364b846c95052cd51e108ed47e5b9acc259aa",,"2024-06-04T07:36:00.000","30","NO CONTROLS","NO CONTROLS","CLEAR","DAYLIGHT","REAR END","NOT DIVIDED",,"STRAIGHT AND LEVEL","DRY","NO DEFECTS","ON SCENE","INJURY AND / OR TOW DUE TO CRASH",,,"Y","OVER $1,500","2024-06-04T07:46:00.000","FOLLOWING TOO CLOSELY","FAILING TO REDUCE SPEED TO AVOID CRASH","3500","W","55TH ST","822",,,,,,,"2","REPORTED, NOT EVIDENT","2","0","0","0","2","1","0","7","3","6","41.793513173","-87.711014535","POINT (-87.711014534694 41.793513173132)"
"cf9ce9684c2896abb214b401384f58f1ddc29f9c977a97e30dc80f74d4202353c6a5a554caa0a309ac9a733f73e0d6b8cc4d9b7e63148e4b63b056549e1a65f6",,"2024-06-04T07:30:00.000","30","STOP SIGN/FLASHER","FUNCTIONING PROPERLY","CLEAR","DAYLIGHT","ANGLE","FOUR WAY",,"STRAIGHT AND LEVEL","DRY","NO DEFECTS","ON SCENE","INJURY AND / OR TOW DUE TO CRASH","Y",,,"OVER $1,500","2024-06-04T08:14:00.000","FAILING TO YIELD RIGHT-OF-WAY","UNABLE TO DETERMINE","5500","S","MEADE AVE","811",,,,,,,"2","NO INDICATION OF INJURY","0","0","0","0","0","2","0","7","3","6","41.792399325","-87.774644703","POINT (-87.77464470292 41.79239932451)"
"5cf32d0018b26d7c5546da2bb52297f133f9f5610ac2927603ab7c73ef13f4830e539c3496845d9591df2a8bf14d34bf6c7742da3b1ecf11469a6994d8d27b72",,"2024-06-04T07:00:00.000","30","STOP SIGN/FLASHER","OTHER","CLEAR","DAYLIGHT","PEDESTRIAN","DIVIDED - W/MEDIAN (NOT RAISED)",,"STRAIGHT AND LEVEL","DRY","UNKNOWN","ON SCENE","INJURY AND / OR TOW DUE TO CRASH",,,"Y","OVER $1,500","2024-06-04T07:55:00.000","UNABLE TO DETERMINE","NOT APPLICABLE","3100","N","SPAULDING AVE","1412",,,,,,,"2","REPORTED, NOT EVIDENT","1","0","0","0","1","1","0","7","3","6","41.937582038","-87.710153453","POINT (-87.710153452556 41.937582038121)"
"7f81fa72264e7744aa1cf3f924245050dcac6dd3767b9a819bbb6ecd1b4cbab15338f19b38648fc9a3bfe2e2a6bd5dcab5f8da2d6e47780053ebe220c22cb9aa",,"2024-06-04T06:40:00.000","30","NO CONTROLS","NO CONTROLS","RAIN","DARKNESS, LIGHTED ROAD","SIDESWIPE SAME DIRECTION","ONE-WAY",,"STRAIGHT AND LEVEL","WET","NO DEFECTS","ON SCENE","NO INJURY / DRIVE AWAY",,,,"OVER $1,500","2024-06-04T18:56:00.000","FAILING TO YIELD RIGHT-OF-WAY","UNABLE TO DETERMINE","5","E","MONROE ST","112",,,,,,,"2","NO INDICATION OF INJURY","0","0","0","0","0","2","0","6","3","6","41.880658626","-87.627510941","POINT (-87.627510940925 41.880658625643)"
"78bc0613296122c705742e4781c8371473c46bd17a6ba8e4006d85cf32bdf204c3443a4748c1904b83ffd89a0228a08dd36f7dc0a1fbcd46730aa620efa483a0",,"2024-06-04T06:38:00.000","30","TRAFFIC SIGNAL","FUNCTIONING PROPERLY","CLEAR","DAYLIGHT","PEDESTRIAN","DIVIDED - W/MEDIAN (NOT RAISED)",,"STRAIGHT AND LEVEL","DRY","NO DEFECTS","ON SCENE","INJURY AND / OR TOW DUE TO CRASH",,,"Y","OVER $1,500","2024-06-04T06:38:00.000","IMPROPER TURNING/NO SIGNAL","IMPROPER OVERTAKING/PASSING","1600","W","ROOSEVELT RD","1231",,,,,,,"2","NONINCAPACITATING INJURY","2","0","0","2","0","0","0","6","3","6","41.866971116","-87.666509744","POINT (-87.666509743796 41.86697111645)"
"2ec88cb492fa1e6b7c6637557a85ef47414091704919311709845e34a4b576d8a72fee7136c235eb3bb5013923f3edbd2274df03d8a83a6802336c0391e12b48",,"2024-06-04T06:35:00.000","30","NO CONTROLS","NO CONTROLS","CLEAR","DAYLIGHT","OTHER OBJECT","NOT DIVIDED",,"STRAIGHT AND LEVEL","DRY","NO DEFECTS","ON SCENE","INJURY AND / OR TOW DUE TO CRASH",,,,"OVER $1,500","2024-06-04T06:36:00.000","UNABLE TO DETERMINE","UNABLE TO DETERMINE","6929","N","CALDWELL AVE","1621",,,,,,,"1","NONINCAPACITATING INJURY","1","0","0","1","0","0","0","6","3","6","42.006344306","-87.783720528","POINT (-87.783720527766 42.006344306185)"
"260dc28866b5e0288d5787a8121a94e9266cf09dc26339a46f39cb2922803cba0f762ddc7680d564dcbe8a8483be89d8e0b33e7845ea8ebad210d0ea5673f4b8",,"2024-06-04T06:30:00.000","30","TRAFFIC SIGNAL","FUNCTIONING PROPERLY","CLEAR","DAYLIGHT","REAR END","DIVIDED - W/MEDIAN (NOT RAISED)",,"STRAIGHT AND LEVEL","DRY","NO DEFECTS","NOT ON SCENE (DESK REPORT)","INJURY AND / OR TOW DUE TO CRASH",,,,"$501 - $1,500","2024-06-04T07:45:00.000","DISTRACTION - FROM INSIDE VEHICLE","NOT APPLICABLE","2301","W","63RD ST","825",,,,,,,"2","REPORTED, NOT EVIDENT","1","0","0","0","1","1","0","6","3","6","41.779102676","-87.681150887","POINT (-87.681150887078 41.779102675956)"
"e5def3d86eb40e913bc0f0ff9c955ca63d2b5a632e9f34e0b60eb270d1800e96a4d687a31d5614576c28826ba2748d82c8af3be93d61db6aa36a502242593b03",,"2024-06-04T06:30:00.000","35","TRAFFIC SIGNAL","FUNCTIONING PROPERLY","CLEAR","DAYLIGHT","TURNING","FOUR WAY",,"STRAIGHT AND LEVEL","DRY","UNKNOWN","ON SCENE","NO INJURY / DRIVE AWAY",,,"Y","OVER $1,500","2024-06-04T06:55:00.000","IMPROPER TURNING/NO SIGNAL","UNABLE TO DETERMINE","3332","E","92ND ST","424",,,,,,,"2","NO INDICATION OF INJURY","0","0","0","0","0","3","0","6","3","6","41.728451753","-87.543634163","POINT (-87.543634163454 41.728451752753)"
"d95a78691aa4b531a51831457889cce5e5166c49edb07e94b280d2cf50105bcce4118ad2d76895dd1df40eb3399a2b2eea08b64979659e8c103a93d2b1459615",,"2024-06-04T06:19:00.000","20","NO CONTROLS","NO CONTROLS","CLEAR","DAYLIGHT","FIXED OBJECT","NOT DIVIDED",,"STRAIGHT AND LEVEL","DRY","NO DEFECTS","ON SCENE","INJURY AND / OR TOW DUE TO CRASH",,,,"OVER $1,500","2024-06-04T06:19:00.000","FAILING TO REDUCE SPEED TO AVOID CRASH","UNABLE TO DETERMINE","8058","S","YALE AVE","623",,,,,,,"1","NO INDICATION OF INJURY","0","0","0","0","0","1","0","6","3","6","41.747293952","-87.630720667","POINT (-87.630720666931 41.747293951692)"
"4e455a6174e17ee5a7790a6e0186e698e1360a4234943d585c53edc8b6abe965b0f32785349ef274224551f6c9454ca99902a0bf641aab9f1d584279d36167a7",,"2024-06-04T06:08:00.000","25","STOP SIGN/FLASHER","FUNCTIONING PROPERLY","CLEAR","DAWN","ANGLE","ONE-WAY",,"STRAIGHT AND LEVEL","DRY","NO DEFECTS","ON SCENE","NO INJURY / DRIVE AWAY","Y",,,"$500 OR LESS","2024-06-04T06:08:00.000","IMPROPER BACKING","NOT APPLICABLE","199","N","KILBOURN AVE","1113",,,,,,,"2","NO INDICATION OF INJURY","0","0","0","0","0","3","0","6","3","6","41.883151619","-87.737865777","POINT (-87.737865776555 41.883151618794)"
"8447a136546349c8f220f9691601833cb9270e8c44e3f22a162fbbe606b76e191e0ce426eab564a4bcfcc4f66c557a97b9924d977e57e89a9d40c39c5255df77",,"2024-06-04T06:00:00.000","30","NO CONTROLS","NO CONTROLS","CLEAR","DAYLIGHT","SIDESWIPE SAME DIRECTION","NOT DIVIDED",,"STRAIGHT AND LEVEL","DRY","NO DEFECTS","NOT ON SCENE (DESK REPORT)","NO INJURY / DRIVE AWAY",,,,"OVER $1,500","2024-06-04T08:05:00.000","UNABLE TO DETERMINE","UNABLE TO DETERMINE","4413","S","WESTERN AVE","922",,,,,,,"2","NO INDICATION OF INJURY","0","0","0","0","0","2","0","6","3","6","41.813456268","-87.684424377","POINT (-87.684424377259 41.813456267669)"
"efc54b927b70889cd0990a8feb7af69e5ec30185de79e5fd29d1fa0ba8cd6093ef7872755384f535c8126cf8cf8c3e05c40fe42739b882ac7f747888f82dbc07",,"2024-06-04T06:00:00.000","30","UNKNOWN","UNKNOWN","CLEAR","DAYLIGHT","PARKED MOTOR VEHICLE","ONE-WAY",,"STRAIGHT AND LEVEL","DRY","UNKNOWN","NOT ON SCENE (DESK REPORT)","NO INJURY / DRIVE AWAY",,,"Y","OVER $1,500","2024-06-04T21:48:00.000","UNABLE TO DETERMINE","NOT APPLICABLE","5000","W","BLOOMINGDALE AVE","2533",,,,,,,"2","NO INDICATION OF INJURY","0","0","0","0","0","1","0","6","3","6","41.913323246","-87.751327189","POINT (-87.751327188929 41.91332324636)"
"562db28c0553a13c42231f9e70560a90d4f9e3dcc3e793d0918031d9f6c25e0d1a358e31c5da9a87cec1113702fba4f093d9f02a5c52908e677877dea08eaebb",,"2024-06-04T03:58:00.000","30","TRAFFIC SIGNAL","FUNCTIONING PROPERLY","CLEAR","DARKNESS, LIGHTED ROAD","REAR END","UNKNOWN INTERSECTION TYPE",,"STRAIGHT AND LEVEL","DRY","NO DEFECTS","ON SCENE","INJURY AND / OR TOW DUE TO CRASH","Y","Y",,"OVER $1,500","2024-06-04T04:00:00.000","DISREGARDING TRAFFIC SIGNALS","IMPROPER OVERTAKING/PASSING","5729","N","NORTHWEST HWY","1622",,,,,,,"2","INCAPACITATING INJURY","1","0","1","0","0","1","0","3","3","6","41.986001137","-87.78752792","POINT (-87.787527920187 41.986001137112)"
"b23376c446eb077d3ede2fe2ba05055fc59bc674fd9ac355313f61f698af921bc40ae0b5d2eb700fbd47dbc821444e2bc3bc354d3ab482cd78d5d1ad45bbd40f",,"2024-06-04T02:42:00.000","30","NO CONTROLS","NO CONTROLS","CLEAR","DARKNESS","FIXED OBJECT","OTHER",,"STRAIGHT AND LEVEL","DRY","NO DEFECTS","ON SCENE","NO INJURY / DRIVE AWAY",,"Y",,"OVER $1,500","2024-06-04T02:42:00.000","DRIVING ON WRONG SIDE/WRONG WAY","NOT APPLICABLE","7201","S","VINCENNES AVE","731",,,,,,,"1","NO INDICATION OF INJURY","0","0","0","0","0","2","0","2","3","6","41.76349946","-87.628692044","POINT (-87.628692044384 41.763499460032)"
"d97b6288eead0688f832f9c562f30d310ebbd933ce42ee281717370775d5765e453ab9c6186bf1ecbffef0e9c2e8d00d5bce9c16a7321d76fa8bb9cff1743047",,"2024-06-04T01:13:00.000","30","STOP SIGN/FLASHER","FUNCTIONING PROPERLY","CLEAR","DARKNESS, LIGHTED ROAD","SIDESWIPE SAME DIRECTION","FOUR WAY",,"STRAIGHT AND LEVEL","DRY","NO DEFECTS","ON SCENE","INJURY AND / OR TOW DUE TO CRASH","Y",,"Y","$501 - $1,500","2024-06-04T01:24:00.000","IMPROPER LANE USAGE","UNABLE TO DETERMINE","699","N","AVERS AVE","1122",,,,,,,"2","NO INDICATION OF INJURY","0","0","0","0","0","2","0","1","3","6","41.893478358","-87.72220908","POINT (-87.722209080241 41.89347835772)"
"dea85e9a5a909660552418090bae2edb5c53376873731993ae3ee21a60040a3d87bbc116707ee5de0c006a2353c844b0397ead4c6e2e9121a67518174e6637ef",,"2024-06-04T01:11:00.000","30","TRAFFIC SIGNAL","FUNCTIONING PROPERLY","CLEAR","DARKNESS, LIGHTED ROAD","ANGLE","FOUR WAY",,"STRAIGHT AND LEVEL","DRY","NO DEFECTS","ON SCENE","INJURY AND / OR TOW DUE TO CRASH","Y",,,"OVER $1,500","2024-06-04T01:12:00.000","DISREGARDING TRAFFIC SIGNALS","NOT APPLICABLE","959","N","CENTRAL AVE","1524",,,,,,,"2","REPORTED, NOT EVIDENT","2","0","0","0","2","6","0","1","3","6","41.898453242","-87.765376594","POINT (-87.76537659415 41.898453242255)"
"5209a2b5f50f9f493061367bba262d954d695875fb00cc95b468e9393caf99b690179a52d81a850b929695aabc16d2019d9f0b30d866c0bf89913e73f1e407f0",,"2024-06-04T00:46:00.000","30","NO CONTROLS","NO CONTROLS","CLEAR","DARKNESS","HEAD ON","ONE-WAY",,"STRAIGHT AND LEVEL","DRY","NO DEFECTS","NOT ON SCENE (DESK REPORT)","NO INJURY / DRIVE AWAY",,,"Y","$500 OR LESS","2024-06-04T00:46:00.000","DRIVING ON WRONG SIDE/WRONG WAY","DRIVING ON WRONG SIDE/WRONG WAY","4021","W","BELLE PLAINE AVE","1722",,,,,,,"2","NO INDICATION OF INJURY","0","0","0","0","0","2","0","0","3","6","41.95536048","-87.728279986","POINT (-87.728279986071 41.955360480279)"
"728d4d39c0d070deeda0fc836bf34f70b3fe7d6c0a99515dbefcfffd76ddd86c4b8217440a983c85c3cc98b40c34b79fcf7d8c06fdad9cfb09d55dc0515b468b",,"2024-06-04T00:25:00.000","30","NO CONTROLS","NO CONTROLS","CLEAR","DARKNESS, LIGHTED ROAD","PARKED MOTOR VEHICLE","NOT DIVIDED",,"STRAIGHT AND LEVEL","DRY","NO DEFECTS","ON SCENE","NO INJURY / DRIVE AWAY",,,,"OVER $1,500","2024-06-04T01:27:00.000","UNABLE TO DETERMINE","NOT APPLICABLE","314","E","51ST ST","224",,,,,,,"2","NO INDICATION OF INJURY","0","0","0","0","0","1","0","0","3","6","41.802173402","-87.618732774","POINT (-87.618732774344 41.802173401813)"
"b978dd9f26ac7930fb68eb4c39eb24865bc220f60a06b513133b1576871c487c707c3bd8d8f4e405d4db6c357289b903396098f235cd97bc822a604f95375b8b",,"2024-06-04T00:20:00.000","30","OTHER","OTHER","OTHER","UNKNOWN","TURNING","OTHER",,"STRAIGHT AND LEVEL","OTHER","OTHER","NOT ON SCENE (DESK REPORT)","NO INJURY / DRIVE AWAY",,,,"OVER $1,500","2024-06-04T00:40:00.000","UNABLE TO DETERMINE","UNABLE TO DETERMINE","5500","S","WELLS ST","711",,,,,,,"2","NO INDICATION OF INJURY","0","0","0","0","0","2","0","0","3","6","41.794199485","-87.631925482","POINT (-87.631925482492 41.794199485414)"
"228bcdfec0a843cde92d5d650bbb8f6e0a4a34213e9bec577bfd67cd7c739ddc64af1fd4f144acf056eae24c0a87e183413f66a29c92fb5185f97ffdc1c62430",,"2024-06-04T00:15:00.000","20","STOP SIGN/FLASHER","FUNCTIONING PROPERLY","CLEAR","DARKNESS, LIGHTED ROAD","FIXED OBJECT","ONE-WAY",,"STRAIGHT AND LEVEL","DRY","NO DEFECTS","ON SCENE","INJURY AND / OR TOW DUE TO CRASH",,"Y",,"OVER $1,500","2024-06-04T00:16:00.000","UNABLE TO DETERMINE","UNABLE TO DETERMINE","5300","W","WELLINGTON AVE","2514",,,,,,,"1","NO INDICATION OF INJURY","0","0","0","0","0","2","0","0","3","6","41.935129265","-87.759120655","POINT (-87.759120655257 41.935129265106)"
"8e734c4ea82cd550b250019e3b1ad4a02d5c68e5859abc42d69d9a75ecb0b01f210e8116b894a2aecb7dca3b68b2f735414346ed9e5ded93316c3e497a5818bc",,"2024-06-04T00:13:00.000","30","STOP SIGN/FLASHER","FUNCTIONING PROPERLY","CLEAR","DARKNESS","PARKED MOTOR VEHICLE","ONE-WAY",,"STRAIGHT AND LEVEL","DRY","NO DEFECTS","ON SCENE","INJURY AND / OR TOW DUE TO CRASH",,,,"OVER $1,500","2024-06-04T00:13:00.000","NOT APPLICABLE","NOT APPLICABLE","2635","W","GUNNISON ST","2031","Y","Y",,,,,"3","INCAPACITATING INJURY","1","0","1","0","0","1","0","0","3","6","41.969546198","-87.695274913","POINT (-87.695274913061 41.969546197834)"
"e3612384a524d3a58c39fdc1935f1678c9a761cacd8309cc5693318feabf9dae45bd157d11f857a7bb51169feadd39c011a5628a9aa735c081cd3692938c0cb2",,"2024-06-04T00:10:00.000","25","NO CONTROLS","NO CONTROLS","CLEAR","DARKNESS, LIGHTED ROAD","PARKED MOTOR VEHICLE","NOT DIVIDED",,"STRAIGHT AND LEVEL","DRY","NO DEFECTS","ON SCENE","INJURY AND / OR TOW DUE TO CRASH",,,,"$500 OR LESS","2024-06-04T00:10:00.000","IMPROPER BACKING","NOT APPLICABLE","3136","W","MONTROSE AVE","1724",,,,,,,"2","NO INDICATION OF INJURY","0","0","0","0","0","2","0","0","3","6","41.961302849","-87.707322892","POINT (-87.707322892201 41.961302848509)"
"1d4fdab21ac9e04853d0972726bade5798b04a00b9bca049c65503e46ba7dbf1eefa2c2e7caa5d0d9e11e618ef79016b32d02349eea9a3e345450830b386897c",,"2024-06-04T00:05:00.000","30","UNKNOWN","UNKNOWN","CLEAR","DUSK","PARKED MOTOR VEHICLE","NOT DIVIDED",,"STRAIGHT AND LEVEL","DRY","UNKNOWN","NOT ON SCENE (DESK REPORT)","NO INJURY / DRIVE AWAY",,,,"$501 - $1,500","2024-06-04T00:55:00.000","NOT APPLICABLE","UNABLE TO DETERMINE","1347","S","ASHLAND AVE","1233",,,,,,,"2","NO INDICATION OF INJURY","0","0","0","0","0","4","0","0","3","6","41.863691227","-87.666158506","POINT (-87.66615850598 41.863691227493)"
"dc815451d034a5f1ceb74d6c3cd043aa976bcbc484d21683bd343e94a638ab5d2046e88d5662e275190b8161d3466f09993140bbb2f59940fcaa25ee98b2a739",,"2024-06-04T00:05:00.000","40","NO CONTROLS","NO CONTROLS","CLEAR","DARKNESS, LIGHTED ROAD","OTHER OBJECT","ONE-WAY",,"CURVE, LEVEL","DRY","NO DEFECTS","ON SCENE","INJURY AND / OR TOW DUE TO CRASH",,,,"OVER $1,500","2024-06-04T00:10:00.000","UNABLE TO DETERMINE","NOT APPLICABLE","5600","S","LAKE SHORE DR SB","331",,,,,,,"1","NO INDICATION OF INJURY","0","0","0","0","0","1","0","0","3","6","41.793456251","-87.580318542","POINT (-87.580318541655 41.793456251099)"
"216ab532cdbf4dc9c4b3ce489495da1fdf08a4eddca0e9b7ecbe6231c5abe4a2a1888c928a6005c97b73124cd0d104e948953f00f7c798ec7430fc56a414d57b",,"2024-06-04T00:03:00.000","25","TRAFFIC SIGNAL","UNKNOWN","CLEAR","DARKNESS, LIGHTED ROAD","TURNING","FOUR WAY",,"STRAIGHT AND LEVEL","DRY","NO DEFECTS","ON SCENE","INJURY AND / OR TOW DUE TO CRASH","Y",,,"OVER $1,500","2024-06-04T00:29:00.000","IMPROPER TURNING/NO SIGNAL","FAILING TO YIELD RIGHT-OF-WAY","13700","S","LEYDEN AVE","533",,,,,,,"2","NO INDICATION OF INJURY","0","0","0","0","0","2","0","0","3","6","41.646582686","-87.617251101","POINT (-87.617251100749 41.646582686437)"
"fb16f06093c9682a21da43cba3ccab6c2bcbe282d8422f8d8720e2192285d06d759044b461321298980f951530295bd62e455bdb4017bbb8f9f235ea2dd742b3",,"2024-06-04T00:03:00.000","30","NO CONTROLS","NO CONTROLS","CLEAR","DARKNESS, LIGHTED ROAD","PARKED MOTOR VEHICLE","DIVIDED - W/MEDIAN (NOT RAISED)",,"STRAIGHT AND LEVEL","DRY","NO DEFECTS","ON SCENE","INJURY AND / OR TOW DUE TO CRASH",,,,"OVER $1,500","2024-06-04T00:04:00.000","FAILING TO REDUCE SPEED TO AVOID CRASH","IMPROPER LANE USAGE","2139","W","MADISON ST","1223",,,,,,,"2","NO INDICATION OF INJURY","0","0","0","0","0","1","0","0","3","6","41.881145335","-87.680644675","POINT (-87.680644675465 41.881145335137)"
"9b71d8d456f4276056ef873f896c3c890630fdef254b4c8e2d7824da1df66decea347511414ee27b91811975219ac8f7d0e5b6aa2f88ec862febbded0f62c527",,"2024-06-03T23:55:00.000","30","RAILROAD CROSSING GATE","FUNCTIONING PROPERLY","CLEAR","DARKNESS, LIGHTED ROAD","SIDESWIPE SAME DIRECTION","DIVIDED - W/MEDIAN (NOT RAISED)",,"STRAIGHT AND LEVEL","DRY","NO DEFECTS","ON SCENE","NO INJURY / DRIVE AWAY",,,,"$501 - $1,500","2024-06-04T00:04:00.000","IMPROPER OVERTAKING/PASSING","UNABLE TO DETERMINE","5264","S","ARCHER AVE","815",,,,,,,"2","NO INDICATION OF INJURY","0","0","0","0","0","2","0","23","2","6","41.799599791","-87.737819264","POINT (-87.737819264281 41.799599791477)"
"224857cef5ed930125f12d2478872468a661bc24f67630087fe1d93570a6de146df362c3688caa8475fa6ca37694fd27fd9bd9d49060913948b7c4478fc7a18e",,"2024-06-03T23:35:00.000","30","TRAFFIC SIGNAL","FUNCTIONING PROPERLY","CLEAR","DARKNESS, LIGHTED ROAD","PARKED MOTOR VEHICLE","DIVIDED - W/MEDIAN (NOT RAISED)",,"STRAIGHT AND LEVEL","DRY","UNKNOWN","ON SCENE","INJURY AND / OR TOW DUE TO CRASH",,,,"OVER $1,500","2024-06-03T23:40:00.000","IMPROPER LANE USAGE","IMPROPER LANE USAGE","551","E","79TH ST","624",,,,,,,"2","NO INDICATION OF INJURY","0","0","0","0","0","2","0","23","2","6","41.751083008","-87.61047506","POINT (-87.610475059562 41.751083007793)"
"706af6e680fbb09ea35e063dc19d3ef3cd7d169c5719766ff00df4df680fcd6aca2be4120f057f6458a1332adb161d496dc458d76da130cde69c9e9c557fe8a4",,"2024-06-03T23:22:00.000","30","TRAFFIC SIGNAL","FUNCTIONING PROPERLY","CLEAR","DARKNESS, LIGHTED ROAD","ANGLE","FOUR WAY",,"STRAIGHT AND LEVEL","DRY","NO DEFECTS","ON SCENE","INJURY AND / OR TOW DUE TO CRASH","Y",,,"OVER $1,500","2024-06-03T23:22:00.000","FAILING TO REDUCE SPEED TO AVOID CRASH","NOT APPLICABLE","300","S","MICHIGAN AVE","113",,,,,,,"2","REPORTED, NOT EVIDENT","1","0","0","0","1","1","0","23","2","6","41.878217345","-87.62445584","POINT (-87.624455840297 41.878217345311)"
"5dde3daac608a9e8026f19effda4cb755a2faab3face6c7935546375f88baad9913bc5963836171866fad2c80163ce2d835b9a445e7c03d059d9917a0b019e08",,"2024-06-03T23:17:00.000","30","NO CONTROLS","NO CONTROLS","CLEAR","DARKNESS, LIGHTED ROAD","TURNING","DIVIDED - W/MEDIAN (NOT RAISED)",,"STRAIGHT AND LEVEL","DRY","NO DEFECTS","ON SCENE","INJURY AND / OR TOW DUE TO CRASH",,,,"OVER $1,500","2024-06-03T23:17:00.000","FAILING TO YIELD RIGHT-OF-WAY","DRIVING SKILLS/KNOWLEDGE/EXPERIENCE","4830","S","WESTERN AVE","922",,,,,,,"2","NO INDICATION OF INJURY","0","0","0","0","0","2","0","23","2","6","41.805724373","-87.684495109","POINT (-87.684495108884 41.805724373029)"
"ccf1c0edbf976236309b259cb19224ce07010033b0bdfdbc6abad6f806440e43a8a47526c3804f075a18919d8323dfa228c0d2b601a928c53cc377c6b1ab061f",,"2024-06-03T23:00:00.000","30","TRAFFIC SIGNAL","FUNCTIONING PROPERLY","CLEAR","DARKNESS, LIGHTED ROAD","TURNING","NOT DIVIDED",,"STRAIGHT AND LEVEL","DRY","NO DEFECTS","NOT ON SCENE (DESK REPORT)","NO INJURY / DRIVE AWAY",,,,"OVER $1,500","2024-06-03T23:22:00.000","UNABLE TO DETERMINE","NOT APPLICABLE","5108","S","ARCHER AVE","815",,,,,,,"2","NO INDICATION OF INJURY","0","0","0","0","0","2","0","23","2","6","41.800856998","-87.729593113","POINT (-87.729593113454 41.800856997957)"
"32c71d22c587295f7dac96abccdea5f968d04713c9d3b01af3c0967bfead3f6e57a01507efe51fd85caa9340fd5342400d93a4b6f77e7c68bcf15973780dfa8c",,"2024-06-03T22:55:00.000","25","TRAFFIC SIGNAL","FUNCTIONING PROPERLY","CLEAR","DARKNESS, LIGHTED ROAD","SIDESWIPE SAME DIRECTION","FOUR WAY",,"STRAIGHT AND LEVEL","DRY","UNKNOWN","ON SCENE","INJURY AND / OR TOW DUE TO CRASH","Y",,,"OVER $1,500","2024-06-03T23:08:00.000","IMPROPER OVERTAKING/PASSING","IMPROPER OVERTAKING/PASSING","960","N","MICHIGAN AVE","1833",,"Y",,,,,"2","REPORTED, NOT EVIDENT","1","0","0","0","1","3","0","22","2","6","41.900508985","-87.624333639","POINT (-87.624333638715 41.90050898451)"
"ee1cb9105d4e3e929ffe41dfb80fd531b5a2df3cd63cc9f5d620c1a306457d34f546b40a6f38e45e8d144e79cde9d132f49f40b9842183db67e7462c3c3c8be2",,"2024-06-03T22:42:00.000","30","TRAFFIC SIGNAL","FUNCTIONING PROPERLY","CLEAR","DARKNESS, LIGHTED ROAD","PARKED MOTOR VEHICLE","NOT DIVIDED",,"STRAIGHT AND LEVEL","DRY","NO DEFECTS","ON SCENE","NO INJURY / DRIVE AWAY",,,,"$500 OR LESS","2024-06-03T22:42:00.000","IMPROPER BACKING","UNABLE TO DETERMINE","997","W","64TH ST","723","N","Y",,,,,"2","NO INDICATION OF INJURY","0","0","0","0","0","3","0","22","2","6","41.777751578","-87.64953116","POINT (-87.649531160134 41.77775157786)"
"9186ecb43300ce3cba15878db5b483f5164c5c390daae24906d80c9e7630b4da7cf2f1bd797160f81b314f4010c597807df23701a694268adec0235c9ac3d088",,"2024-06-03T22:30:00.000","30","TRAFFIC SIGNAL","FUNCTIONING PROPERLY","CLEAR","DARKNESS, LIGHTED ROAD","TURNING","T-INTERSECTION",,"STRAIGHT AND LEVEL","DRY","NO DEFECTS","ON SCENE","NO INJURY / DRIVE AWAY","N",,,"OVER $1,500","2024-06-03T23:53:00.000","IMPROPER OVERTAKING/PASSING","NOT APPLICABLE","3099","S","MOE DR","133",,,,,,,"2","NO INDICATION OF INJURY","0","0","0","0","0","2","0","22","2","6","41.838566863","-87.609722426","POINT (-87.609722426489 41.838566863215)"
"8ffa3cc3718bc596501ff9df7c44b7d19ea3e12f38c2aa3733b4dfd0b279092217f4004755e059f5444a8eeae4ef5df118cc3d58f4268e42aa6398cf05e3353d",,"2024-06-03T22:15:00.000","30","STOP SIGN/FLASHER","FUNCTIONING PROPERLY","CLEAR","DARKNESS, LIGHTED ROAD","TURNING","CENTER TURN LANE",,"STRAIGHT AND LEVEL","DRY","UNKNOWN","NOT ON SCENE (DESK REPORT)","NO INJURY / DRIVE AWAY",,,"Y","OVER $1,500","2024-06-03T22:20:00.000","IMPROPER BACKING","NOT APPLICABLE","100","W","CERMAK RD","131",,,,,,,"2","NO INDICATION OF INJURY","0","0","0","0","0","2","0","22","2","6","41.852991219","-87.629386933","POINT (-87.629386933044 41.852991219253)"
"de4565736c6d420d0c3e829c4499b5ff1e05d1ffc31306c717aae1e1fa69d1b3dce847fb8bfe7e38d618d2f45cf03ad378b8f0395a1bdab8fea99bda1b063458",,"2024-06-03T22:15:00.000","35","TRAFFIC SIGNAL","NO CONTROLS","CLEAR","DARKNESS","TURNING","FOUR WAY",,"STRAIGHT AND LEVEL","DRY","NO DEFECTS","NOT ON SCENE (DESK REPORT)","NO INJURY / DRIVE AWAY","Y",,,"OVER $1,500","2024-06-03T22:35:00.000","FAILING TO REDUCE SPEED TO AVOID CRASH","UNABLE TO DETERMINE","12600","S","AVENUE O","433",,,,,,,"2","NO INDICATION OF INJURY","0","0","0","0","0","3","0","22","2","6","41.666054665","-87.5394555","POINT (-87.539455500189 41.666054665379)"