"crash_record_id","crash_date_est_i","crash_date","posted_speed_limit","traffic_control_device","device_condition","weather_condition","lighting_condition","first_crash_type","trafficway_type","lane_cnt","alignment","roadway_surface_cond","road_defect","report_type","crash_type","intersection_related_i","private_property_i","hit_and_run_i","damage","date_police_notified","prim_contributory_cause","sec_contributory_cause","street_no","street_direction","street_name","beat_of_occurrence","photos_taken_i","statements_taken_i","dooring_i","work_zone_i","work_zone_type","workers_present_i","num_units","most_severe_injury","injuries_total","injuries_fatal","injuries_incapacitating","injuries_non_incapacitating","injuries_reported_not_evident","injuries_no_indication","injuries_unknown","crash_hour","crash_day_of_week","crash_month","latitude","longitude","location"
"d0e2ddc34a9da890363d568a76faa34dbf856bc5feec38b0c2db161ab7653fc950fae1a8a3ee359c830762c71a73d8fe2aa6ade00cf558e58c7479917425baa0",,"2024-06-03T22:05:00.000","30","UNKNOWN","UNKNOWN","CLEAR","DUSK","REAR END","FOUR WAY",,"STRAIGHT AND LEVEL","DRY","UNKNOWN","NOT ON SCENE (DESK REPORT)","NO INJURY / DRIVE AWAY","Y",,"Y","$501 - $1,500","2024-06-03T22:35:00.000","NOT APPLICABLE","UNABLE TO DETERMINE","3542","S","ARCHER AVE","912",,,,,,,"2","NO INDICATION OF INJURY","0","0","0","0","0","2","0","22","2","6","41.829462619","-87.679391566","POINT (-87.679391565512 41.829462618669)"
"cb9803dfe8ad1d2fa3aebd4c719062899ecbaea7ac9161fe2b6f6c005c2571f6f1ca02f0a4724c965e756827f28f88de647608e4323d4da9d98b44d42d033ed9",,"2024-06-03T21:55:00.000","30","YIELD","FUNCTIONING PROPERLY","CLEAR","DARKNESS, LIGHTED ROAD","TURNING","ONE-WAY",,"STRAIGHT AND LEVEL","DRY","NO DEFECTS","ON SCENE","INJURY AND / OR TOW DUE TO CRASH",,,,"OVER $1,500","2024-06-03T23:40:00.000","IMPROPER OVERTAKING/PASSING","UNABLE TO DETERMINE","1632","E","71ST ST","332",,,,,,,"2","NO INDICATION OF INJURY","0","0","0","0","0","3","0","21","2","6","41.76627039","-87.584468334","POINT (-87.584468333974 41.766270389532)"
"629ba6346fb1c6d7b4df9e0aa1933f9c9f92815391b0e047b20de14951d28f70d3a2dd5d9c74d6dd098edf62554d4e8b20f01f7f0c20c1535f5f7e23a5980748",,"2024-06-03T21:45:00.000","30","NO CONTROLS","NO CONTROLS","CLEAR","DARKNESS, LIGHTED ROAD","TURNING","DIVIDED - W/MEDIAN BARRIER",,"STRAIGHT AND LEVEL","DRY","NO DEFECTS","NOT ON SCENE (DESK REPORT)","INJURY AND / OR TOW DUE TO CRASH",,,,"OVER $1,500","2024-06-03T22:50:00.000","IMPROPER LANE USAGE","NOT APPLICABLE","1624","E","71ST ST","332",,,,,,,"2","NO INDICATION OF INJURY","0","0","0","0","0","2","0","21","2","6","41.766268264","-87.584836333","POINT (-87.584836332549 41.766268263921)"
"ce57c1860285c62b9f371a1ae12859cc832770bea79eb9324b9f9033b40dbc8c517d789ca46eef3853c0ddbe35610085b81ee5e55a762db2571cfdbcceff977e",,"2024-06-03T21:20:00.000","35","TRAFFIC SIGNAL","FUNCTIONING PROPERLY","CLEAR","DAWN","TURNING","FOUR WAY",,"STRAIGHT AND LEVEL","DRY","NO DEFECTS","NOT ON SCENE (DESK REPORT)","NO INJURY / DRIVE AWAY","Y",,,"OVER $1,500","2024-06-03T22:30:00.000","UNABLE TO DETERMINE","NOT APPLICABLE","11100","S","HALSTED ST","2233",,,,,,,"2","NO INDICATION OF INJURY","0","0","0","0","0","2","0","21","2","6","41.692263123","-87.642522688","POINT (-87.642522687627 41.692263123425)"
"8680f0b3ebb6bba911ef8f642a89c17e9f47ad2c94acdde4d90bcbf1b4dfe72fa9202ff24f80f110eea9cf07df44cf0b1d8f040d09c5e415b8c26a0f1357d9d9",,"2024-06-03T21:15:00.000","30","TRAFFIC SIGNAL","FUNCTIONING PROPERLY","CLEAR","DARKNESS, LIGHTED ROAD","TURNING","ONE-WAY",,"STRAIGHT AND LEVEL","DRY","UNKNOWN","NOT ON SCENE (DESK REPORT)","INJURY AND / OR TOW DUE TO CRASH",,,"Y","OVER $1,500","2024-06-03T21:40:00.000","UNABLE TO DETERMINE","UNABLE TO DETERMINE","6300","S","YALE AVE","722",,,,,,,"2","REPORTED, NOT EVIDENT","2","0","0","0","2","2","0","21","2","6","41.779926518","-87.631979326","POINT (-87.631979325574 41.779926517686)"
"5b4798957d5747af34b237d877af7b0faf435f7eeaeeb01680ba96442cc88fd0d95b79b376200bc4206384b535943d3e08fcb4a9885f35a4646d133d516234a7",,"2024-06-03T21:00:00.000","30","STOP SIGN/FLASHER","FUNCTIONING PROPERLY","CLEAR","DARKNESS, LIGHTED ROAD","ANGLE","FOUR WAY",,"STRAIGHT AND LEVEL","DRY","NO DEFECTS","NOT ON SCENE (DESK REPORT)","INJURY AND / OR TOW DUE TO CRASH","Y",,,"OVER $1,500","2024-06-03T22:40:00.000","FAILING TO YIELD RIGHT-OF-WAY","UNABLE TO DETERMINE","8001","S","VINCENNES AVE","621",,,,,,,"2","NONINCAPACITATING INJURY","2","0","0","2","0","1","0","21","2","6","41.748839062","-87.634573029","POINT (-87.634573028558 41.748839061942)"
"6e814d7b070c9bb90a5482da7b43185c1d352cdcb719fab5da9ec10ca899fe976fc0d1d79bb28a2721e5aa5df7338f14da32c732cc4766d2c965eb2013a5b493",,"2024-06-03T21:00:00.000","30","NO CONTROLS","NO CONTROLS","CLEAR","DAWN","PARKED MOTOR VEHICLE","NOT DIVIDED",,"STRAIGHT AND LEVEL","DRY","NO DEFECTS","ON SCENE","NO INJURY / DRIVE AWAY",,,"Y","OVER $1,500","2024-06-03T22:04:00.000","IMPROPER LANE USAGE","DRIVING SKILLS/KNOWLEDGE/EXPERIENCE","1328","W","49TH ST","933",,,,,,,"2","NO INDICATION OF INJURY","0","0","0","0","0","1","0","21","2","6","41.80515528","-87.658737283","POINT (-87.658737283499 41.805155279537)"
"9d447bf5c908f6d9b96af4f1b520879dc36a9dcdab705d80f3558aa777ed549c9e5c5594941b4885089cd847ecde531d2d315402e361b85010db24a98b8d6988",,"2024-06-03T21:00:00.000","25","NO CONTROLS","NO CONTROLS","CLEAR","DARKNESS, LIGHTED ROAD","PARKED MOTOR VEHICLE","NOT DIVIDED",,"STRAIGHT AND LEVEL","DRY","NO DEFECTS","ON SCENE","NO INJURY / DRIVE AWAY",,,"Y","OVER $1,500","2024-06-03T21:10:00.000","UNABLE TO DETERMINE","NOT APPLICABLE","5734","W","64TH PL","812",,,,,,,"2","NO INDICATION OF INJURY","0","0","0","0","0","1","0","21","2","6","41.77536401","-87.765475755","POINT (-87.765475755328 41.775364010356)"
"f5d06ef5eff223a550235307b2609e59e1797c7be369b37c2efe5c9bb18a959dd5514bceb0904f97e02a59aaa046181b2f4192895655fe2bf096757e971081e4",,"2024-06-03T21:00:00.000","30","NO CONTROLS","NO CONTROLS","CLEAR","DARKNESS, LIGHTED ROAD","ANGLE","NOT DIVIDED",,"STRAIGHT AND LEVEL","DRY","UNKNOWN","NOT ON SCENE (DESK REPORT)","NO INJURY / DRIVE AWAY",,,,"OVER $1,500","2024-06-04T15:15:00.000","DRIVING SKILLS/KNOWLEDGE/EXPERIENCE","DRIVING SKILLS/KNOWLEDGE/EXPERIENCE","10500","S","WESTERN AVE","2211",,,,,,,"2","NO INDICATION OF INJURY","0","0","0","0","0","5","0","21","2","6","41.702638549","-87.681645783","POINT (-87.681645782607 41.70263854932)"
"01d29881e7cb0c49f64831f9ce36e2c1eb0e760d1e52773854249314b46c997fda1c4621e03d65ef7bde993c28fb109fc4d51de7622eb28492a6e15bdc13136e",,"2024-06-03T20:54:00.000","30","UNKNOWN","UNKNOWN","CLEAR","DAYLIGHT","TURNING","NOT DIVIDED",,"STRAIGHT AND LEVEL","DRY","UNKNOWN","NOT ON SCENE (DESK REPORT)","NO INJURY / DRIVE AWAY",,,"Y","OVER $1,500","2024-06-04T17:50:00.000","UNABLE TO DETERMINE","UNABLE TO DETERMINE","252","W","26TH ST","914",,,,,,,"2","NO INDICATION OF INJURY","0","0","0","0","0","3","0","20","2","6","41.845606501","-87.633885614","POINT (-87.633885614463 41.845606500779)"
"ecad3a7275c72ed186c4a54351956e93d9f96bd37e25bb68230daea9e2297bb36cf7776aedd6c6fc2ff19f4a86e74f4ce75aec8e618544b54ae2c0a8bcda6a01",,"2024-06-03T20:51:00.000","30","NO CONTROLS","NO CONTROLS","CLEAR","DARKNESS, LIGHTED ROAD","PARKED MOTOR VEHICLE","OTHER",,"STRAIGHT AND LEVEL","DRY","NO DEFECTS","ON SCENE","NO INJURY / DRIVE AWAY",,,,"OVER $1,500","2024-06-03T20:59:00.000","DRIVING SKILLS/KNOWLEDGE/EXPERIENCE","UNABLE TO DETERMINE","7541","N","WESTERN AVE","2411",,,,,,,"2","NO INDICATION OF INJURY","0","0","0","0","0","1","0","20","2","6","42.018700769","-87.690035719","POINT (-87.690035718694 42.018700768564)"
"5ae6ee9bf76b863d96fa10ebbbe253d388ba38f2476d62223c75441f9eefcba5e50c0d10b8e92a660f229c3eacf570c80072b05aab11a8fc3cb5743d2b6affb0","Y","2024-06-03T20:50:00.000","30","NO CONTROLS","NO CONTROLS","CLEAR","DARKNESS, LIGHTED ROAD","SIDESWIPE SAME DIRECTION","NOT DIVIDED",,"STRAIGHT AND LEVEL","DRY","NO DEFECTS","NOT ON SCENE (DESK REPORT)","NO INJURY / DRIVE AWAY",,,,"OVER $1,500","2024-06-03T21:15:00.000","IMPROPER OVERTAKING/PASSING","NOT APPLICABLE","7133","S","WESTERN AVE","832",,,,,,,"2","NO INDICATION OF INJURY","0","0","0","0","0","2","0","20","2","6","41.763706957","-87.68306801","POINT (-87.6830680099 41.763706957499)"
"61bd84071aa9ccc867fe9d9389c9fd0300637e7ce1f5956c26bfcff9efd85ca9f9bde440455615313c6d7172001a2291af7d676aa07be93e94fb4b0a0fcb079e",,"2024-06-03T20:50:00.000","25","TRAFFIC SIGNAL","FUNCTIONING PROPERLY","CLEAR","DARKNESS, LIGHTED ROAD","TURNING","NOT DIVIDED",,"STRAIGHT AND LEVEL","DRY","NO DEFECTS","ON SCENE","INJURY AND / OR TOW DUE TO CRASH",,,"Y","OVER $1,500","2024-06-03T20:58:00.000","UNABLE TO DETERMINE","NOT APPLICABLE","3314","N","PULASKI RD","1731",,,,,,,"2","NO INDICATION OF INJURY","0","0","0","0","0","3","0","20","2","6","41.941297285","-87.727398499","POINT (-87.727398499103 41.941297284727)"
"b00b92f2cce0c7f3f415dfa1cdcfb0c72660c7c9b9f9cb492a5d3d209ba7aa273cdf19c22c8d3766aaedb0cdbf7140e2256267d0e4871dee2fdf9251effa46dc",,"2024-06-03T20:45:00.000","30","NO CONTROLS","NO CONTROLS","CLEAR","DARKNESS, LIGHTED ROAD","FIXED OBJECT","NOT DIVIDED",,"STRAIGHT AND LEVEL","DRY","NO DEFECTS","NOT ON SCENE (DESK REPORT)","NO INJURY / DRIVE AWAY",,,,"OVER $1,500","2024-06-04T13:05:00.000","DRIVING SKILLS/KNOWLEDGE/EXPERIENCE","NOT APPLICABLE","6300","S","STONY ISLAND AVE","314",,,,,,,"1","NO INDICATION OF INJURY","0","0","0","0","0","1","0","20","2","6","41.780525395","-87.586602996","POINT (-87.586602995543 41.780525395052)"
"25c936e4881f337d88b7460821fc6a98e078e5ca7fcf8a4385a9924f2c22da27eaa5be6294e2779bab7a189531a25f90d7c8f652c2b4f28a706a10a92ff44d9f",,"2024-06-03T20:36:00.000","30","TRAFFIC SIGNAL","FUNCTIONING PROPERLY","CLEAR","DARKNESS, LIGHTED ROAD","SIDESWIPE SAME DIRECTION","FOUR WAY",,"STRAIGHT AND LEVEL","DRY","OTHER","NOT ON SCENE (DESK REPORT)","NO INJURY / DRIVE AWAY","Y",,,"OVER $1,500","2024-06-03T21:30:00.000","IMPROPER LANE USAGE","UNABLE TO DETERMINE","1217","S","RUBLE ST","1232",,,,"Y","CONSTRUCTION",,"2","NO INDICATION OF INJURY","0","0","0","0","0","2","0","20","2","6","41.866712395","-87.643937653","POINT (-87.643937652752 41.866712394571)"
"602e5bababc3e563d53f712ef0cd37839e77d388f07b98446d66153901b3f05237fccd2ead392e66a4ee25eb1898e47d8950007133b23a753edd6ba8179881fc",,"2024-06-03T20:35:00.000","30","UNKNOWN","UNKNOWN","CLEAR","DUSK","TURNING","FOUR WAY",,"STRAIGHT AND LEVEL","DRY","UNKNOWN","NOT ON SCENE (DESK REPORT)","NO INJURY / DRIVE AWAY",,,,"OVER $1,500","2024-06-03T21:00:00.000","UNABLE TO DETERMINE","UNABLE TO DETERMINE","8300","S","DR MARTIN LUTHER KING JR DR","632",,,,,,,"2","NO INDICATION OF INJURY","0","0","0","0","0","2","0","20","2","6","41.743710966","-87.614881119","POINT (-87.614881119323 41.743710966316)"
"7fe2838d4eaa67ae806fcf4df05819ec9aba8eb998408ed2c5a685749ba6c53ec5f7d8e7a5a2a22a06bf06739deccda50f4504970512273d138d890319602e90",,"2024-06-03T20:12:00.000","30","UNKNOWN","UNKNOWN","CLEAR","UNKNOWN","REAR TO FRONT","UNKNOWN",,"STRAIGHT AND LEVEL","DRY","UNKNOWN","NOT ON SCENE (DESK REPORT)","NO INJURY / DRIVE AWAY",,,,"OVER $1,500","2024-06-03T21:06:00.000","IMPROPER BACKING","IMPROPER OVERTAKING/PASSING","2500","N","MANGO AVE","2515",,"Y",,,,,"2","NO INDICATION OF INJURY","0","0","0","0","0","2","0","20","2","6","41.92583479","-87.769851438","POINT (-87.769851437501 41.925834789599)"
"3f45f6daecdf72e27c0eb5ab20dd0b67b2c83f1d53a445a96db479d4f680e1b58b6317be544d03e9f2e0392d3746c188af561206041508e760b806adad1a416a",,"2024-06-03T20:10:00.000","15","NO CONTROLS","NO CONTROLS","CLEAR","DUSK","FIXED OBJECT","ONE-WAY",,"STRAIGHT AND LEVEL","DRY","NO DEFECTS","ON SCENE","NO INJURY / DRIVE AWAY",,,,"OVER $1,500","2024-06-03T20:15:00.000","DRIVING ON WRONG SIDE/WRONG WAY","DRIVING ON WRONG SIDE/WRONG WAY","429","E","25TH ST","133",,,,,,,"1","NO INDICATION OF INJURY","0","0","0","0","0","1","0","20","2","6","41.847728946","-87.616720938","POINT (-87.616720938348 41.847728946016)"
"3a12fd759bea9f0a0989f343f5ef04283c4d28f6711496da9592bf94c0464a63f3bd044768d47bb1454dbf5d4fcf6c9e5181ddb7a9881ac756cf27d4fd1bce69",,"2024-06-03T20:00:00.000","30","TRAFFIC SIGNAL","FUNCTIONING PROPERLY","CLEAR","DUSK","REAR END","FOUR WAY",,"STRAIGHT AND LEVEL","DRY","NO DEFECTS","ON SCENE","NO INJURY / DRIVE AWAY","Y",,,"OVER $1,500","2024-06-03T20:22:00.000","UNABLE TO DETERMINE","UNABLE TO DETERMINE","2300","N","WESTERN AVE","1431",,,,,,,"2","NO INDICATION OF INJURY","0","0","0","0","0","2","0","20","2","6","41.923335004","-87.687742799","POINT (-87.687742798645 41.923335003624)"
"3b021a2b1fed7734136d8ad7c02a87f0182e569781e08a144ec7ceed4fb9a99e495702e553f3181ffc1ca0a2559bc7fa6ba964c30a53af8602c2e112cf356831",,"2024-06-03T20:00:00.000","35","NO CONTROLS","NO CONTROLS","CLEAR","DUSK","REAR END","NOT DIVIDED",,"STRAIGHT AND LEVEL","DRY","UNKNOWN","NOT ON SCENE (DESK REPORT)","NO INJURY / DRIVE AWAY",,,"Y","OVER $1,500","2024-06-03T20:20:00.000","FOLLOWING TOO CLOSELY","IMPROPER OVERTAKING/PASSING","1730","W","60TH ST","714",,,,,,,"2","NO INDICATION OF INJURY","0","0","0","0","0","2","0","20","2","6","41.784993492","-87.668050277","POINT (-87.668050277391 41.784993491884)"
"40ad719693c03a6a7c539970fc0cec08dc4a56ce817b954525911958779bc6e1276c5c7938f25f2eff0b5f3b822d76c07fe26a13211f07df1633fd8ba5e30c98",,"2024-06-03T20:00:00.000","30","UNKNOWN","UNKNOWN","CLEAR","DAYLIGHT","PARKED MOTOR VEHICLE","PARKING LOT",,"STRAIGHT AND LEVEL","DRY","UNKNOWN","NOT ON SCENE (DESK REPORT)","NO INJURY / DRIVE AWAY",,,,"OVER $1,500","2024-06-03T22:52:00.000","IMPROPER BACKING","IMPROPER BACKING","1026","E","67TH ST","321",,,,,,,"2","NO INDICATION OF INJURY","0","0","0","0","0","1","0","20","2","6","41.77330897","-87.599751114","POINT (-87.599751113558 41.773308970217)"
"8a8588b8278bf994167295b660c287609c8f8130a0d4052c7d0bc6b877fc221458801c95b19c0bf65546b5dce9530b142fe07ff71692dd8c9832732aae76e8bd",,"2024-06-03T19:59:00.000","35","TRAFFIC SIGNAL","FUNCTIONING PROPERLY","CLEAR","DUSK","PEDALCYCLIST","NOT DIVIDED",,"STRAIGHT AND LEVEL","DRY","NO DEFECTS","ON SCENE","INJURY AND / OR TOW DUE TO CRASH","Y",,,"OVER $1,500","2024-06-03T22:16:00.000","DISREGARDING TRAFFIC SIGNALS","NOT APPLICABLE","98","W","KINZIE ST","1831",,,,,,,"2","NONINCAPACITATING INJURY","1","0","0","1","0","1","0","19","2","6","41.88932167","-87.630986023","POINT (-87.630986022954 41.889321670463)"
"29529e1a858ceb124e2aa2308076487c4df29addf9c384febc22ac5dd138e2753242e278e1f41291aab75bf8fcb447d8b42ee4972e8787295cec387123debe10","N","2024-06-03T19:45:00.000","30","NO CONTROLS","NO CONTROLS","CLEAR","DARKNESS","PEDALCYCLIST","ONE-WAY",,"STRAIGHT AND LEVEL","DRY","NO DEFECTS","NOT ON SCENE (DESK REPORT)","INJURY AND / OR TOW DUE TO CRASH",,,,"OVER $1,500","2024-06-03T21:05:00.000","NOT APPLICABLE","NOT APPLICABLE","400","N","CLARK ST","1831",,,,,,,"2","NONINCAPACITATING INJURY","1","0","0","1","0","1","0","19","2","6","41.889249802","-87.63120782","POINT (-87.631207820201 41.889249801889)"
"fcec1636829bad4a010ada0812e8249a46c88da81aab8cc5dce6a8a2782683ea6078d90ec96ad9a982408cf93ab73e10a7008496e939f9b6af94817fe221bc23",,"2024-06-03T19:44:00.000","45","NO CONTROLS","NO CONTROLS","CLEAR","DAYLIGHT","REAR END","DIVIDED - W/MEDIAN BARRIER",,"STRAIGHT AND LEVEL","DRY","NO DEFECTS","ON SCENE","INJURY AND / OR TOW DUE TO CRASH",,,,"OVER $1,500","2024-06-03T19:44:00.000","UNABLE TO DETERMINE","NOT APPLICABLE","2066","N","LAKE SHORE DR NB","1814",,,,,,,"3","NO INDICATION OF INJURY","0","0","0","0","0","4","0","19","2","6","41.920158202","-87.629728979","POINT (-87.629728979357 41.920158201874)"
"fa2d2f5f3b5692b95aa3de2ee78f727c4ddbf482dc0d0eb2241bc7a32228523a81b2c9ce5f80515b0335f5631e5bddca0f8a24d1dfcb06d84874beccff115a7e",,"2024-06-03T19:38:00.000","30","TRAFFIC SIGNAL","FUNCTIONING PROPERLY","CLEAR","DUSK","TURNING","T-INTERSECTION",,"STRAIGHT AND LEVEL","DRY","NO DEFECTS","ON SCENE","INJURY AND / OR TOW DUE TO CRASH","Y",,,"OVER $1,500","2024-06-03T19:40:00.000","DISREGARDING TRAFFIC SIGNALS","DISREGARDING TRAFFIC SIGNALS","99","E","MADISON ST","112",,,,,,,"3","NO INDICATION OF INJURY","0","0","0","0","0","4","0","19","2","6","41.881999893","-87.624411635","POINT (-87.624411634823 41.881999893424)"
"3567bc7f092ceffccb58c86f97a5a90558615d1fafb2f25fe3168382e95d2f122a241c4c9abd1b4525e86a3c9263999cab20e0a9953fc57bd9ab1e41be475636",,"2024-06-03T19:30:00.000","30","STOP SIGN/FLASHER","FUNCTIONING PROPERLY","CLEAR","DAYLIGHT","REAR TO REAR","T-INTERSECTION",,"STRAIGHT AND LEVEL","DRY","NO DEFECTS","NOT ON SCENE (DESK REPORT)","NO INJURY / DRIVE AWAY",,,"Y","OVER $1,500","2024-06-03T21:15:00.000","FAILING TO YIELD RIGHT-OF-WAY","IMPROPER BACKING","5051","W","POTOMAC AVE","2533",,,,,,,"2","NO INDICATION OF INJURY","0","0","0","0","0","2","0","19","2","6","41.903984045","-87.752936825","POINT (-87.752936825238 41.903984045371)"
"4b95b826960e65c5f184cffd2ab910c2e8b0205f2ca0f0bf2b710fa12636560c1dbcaf1e60dd414872bf8d11b6d746ba39479a8d575fa3700bc9a92ec9ccf5f5",,"2024-06-03T19:30:00.000","30","NO CONTROLS","NO CONTROLS","CLEAR","DAYLIGHT","TURNING","NOT DIVIDED",,"STRAIGHT AND LEVEL","DRY","NO DEFECTS","NOT ON SCENE (DESK REPORT)","NO INJURY / DRIVE AWAY",,,,"OVER $1,500","2024-06-03T20:22:00.000","FAILING TO YIELD RIGHT-OF-WAY","UNABLE TO DETERMINE","824","S","DAMEN AVE","1225",,,,,,,"2","NO INDICATION OF INJURY","0","0","0","0","0","2","0","19","2","6","41.870785114","-87.676509512","POINT (-87.676509512043 41.870785114199)"
"8ba409b75f2fb846af792512f9a723c9df18e2b1b95e2b5e3b4ab8def68ac1505455fa16ef1714d936b8b109f9a22b0b449f9ab660b81bace7511a93e2502e5e",,"2024-06-03T19:25:00.000","10","NO CONTROLS","NO CONTROLS","CLEAR","DUSK","PARKED MOTOR VEHICLE","PARKING LOT",,"STRAIGHT AND LEVEL","DRY","NO DEFECTS","NOT ON SCENE (DESK REPORT)","NO INJURY / DRIVE AWAY",,"Y",,"OVER $1,500","2024-06-04T15:45:00.000","UNABLE TO DETERMINE","NOT APPLICABLE","11730","S","MARSHFIELD AVE","2234",,,,,,,"2","NO INDICATION OF INJURY","0","0","0","0","0","1","0","19","2","6","41.680332205","-87.662584679","POINT (-87.662584678739 41.680332205335)"
"296888ce0089ebd584bc9b463e94ffd2fd86104cd612221e7c796d761cd75882c0a39d6495283120065ec57704a887a0d1708bef55217ad23e7547c2a219b488",,"2024-06-03T19:20:00.000","30","TRAFFIC SIGNAL","FUNCTIONING PROPERLY","CLEAR","DARKNESS, LIGHTED ROAD","REAR END","UNKNOWN INTERSECTION TYPE",,"STRAIGHT AND LEVEL","DRY","NO DEFECTS","NOT ON SCENE (DESK REPORT)","INJURY AND / OR TOW DUE TO CRASH",,,"Y","OVER $1,500","2024-06-03T21:00:00.000","UNABLE TO DETERMINE","UNABLE TO DETERMINE","1101","W","87TH ST","2222",,,,,,,"3","NO INDICATION OF INJURY","0","0","0","0","0","5","0","19","2","6","41.735858455","-87.650974137","POINT (-87.650974137386 41.735858455014)"
"937f8be588794ffd09f33a592826a383cc86df1f382e9e2712039b6a9ecce40cc71019478e77acd54ee96d3638606ba4fe13a99294cdff94c1a2fa717f7fa894",,"2024-06-03T19:18:00.000","30","STOP SIGN/FLASHER","FUNCTIONING PROPERLY","CLEAR","DARKNESS, LIGHTED ROAD","REAR END","T-INTERSECTION",,"STRAIGHT AND LEVEL","DRY","NO DEFECTS","ON SCENE","INJURY AND / OR TOW DUE TO CRASH","Y",,"Y","OVER $1,500","2024-06-03T20:41:00.000","DISREGARDING STOP SIGN","NOT APPLICABLE","625","S","KILPATRICK AVE","1131",,,,,,,"2","NONINCAPACITATING INJURY","2","0","0","2","0","2","0","19","2","6","41.872356423","-87.742387817","POINT (-87.742387816683 41.872356422898)"
"17d39fdff0ceae914702bd37d13137a2f34f45d79e379890ea09a6e3bcabe6c94b96d3d201a4e8fb4663ab6a3c686aecbf4de1fcbbb44d4cb333b25166400690",,"2024-06-03T19:09:00.000","35","TRAFFIC SIGNAL","FUNCTIONING PROPERLY","CLEAR","DAYLIGHT","REAR END","NOT DIVIDED",,"STRAIGHT AND LEVEL","DRY","NO DEFECTS","NOT ON SCENE (DESK REPORT)","NO INJURY / DRIVE AWAY","Y",,"Y","OVER $1,500","2024-06-03T20:00:00.000","FOLLOWING TOO CLOSELY","NOT APPLICABLE","4003","W","63RD ST","813",,,,,,,"2","NO INDICATION OF INJURY","0","0","0","0","0","4","0","19","2","6","41.778546962","-87.722911049","POINT (-87.72291104876 41.778546961808)"
"d8f37a35dfdf79af5944f1e95204c63067631f0ea0bfd8530f177c34917b9bb483b45c30f68504ba8eaedfb57147c5cd2462cb41b0ebec1e25e8753cc46ba3cb",,"2024-06-03T19:05:00.000","30","NO CONTROLS","NO CONTROLS","CLEAR","DAYLIGHT","TURNING","NOT DIVIDED",,"STRAIGHT AND LEVEL","DRY","NO DEFECTS","ON SCENE","INJURY AND / OR TOW DUE TO CRASH","Y","Y",,"OVER $1,500","2024-06-03T19:12:00.000","FAILING TO YIELD RIGHT-OF-WAY","NOT APPLICABLE","8800","S","HALSTED ST","2223",,,,,,,"3","NONINCAPACITATING INJURY","2","0","0","1","1","3","0","19","2","6","41.734222631","-87.64371259","POINT (-87.643712589891 41.734222630546)"
"4c04c5fcd76efca0c5db6320e653bc108b50c1e6b993d8f051d3b16901ed04449f0dc3f77c60ab665accb9cb04657006c60c8f19891631a739f7cf6c4dbc98f2",,"2024-06-03T18:46:00.000","30","NO CONTROLS","NO CONTROLS","CLEAR","DAYLIGHT","TURNING","NOT DIVIDED",,"STRAIGHT AND LEVEL","DRY","UNKNOWN","ON SCENE","NO INJURY / DRIVE AWAY",,,,"OVER $1,500","2024-06-03T18:46:00.000","IMPROPER TURNING/NO SIGNAL","NOT APPLICABLE","3828","W","BELMONT AVE","1732",,,,,,,"2","NO INDICATION OF INJURY","0","0","0","0","0","6","0","18","2","6","41.939249544","-87.723461418","POINT (-87.723461417927 41.939249544301)"
"4a0e2d94c450ee73643b1b69cc5634324f5a437df7336a41ae76415f426ecc72b326a62bf98b63bf46b91834938b8009a4104b97bd7e84f7b4329ad406434e6b",,"2024-06-03T18:40:00.000","30","NO CONTROLS","NO CONTROLS","CLEAR","DAYLIGHT","PARKED MOTOR VEHICLE","NOT DIVIDED",,"STRAIGHT AND LEVEL","DRY","NO DEFECTS","ON SCENE","INJURY AND / OR TOW DUE TO CRASH",,,,"OVER $1,500","2024-06-03T18:50:00.000","UNDER THE INFLUENCE OF ALCOHOL/DRUGS (USE WHEN ARREST IS EFFECTED)","DISTRACTION - FROM INSIDE VEHICLE","1036","W","WELLINGTON AVE","1933",,,,,,,"5","NONINCAPACITATING INJURY","1","0","0","1","0","0","0","18","2","6","41.9363584","-87.655431505","POINT (-87.655431504508 41.936358399582)"
"c1864a80a6d3ff65c558bb7efad847166a725387fd838e45db6d7c28974ae0b0f4eb749dc397460092533688c02dd0b551b52f409397e0424b10344afda4770a",,"2024-06-03T18:34:00.000","35","TRAFFIC SIGNAL","FUNCTIONING PROPERLY","CLEAR","DAYLIGHT","REAR END","DIVIDED - W/MEDIAN (NOT RAISED)",,"STRAIGHT AND LEVEL","DRY","NO DEFECTS","ON SCENE","NO INJURY / DRIVE AWAY",,,,"$501 - $1,500","2024-06-03T19:05:00.000","FAILING TO REDUCE SPEED TO AVOID CRASH","FAILING TO REDUCE SPEED TO AVOID CRASH","3500","S","STATE ST","213",,,,,,,"2","NO INDICATION OF INJURY","0","0","0","0","0","2","0","18","2","6","41.830962369","-87.626791846","POINT (-87.626791846138 41.830962369184)"
"9fc59db06460d625108ec70950e4a83f2911464061e864501619a9303da634ceb9acafeb9c5954e102d3607323855394ac98738a989a4b4272df09b3a166e192",,"2024-06-03T18:30:00.000","30","OTHER","FUNCTIONING PROPERLY","CLEAR","DAYLIGHT","REAR END","DIVIDED - W/MEDIAN (NOT RAISED)",,"STRAIGHT AND LEVEL","DRY","NO DEFECTS","NOT ON SCENE (DESK REPORT)","NO INJURY / DRIVE AWAY",,,,"OVER $1,500","2024-06-03T19:25:00.000","UNABLE TO DETERMINE","NOT APPLICABLE","3101","E","106TH ST","434",,,,,,,"3","NO INDICATION OF INJURY","0","0","0","0","0","3","0","18","2","6","41.7026551","-87.548690755","POINT (-87.54869075532 41.702655099957)"