"crash_record_id","crash_date_est_i","crash_date","posted_speed_limit","traffic_control_device","device_condition","weather_condition","lighting_condition","first_crash_type","trafficway_type","lane_cnt","alignment","roadway_surface_cond","road_defect","report_type","crash_type","intersection_related_i","private_property_i","hit_and_run_i","damage","date_police_notified","prim_contributory_cause","sec_contributory_cause","street_no","street_direction","street_name","beat_of_occurrence","photos_taken_i","statements_taken_i","dooring_i","work_zone_i","work_zone_type","workers_present_i","num_units","most_severe_injury","injuries_total","injuries_fatal","injuries_incapacitating","injuries_non_incapacitating","injuries_reported_not_evident","injuries_no_indication","injuries_unknown","crash_hour","crash_day_of_week","crash_month","latitude","longitude","location"
"5f49a2c8cc35634cc0324b3aaae8a82afd35dfda6f2f765ae3d2bcfb2e63f61f0115a9110912886fc9c51397e55d23e09e54519c891b530d5c620dea58632b71",,"2024-06-03T18:24:00.000","30","NO CONTROLS","NO CONTROLS","CLEAR","DAYLIGHT","SIDESWIPE SAME DIRECTION","ONE-WAY",,"STRAIGHT AND LEVEL","DRY","NO DEFECTS","ON SCENE","NO INJURY / DRIVE AWAY",,,,"$500 OR LESS","2024-06-03T18:52:00.000","FOLLOWING TOO CLOSELY","FOLLOWING TOO CLOSELY","340","N","MICHIGAN AVE","111",,,,,,,"2","NO INDICATION OF INJURY","0","0","0","0","0","2","0","18","2","6","41.887705769","-87.624703858","POINT (-87.624703858025 41.88770576912)"
"4bb15ff8177852fb586439e9dc441b7d610b0a0ecdc719f09e22b91efa57ccc5075b1eee3c612673303919e8fc559ef9729d5b7cec708bcbb1457f5820e50696",,"2024-06-03T18:15:00.000","30","TRAFFIC SIGNAL","FUNCTIONING PROPERLY","CLEAR","DAYLIGHT","PEDALCYCLIST","ONE-WAY",,"STRAIGHT AND LEVEL","DRY","NO DEFECTS","NOT ON SCENE (DESK REPORT)","INJURY AND / OR TOW DUE TO CRASH",,,"Y","$500 OR LESS","2024-06-03T19:30:00.000","FAILING TO YIELD RIGHT-OF-WAY","NOT APPLICABLE","3798","W","FULLERTON AVE","2524",,,,,,,"2","REPORTED, NOT EVIDENT","1","0","0","0","1","1","0","18","2","6","41.924652941","-87.721823299","POINT (-87.721823299175 41.924652941021)"
"ee27ee6f83aa71952138fc1af3d980fb6310cb9981327a4009df128c2852514ee94bebbe56af34689e3fef345e734b282fcc5f0405bf04d64b7f591f8ab2f236",,"2024-06-03T18:09:00.000","25","NO CONTROLS","NO CONTROLS","CLEAR","DAYLIGHT","PARKED MOTOR VEHICLE","UNKNOWN",,"STRAIGHT AND LEVEL","DRY","NO DEFECTS","ON SCENE","INJURY AND / OR TOW DUE TO CRASH",,,"Y","OVER $1,500","2024-06-03T18:10:00.000","UNABLE TO DETERMINE","UNABLE TO DETERMINE","7322","S","MOZART ST","835",,,,,,,"2","NO INDICATION OF INJURY","0","0","0","0","0","1","0","18","2","6","41.76017282","-87.694274973","POINT (-87.694274972871 41.760172820124)"
"e44d1203e8114fdc69fc72a79d27f82780c28e8a70bbf671ffe9900b5e7f3314e527a99ccde9ab5ea7f71c6afaec7d3d58a1855bff9091f9d23996d3de0204d2",,"2024-06-03T18:06:00.000","30","NO CONTROLS","NO CONTROLS","CLEAR","DAYLIGHT","REAR END","NOT DIVIDED",,"STRAIGHT AND LEVEL","UNKNOWN","UNKNOWN","ON SCENE","INJURY AND / OR TOW DUE TO CRASH",,,,"OVER $1,500","2024-06-03T18:06:00.000","FAILING TO REDUCE SPEED TO AVOID CRASH","NOT APPLICABLE","345","N","AUSTIN BLVD","1512",,,,,,,"2","NONINCAPACITATING INJURY","1","0","0","1","0","7","0","18","2","6","41.886861363","-87.7747268","POINT (-87.774726800174 41.886861362954)"
"af53e17c5c24dac32bdffdc570749578f64a2317f4ddc519474a897ead7a48455f0e17a87341035ee38a1fe4a95324f8fa10621f1562a0267e99cd2d014da7ba",,"2024-06-03T18:05:00.000","30","NO CONTROLS","NO CONTROLS","CLEAR","DAYLIGHT","PARKED MOTOR VEHICLE","NOT DIVIDED",,"STRAIGHT AND LEVEL","DRY","NO DEFECTS","NOT ON SCENE (DESK REPORT)","NO INJURY / DRIVE AWAY",,,"Y","OVER $1,500","2024-06-05T17:20:00.000","UNABLE TO DETERMINE","UNABLE TO DETERMINE","2040","W","NORTH AVE","1434",,,,,,,"2","NO INDICATION OF INJURY","0","0","0","0","0","1","0","18","2","6","41.910566723","-87.678991296","POINT (-87.678991296339 41.910566723428)"
"8a9b2f7a4496e2e0708981ed75c1fbdf6deb0b384d97891720c7c8fcf3b6ec481b98d95cc4d7b17f63597c5188c5a863a33afe093052bd527cd6d05bb1e0d3a0",,"2024-06-03T18:02:00.000","30","NO CONTROLS","NO CONTROLS","CLEAR","DAYLIGHT","TURNING","NOT DIVIDED",,"STRAIGHT AND LEVEL","DRY","NO DEFECTS","ON SCENE","INJURY AND / OR TOW DUE TO CRASH",,,,"$501 - $1,500","2024-06-03T18:02:00.000","FAILING TO YIELD RIGHT-OF-WAY","NOT APPLICABLE","1550","S","CANAL ST","124",,,,,,,"2","NO INDICATION OF INJURY","0","0","0","0","0","2","0","18","2","6","41.860446175","-87.639174498","POINT (-87.639174497783 41.860446175058)"
"1c8645bcf29d669b7904cf3b7e8cc0c9877fafbe7a498598c49370d0a17e27d6a8209fc68a0d9d69c207b668e1aab3a140141ed7f6ca07f82c5b55db12ee8ad7",,"2024-06-03T18:01:00.000","30","TRAFFIC SIGNAL","UNKNOWN","UNKNOWN","DAYLIGHT","SIDESWIPE SAME DIRECTION","DIVIDED - W/MEDIAN (NOT RAISED)",,"STRAIGHT AND LEVEL","UNKNOWN","UNKNOWN","NOT ON SCENE (DESK REPORT)","NO INJURY / DRIVE AWAY",,,"Y","$500 OR LESS","2024-06-03T18:35:00.000","UNABLE TO DETERMINE","NOT APPLICABLE","6759","N","CLARK ST","2432",,,,,,,"2","NO INDICATION OF INJURY","0","0","0","0","0","2","0","18","2","6","42.005251091","-87.672920388","POINT (-87.672920387647 42.005251090601)"
"86c4496a727ab92c92c20aaccaf99c3e3a51cf05506a7387237e75d31dfba74f1f652c472963f71615cea2b5986b10f9e7be039ca58bf4d40b28a7e47dd9e430",,"2024-06-03T18:00:00.000","15","NO CONTROLS","NO CONTROLS","CLEAR","DAYLIGHT","SIDESWIPE SAME DIRECTION","ONE-WAY",,"STRAIGHT AND LEVEL","UNKNOWN","UNKNOWN","NOT ON SCENE (DESK REPORT)","NO INJURY / DRIVE AWAY",,,,"OVER $1,500","2024-06-03T18:30:00.000","IMPROPER OVERTAKING/PASSING","UNABLE TO DETERMINE","2616","N","NORMANDY AVE","2512",,,,,,,"2","NO INDICATION OF INJURY","0","0","0","0","0","2","0","18","2","6","41.927802992","-87.793079854","POINT (-87.79307985447 41.927802991865)"
"b1bbb87fe2202e0d533bb22bacc9d18041226a021eb1eacb02331591de9b83983537b1e7d4283c499aa7e7178103fd68db077aca274708a99849b00d08b702bb",,"2024-06-03T18:00:00.000","25","NO CONTROLS","NO CONTROLS","CLEAR","DAYLIGHT","REAR END","NOT DIVIDED",,"STRAIGHT AND LEVEL","DRY","NO DEFECTS","NOT ON SCENE (DESK REPORT)","NO INJURY / DRIVE AWAY",,,"Y","$501 - $1,500","2024-06-03T19:50:00.000","UNABLE TO DETERMINE","UNABLE TO DETERMINE","5126","S","CALIFORNIA AVE","923",,,,,,,"2","NO INDICATION OF INJURY","0","0","0","0","0","2","0","18","2","6","41.800159336","-87.694124464","POINT (-87.694124463628 41.800159336496)"
"148c2cdda166e9078f192a1949bd44be9fe8c56ba6fe0fca81c3e1419880c5ad6f105486db80915002cd5fb4bd343b6b170a0a91ac11bc11bd26a3463dc8771f",,"2024-06-03T17:57:00.000","35","NO CONTROLS","NO CONTROLS","CLEAR","DAYLIGHT","SIDESWIPE SAME DIRECTION","DIVIDED - W/MEDIAN (NOT RAISED)",,"STRAIGHT AND LEVEL","DRY","NO DEFECTS","ON SCENE","INJURY AND / OR TOW DUE TO CRASH",,,,"OVER $1,500","2024-06-03T18:31:00.000","UNABLE TO DETERMINE","UNABLE TO DETERMINE","6751","S","JEFFERY BLVD","331",,,,,,,"3","REPORTED, NOT EVIDENT","2","0","0","0","2","0","0","17","2","6","41.771948357","-87.576307623","POINT (-87.576307623244 41.771948357089)"
"0dcdab89a175d94f11130b783256526cf5b43a5176a111ea10fc948190805cdc067f07df148f0c1839eef318a7cf1ea99a847730a07abd7db3d3d9838f30fdce",,"2024-06-03T17:55:00.000","10","NO CONTROLS","NO CONTROLS","CLEAR","DAYLIGHT","PARKED MOTOR VEHICLE","OTHER",,"STRAIGHT AND LEVEL","DRY","UNKNOWN","ON SCENE","NO INJURY / DRIVE AWAY",,,"Y","OVER $1,500","2024-06-03T18:07:00.000","DRIVING SKILLS/KNOWLEDGE/EXPERIENCE","NOT APPLICABLE","2601","S","LA SALLE ST","914",,,,,,,"2","NO INDICATION OF INJURY","0","0","0","0","0","2","0","17","2","6","41.84548275","-87.630511424","POINT (-87.630511424095 41.845482750342)"
"39d30f764545025d4112828f29a71cd7f973e3b4f83161e7b14baba634fd3ebaa55ae967ee3a75e26497163baa4e0ba4d657782c0858eabe755df78179abbb10",,"2024-06-03T17:55:00.000","30","TRAFFIC SIGNAL","FUNCTIONING PROPERLY","CLEAR","DAYLIGHT","SIDESWIPE SAME DIRECTION","NOT DIVIDED",,"STRAIGHT AND LEVEL","DRY","NO DEFECTS","NOT ON SCENE (DESK REPORT)","NO INJURY / DRIVE AWAY",,,"Y","$501 - $1,500","2024-06-04T15:00:00.000","FOLLOWING TOO CLOSELY","NOT APPLICABLE","3","N","CICERO AVE","1113",,,,,,,"2","NO INDICATION OF INJURY","0","0","0","0","0","4","0","17","2","6","41.880632932","-87.745135652","POINT (-87.745135651888 41.880632931829)"
"5758595fbb2237bc5be832b0bef692e4118f448854ac14875bff4e07e6b37f98febf40730a44f7f265e6e929cd43af7d496c3241486e1f6f31f9d7cd2033e8be",,"2024-06-03T17:55:00.000","30","UNKNOWN","UNKNOWN","UNKNOWN","UNKNOWN","SIDESWIPE SAME DIRECTION","UNKNOWN",,"STRAIGHT AND LEVEL","UNKNOWN","UNKNOWN","NOT ON SCENE (DESK REPORT)","NO INJURY / DRIVE AWAY",,,,"$500 OR LESS","2024-06-03T18:41:00.000","UNABLE TO DETERMINE","UNABLE TO DETERMINE","1000","W","GLENLAKE AVE","2433",,,,,,,"2","NO INDICATION OF INJURY","0","0","0","0","0","2","0","17","2","6","41.992467671","-87.655531428","POINT (-87.655531427841 41.992467670509)"
"a1aeb96148c335d9ce7a72619780d1b7cda1ca441bc4535333f6f17341fc3998f0e65803198e3a50841b7e67321b0bba1066a602151fa84d255dd59db5028b13",,"2024-06-03T17:54:00.000","30","NO CONTROLS","NO CONTROLS","CLEAR","DAYLIGHT","PARKED MOTOR VEHICLE","ONE-WAY",,"STRAIGHT AND LEVEL","DRY","NO DEFECTS","ON SCENE","NO INJURY / DRIVE AWAY",,,,"OVER $1,500","2024-06-03T17:56:00.000","IMPROPER BACKING","IMPROPER BACKING","1714","N","MERRIMAC AVE","2513",,,,,,,"2","NO INDICATION OF INJURY","0","0","0","0","0","1","0","17","2","6","41.911497456","-87.781780129","POINT (-87.781780129136 41.911497455651)"
"738cd82cbdf6b0c095d97b0ee30ffcc808ee68aa751ae034830cf1b444f0032970b34e0513f72ddb860a22b7fa12349dcc684f72d16f1be3e557190c532b1537","Y","2024-06-03T17:53:00.000","35","TRAFFIC SIGNAL","FUNCTIONING PROPERLY","CLEAR","DAYLIGHT","REAR END","NOT DIVIDED",,"STRAIGHT AND LEVEL","DRY","NO DEFECTS","NOT ON SCENE (DESK REPORT)","NO INJURY / DRIVE AWAY","Y",,,"OVER $1,500","2024-06-03T19:03:00.000","FOLLOWING TOO CLOSELY","NOT APPLICABLE","550","W","TAYLOR ST","124",,,,,,,"2","NO INDICATION OF INJURY","0","0","0","0","0","2","0","17","2","6","41.869840472","-87.641318715","POINT (-87.641318714596 41.869840472068)"
"54555e7409c75c16323b88ea8f771bbb9402963fca4ba7dee88f9048688e206f027d018b3557043aa921a434a0b15ca0f6a1bd8cff5e426f761f0a5d73de7c0a",,"2024-06-03T17:50:00.000","35","NO CONTROLS","NO CONTROLS","CLEAR","DAYLIGHT","SIDESWIPE SAME DIRECTION","ONE-WAY",,"STRAIGHT AND LEVEL","DRY","NO DEFECTS","ON SCENE","INJURY AND / OR TOW DUE TO CRASH",,,,"OVER $1,500","2024-06-03T17:54:00.000","IMPROPER OVERTAKING/PASSING","UNABLE TO DETERMINE","810","W","99TH ST","2232",,,,,,,"2","NO INDICATION OF INJURY","0","0","0","0","0","3","0","17","2","6","41.71431828","-87.643493333","POINT (-87.643493332556 41.714318279548)"
"f80c73921084809eaf49dcfdd523a16fa12806cf44fccdbde373118b1b815a6e9005b3b92d43202dc7a5581876650899a32cfce824f8e4fbd24c58818d0d77f2",,"2024-06-03T17:45:00.000","15","NO CONTROLS","NO CONTROLS","CLEAR","DAYLIGHT","ANGLE","OTHER",,"STRAIGHT AND LEVEL","DRY","NO DEFECTS","ON SCENE","NO INJURY / DRIVE AWAY",,,,"$501 - $1,500","2024-06-03T17:58:00.000","FAILING TO YIELD RIGHT-OF-WAY","DRIVING SKILLS/KNOWLEDGE/EXPERIENCE","5","W","TERMINAL ST","1655",,,,,,,"2","NO INDICATION OF INJURY","0","0","0","0","0","2","0","17","2","6",,,
"d46e092dc995f8f8f43d5a6389ebb6f3720c95b73a6cd583990b2cc8354e37d63d84a942c70bf8b4070ed0b11bf6b459b2f723d3c7bedd15fe506d4e1460d08d",,"2024-06-03T17:40:00.000","45","NO CONTROLS","NO CONTROLS","CLEAR","DAYLIGHT","REAR END","DIVIDED - W/MEDIAN BARRIER",,"STRAIGHT AND LEVEL","DRY","NO DEFECTS","ON SCENE","INJURY AND / OR TOW DUE TO CRASH",,,,"OVER $1,500","2024-06-03T17:50:00.000","DISTRACTION - FROM OUTSIDE VEHICLE","FOLLOWING TOO CLOSELY","2800","N","LAKE SHORE DR SB","1934",,,,,,,"2","NO INDICATION OF INJURY","0","0","0","0","0","2","0","17","2","6","41.932677009","-87.632247708","POINT (-87.632247708301 41.932677008738)"
"3978941713ab245139ab18bc85844ffd877a8e4bcb732e6c9992014b97fadcf83dc56bdce611eaa6fadce920290e8f40c3fd9c257e783f50cb445bc2503e4334",,"2024-06-03T17:37:00.000","30","STOP SIGN/FLASHER","FUNCTIONING PROPERLY","CLEAR","DAYLIGHT","PEDESTRIAN","NOT DIVIDED",,"STRAIGHT AND LEVEL","DRY","UNKNOWN","ON SCENE","NO INJURY / DRIVE AWAY","Y",,,"$500 OR LESS","2024-06-03T17:38:00.000","UNABLE TO DETERMINE","NOT APPLICABLE","1700","W","CORTLAND ST","1433",,,,,,,"3","NO INDICATION OF INJURY","0","0","0","0","0","3","0","17","2","6","41.916182271","-87.670341384","POINT (-87.670341384273 41.916182271333)"
"74ce09ae2e8831fae53900f617d59c7dc1950718cb33dc6b537ca0bc68e83bff961da74c872a87147e15cb8b1a0cd116053dc39785aa1e9c01be51fe60e0bca0",,"2024-06-03T17:30:00.000","30","STOP SIGN/FLASHER","NO CONTROLS","CLEAR","DAYLIGHT","REAR END","NOT DIVIDED",,"STRAIGHT AND LEVEL","DRY","NO DEFECTS","NOT ON SCENE (DESK REPORT)","NO INJURY / DRIVE AWAY","Y",,,"OVER $1,500","2024-06-03T21:40:00.000","IMPROPER BACKING","DRIVING SKILLS/KNOWLEDGE/EXPERIENCE","1228","W","WILSON AVE","1913",,,,,,,"2","NO INDICATION OF INJURY","0","0","0","0","0","2","0","17","2","6","41.965458892","-87.660797815","POINT (-87.660797815151 41.965458892482)"
"f89aee8dd30f31c66f6f4c14b60d34da8d6f33a7eb410eb9fce6be0c37daa14d351ff801a1e0fe0cbf2c516612414febd79c4a5ff28500737ee1da3fcab05bc4",,"2024-06-03T17:30:00.000","30","NO CONTROLS","NO CONTROLS","CLEAR","DAYLIGHT","TURNING","NOT DIVIDED",,"STRAIGHT AND LEVEL","DRY","NO DEFECTS","ON SCENE","INJURY AND / OR TOW DUE TO CRASH",,,,"OVER $1,500","2024-06-03T17:45:00.000","FAILING TO REDUCE SPEED TO AVOID CRASH","NOT APPLICABLE","3054","E","79TH ST","421",,,,,,,"2","NO INDICATION OF INJURY","0","0","0","0","0","2","0","17","2","6","41.752062444","-87.549804273","POINT (-87.549804272928 41.752062443897)"
"b7c144873a001442e500599211677b252c7c8358b587e0cf4d2bc639f8c6ac448369c67aad0179248d4a63a654d845e6c45e0388b15802e9688bafb7d19d8c4f",,"2024-06-03T17:25:00.000","30","TRAFFIC SIGNAL","FUNCTIONING PROPERLY","CLEAR","DAYLIGHT","TURNING","FOUR WAY",,"STRAIGHT AND LEVEL","DRY","NO DEFECTS","ON SCENE","NO INJURY / DRIVE AWAY","Y",,,"OVER $1,500","2024-06-03T17:28:00.000","IMPROPER TURNING/NO SIGNAL","IMPROPER OVERTAKING/PASSING","4800","W","MADISON ST","1533",,,,,,,"2","NO INDICATION OF INJURY","0","0","0","0","0","2","0","17","2","6","41.880606224","-87.745402286","POINT (-87.745402285926 41.880606224313)"
"4e17cb305e8f0ae1bd69bba7a1f9678c8388da863db46abad239972e014cb66fb57f58a3b8c9e6229dd78cec4531881f821a2ed93a89f68da289d38cfe2725e5",,"2024-06-03T17:24:00.000","30","TRAFFIC SIGNAL","FUNCTIONING PROPERLY","CLEAR","DAYLIGHT","PEDESTRIAN","FOUR WAY",,"STRAIGHT AND LEVEL","DRY","NO DEFECTS","ON SCENE","INJURY AND / OR TOW DUE TO CRASH",,,"Y","OVER $1,500","2024-06-03T18:10:00.000","UNABLE TO DETERMINE","UNABLE TO DETERMINE","601","W","JACKSON BLVD","121",,,,,,,"2","REPORTED, NOT EVIDENT","1","0","0","0","1","1","0","17","2","6","41.877888529","-87.642609175","POINT (-87.642609175333 41.877888528978)"
"5ff0904b46b537702252af70aa054eb6804fc2307cdfb7c1b34c542c4a71259cff1b77b61fec25acf768f36d4219a78af8b1451f49be31534d5e1be225183a9b",,"2024-06-03T17:21:00.000","30","STOP SIGN/FLASHER","FUNCTIONING PROPERLY","CLEAR","DAYLIGHT","ANGLE","FOUR WAY",,"STRAIGHT AND LEVEL","DRY","NO DEFECTS","ON SCENE","INJURY AND / OR TOW DUE TO CRASH","Y",,"Y","OVER $1,500","2024-06-03T17:36:00.000","DISREGARDING STOP SIGN","UNABLE TO DETERMINE","7800","S","RIDGELAND AVE","414",,,,,,,"2","NONINCAPACITATING INJURY","1","0","0","1","0","2","0","17","2","6","41.753255442","-87.582276224","POINT (-87.582276224466 41.753255441871)"
"537644ff3ecae78351284c6534853928017c4db967f41c122ffed18a63cc55e78f175bcc9a2633ebfbd4f91bd4d45725aea83a278d27fbef3f966a8fef12a31c",,"2024-06-03T17:15:00.000","30","NO CONTROLS","NO CONTROLS","CLEAR","DAYLIGHT","REAR END","NOT DIVIDED",,"STRAIGHT AND LEVEL","DRY","NO DEFECTS","NOT ON SCENE (DESK REPORT)","INJURY AND / OR TOW DUE TO CRASH",,,,"OVER $1,500","2024-06-03T17:30:00.000","FOLLOWING TOO CLOSELY","UNABLE TO DETERMINE","11317","S","DOTY AVE E","434",,,,,,,"2","REPORTED, NOT EVIDENT","1","0","0","0","1","2","0","17","2","6","41.688559216","-87.59892999","POINT (-87.598929990156 41.688559215932)"
"7fd227cace22458453b16ac5372b79eff3ef320765ecf0399c9764b04f44cdc7024f7cdcff907cade511579354d39a2ec24b291f49eee44ddda00b3c4aae00fb",,"2024-06-03T17:14:00.000","30","NO CONTROLS","NO CONTROLS","CLEAR","DAYLIGHT","REAR END","NOT DIVIDED",,"STRAIGHT AND LEVEL","DRY","NO DEFECTS","NOT ON SCENE (DESK REPORT)","NO INJURY / DRIVE AWAY",,,"Y","$501 - $1,500","2024-06-03T18:20:00.000","HAD BEEN DRINKING (USE WHEN ARREST IS NOT MADE)","NOT APPLICABLE","4377","W","47TH ST","815",,,,,,,"2","NO INDICATION OF INJURY","0","0","0","0","0","6","0","17","2","6","41.807638169","-87.733318062","POINT (-87.733318062008 41.807638168768)"
"86b92dc95537a1f0b7fa81cc9ec82ea4e9a8b355897ee6947d5d291e4aeb8c5532868aaac7510780ee1acc7f9bbeedf395518c67c51ddc96a0e7da29fb309bbe",,"2024-06-03T17:10:00.000","30","NO CONTROLS","NO CONTROLS","CLEAR","DAYLIGHT","SIDESWIPE SAME DIRECTION","NOT DIVIDED",,"STRAIGHT AND LEVEL","DRY","NO DEFECTS","ON SCENE","NO INJURY / DRIVE AWAY",,,,"OVER $1,500","2024-06-03T17:11:00.000","UNABLE TO DETERMINE","UNABLE TO DETERMINE","232","W","CERMAK RD","914",,,,,,,"2","NO INDICATION OF INJURY","0","0","0","0","0","2","0","17","2","6","41.852942745","-87.633377661","POINT (-87.633377661109 41.852942745098)"
"a55b2b27b5b9fa61022f915645912421211ae8738d6e59d881435b318d5f8a5ac0313c6986ad1a50c48abcbfcbf0939bbde6c48e85caa1dc740358e512b72a3f",,"2024-06-03T17:09:00.000","30","NO CONTROLS","NO CONTROLS","CLEAR","DAYLIGHT","REAR TO SIDE","PARKING LOT",,"STRAIGHT AND LEVEL","DRY","UNKNOWN","NOT ON SCENE (DESK REPORT)","NO INJURY / DRIVE AWAY",,"Y","Y","OVER $1,500","2024-06-04T17:30:00.000","IMPROPER BACKING","NOT APPLICABLE","741","W","31ST ST","915",,,,,,,"2","NO INDICATION OF INJURY","0","0","0","0","0","2","0","17","2","6","41.837945673","-87.645459827","POINT (-87.645459827304 41.837945672974)"
"fc4ab43cf8930198cc986f1f373827ac7dfa814cd24a86aea4279c06d8f52b867448037c31c01f0073246292c516ddc6cb005ac12a5290b905c36c4e4480f8c0",,"2024-06-03T17:08:00.000","25","STOP SIGN/FLASHER","FUNCTIONING PROPERLY","CLEAR","DAYLIGHT","ANGLE","OTHER",,"STRAIGHT AND LEVEL","DRY","NO DEFECTS","ON SCENE","INJURY AND / OR TOW DUE TO CRASH","Y",,,"OVER $1,500","2024-06-03T17:20:00.000","FAILING TO YIELD RIGHT-OF-WAY","NOT APPLICABLE","8199","S","ALBANY AVE","835",,,,,,,"2","NONINCAPACITATING INJURY","1","0","0","1","0","2","0","17","2","6","41.744458182","-87.699658369","POINT (-87.699658368928 41.744458182311)"
"7548c5118393d7130bf1974c95c166e2088c3b38580726a2a7e2c1e36fa0e5dbc515f8ff8454a088b6a93b4133edd8ea9b28b7c047c011956fe203ee237880c7",,"2024-06-03T17:05:00.000","30","NO CONTROLS","NO CONTROLS","CLEAR","DAYLIGHT","REAR END","NOT DIVIDED",,"STRAIGHT AND LEVEL","DRY","NO DEFECTS","ON SCENE","INJURY AND / OR TOW DUE TO CRASH",,,,"OVER $1,500","2024-06-03T17:25:00.000","FOLLOWING TOO CLOSELY","NOT APPLICABLE","4023","W","115TH ST","2211",,,,,,,"2","REPORTED, NOT EVIDENT","1","0","0","0","1","1","0","17","2","6","41.683841909","-87.720966575","POINT (-87.720966574866 41.683841908805)"
"75e4e6ba0defb101c991b5d613899da9610e985ec2477b2fdb4885fc9d29d9756cc4a48825fe89f57cff3e998a8ae89d1cc2dcf53706fa8028fc0493fd9c62ce",,"2024-06-03T17:05:00.000","30","TRAFFIC SIGNAL","FUNCTIONING PROPERLY","CLEAR","DAYLIGHT","TURNING","FOUR WAY",,"STRAIGHT AND LEVEL","DRY","NO DEFECTS","ON SCENE","INJURY AND / OR TOW DUE TO CRASH","Y",,,"OVER $1,500","2024-06-03T17:06:00.000","FAILING TO YIELD RIGHT-OF-WAY","NOT APPLICABLE","3900","S","STATE ST","213",,,,,,,"2","NO INDICATION OF INJURY","0","0","0","0","0","5","0","17","2","6","41.823629662","-87.626573071","POINT (-87.626573071207 41.823629662422)"
"25f22f04ab6d5a006aa694826af910925c3199789d0b1151170d8bc710b9bc85e37db8a7ad9f2c5ba9ea9cefd5d374f8ada2a07df00e7583098b9efc25fe3108",,"2024-06-03T17:00:00.000","20","NO CONTROLS","NO CONTROLS","CLEAR","DAYLIGHT","REAR TO FRONT","PARKING LOT",,"STRAIGHT AND LEVEL","DRY","NO DEFECTS","NOT ON SCENE (DESK REPORT)","NO INJURY / DRIVE AWAY",,,,"OVER $1,500","2024-06-03T18:25:00.000","DRIVING SKILLS/KNOWLEDGE/EXPERIENCE","NOT APPLICABLE","7900","S","YATES BLVD","414",,,,,,,"2","NO INDICATION OF INJURY","0","0","0","0","0","2","0","17","2","6","41.751636269","-87.566378121","POINT (-87.56637812136 41.751636269168)"
"9635295b2acfbd4df1d4a84750029639f49fae1281847c3665dfb8af40bf534429682cdb2d690b6efb2eb02d464bd13f152769ad6b29c84516b794f02a683f60",,"2024-06-03T17:00:00.000","30","TRAFFIC SIGNAL","FUNCTIONING PROPERLY","CLEAR","DAYLIGHT","REAR END","NOT DIVIDED",,"STRAIGHT AND LEVEL","DRY","NO DEFECTS","NOT ON SCENE (DESK REPORT)","NO INJURY / DRIVE AWAY",,,,"OVER $1,500","2024-06-03T17:15:00.000","IMPROPER OVERTAKING/PASSING","NOT APPLICABLE","1819","W","ROOSEVELT RD","1233",,,,,,,"2","NO INDICATION OF INJURY","0","0","0","0","0","2","0","17","2","6","41.866702483","-87.672130004","POINT (-87.672130003618 41.866702482506)"
"76b33fdddacb105c033dbc833707ee4ab180c405dd9ddf0c2492dcf94d261cdacc051941dec355673196ba491caa5bcadbed42d09acaf4f5fe844fadbb93cb7d",,"2024-06-03T16:53:00.000","30","NO CONTROLS","NO CONTROLS","CLEAR","DAYLIGHT","SIDESWIPE SAME DIRECTION","NOT DIVIDED",,"STRAIGHT AND LEVEL","DRY","NO DEFECTS","ON SCENE","INJURY AND / OR TOW DUE TO CRASH",,,"Y","OVER $1,500","2024-06-03T16:53:00.000","DISREGARDING ROAD MARKINGS","NOT APPLICABLE","4689","S","DR MARTIN LUTHER KING JR DR","221",,,,,,,"3","NONINCAPACITATING INJURY","1","0","0","1","0","2","0","16","2","6","41.809431454","-87.616443231","POINT (-87.616443231254 41.809431453546)"
"7927d80741e0e22457f5e983933ec8fd449442b7304f27a6e27e81862f5d45378aa1585ad255aa2347e2b97d40640c50a3942e0efb1a5af48dc045b143f7e996",,"2024-06-03T16:51:00.000","15","NO CONTROLS","NO CONTROLS","CLEAR","DAYLIGHT","PEDESTRIAN","OTHER",,"STRAIGHT AND LEVEL","UNKNOWN","UNKNOWN","NOT ON SCENE (DESK REPORT)","NO INJURY / DRIVE AWAY",,"Y","Y","$500 OR LESS","2024-06-04T13:58:00.000","UNABLE TO DETERMINE","NOT APPLICABLE","13110","S","GREEN BAY AVE","433",,,,,,,"2","NO INDICATION OF INJURY","0","0","0","0","0","3","0","16","2","6","41.656942572","-87.541241437","POINT (-87.541241437367 41.656942571989)"
"3dbd6e09685a1a2e06ec8624c8d9998aecede30db36704543395d7f40ef5c92b79c751a77b9a70f010c48b0019d482115c81ade099714f07b036f8dc918b7ee1",,"2024-06-03T16:50:00.000","30","TRAFFIC SIGNAL","FUNCTIONING PROPERLY","CLEAR","DAYLIGHT","REAR END","NOT DIVIDED",,"STRAIGHT AND LEVEL","DRY","NO DEFECTS","NOT ON SCENE (DESK REPORT)","NO INJURY / DRIVE AWAY",,,,"OVER $1,500","2024-06-03T18:00:00.000","FOLLOWING TOO CLOSELY","NOT APPLICABLE","5214","W","FOSTER AVE","1623",,,,,,,"2","NO INDICATION OF INJURY","0","0","0","0","0","2","0","16","2","6","41.975322107","-87.758397768","POINT (-87.758397768255 41.975322107321)"