"crash_record_id","crash_date_est_i","crash_date","posted_speed_limit","traffic_control_device","device_condition","weather_condition","lighting_condition","first_crash_type","trafficway_type","lane_cnt","alignment","roadway_surface_cond","road_defect","report_type","crash_type","intersection_related_i","private_property_i","hit_and_run_i","damage","date_police_notified","prim_contributory_cause","sec_contributory_cause","street_no","street_direction","street_name","beat_of_occurrence","photos_taken_i","statements_taken_i","dooring_i","work_zone_i","work_zone_type","workers_present_i","num_units","most_severe_injury","injuries_total","injuries_fatal","injuries_incapacitating","injuries_non_incapacitating","injuries_reported_not_evident","injuries_no_indication","injuries_unknown","crash_hour","crash_day_of_week","crash_month","latitude","longitude","location"
"a2956989acfbe605f327d2b530638d4084667173eeb3e67e425b4eab7beb6f1f103a56350d9fa8a84a22621656a34e10dbe3b9ad07541000ae613c51164252b2",,"2024-06-03T16:50:00.000","30","TRAFFIC SIGNAL","FUNCTIONING PROPERLY","UNKNOWN","DAYLIGHT","REAR END","DIVIDED - W/MEDIAN BARRIER",,"STRAIGHT AND LEVEL","UNKNOWN","NO DEFECTS","NOT ON SCENE (DESK REPORT)","NO INJURY / DRIVE AWAY",,,,"$501 - $1,500","2024-06-04T14:40:00.000","FOLLOWING TOO CLOSELY","FOLLOWING TOO CLOSELY","758","E","MIDWAY PLAISANCE","233",,,,,,,"2","NO INDICATION OF INJURY","0","0","0","0","0","2","0","16","2","6","41.787238652","-87.606122038","POINT (-87.606122037954 41.787238652039)"
"9f7746d759b33c2aa3c766ef4271fc0ca93b79918e930891a7e4322869431e9319f775c183f9ae51eb2e76bbe841389162bd4d635891801182949a2209458731",,"2024-06-03T16:49:00.000","30","STOP SIGN/FLASHER","FUNCTIONING PROPERLY","CLEAR","DAYLIGHT","ANGLE","FOUR WAY",,"STRAIGHT AND LEVEL","DRY","NO DEFECTS","ON SCENE","NO INJURY / DRIVE AWAY","Y",,,"OVER $1,500","2024-06-03T16:50:00.000","FAILING TO YIELD RIGHT-OF-WAY","IMPROPER LANE USAGE","1558","N","KILDARE AVE","2534",,,,,,,"2","NO INDICATION OF INJURY","0","0","0","0","0","3","0","16","2","6","41.909315868","-87.7340145","POINT (-87.734014500129 41.909315867625)"
"394668b59ee78f858d75fd5e6b8cd1a26d745fac977353e4fbf1ec760b84681a769af8a840be96b392c7c1b60d9bd8035b2994c8fa4c9254a603876c297ab9ab",,"2024-06-03T16:47:00.000","30","STOP SIGN/FLASHER","FUNCTIONING PROPERLY","CLEAR","DAYLIGHT","ANGLE","FOUR WAY",,"STRAIGHT AND LEVEL","DRY","NO DEFECTS","ON SCENE","INJURY AND / OR TOW DUE TO CRASH","Y",,,"$501 - $1,500","2024-06-03T16:49:00.000","FAILING TO YIELD RIGHT-OF-WAY","NOT APPLICABLE","2501","W","GRAND AVE","1221",,"Y",,,,,"2","NONINCAPACITATING INJURY","2","0","0","1","1","0","0","16","2","6","41.891284319","-87.689331122","POINT (-87.689331122058 41.891284319218)"
"0ddc17854a8092e57ef013dc69b26adb0db78b6bc6c1667923ea5b99b8b73e41ce0f09b3f6d3f1538c06d48be354965dc3061f6249a3dd7443716b5de8b2ef82",,"2024-06-03T16:40:00.000","20","NO CONTROLS","NO CONTROLS","CLEAR","DAYLIGHT","ANGLE","NOT DIVIDED",,"STRAIGHT AND LEVEL","DRY","NO DEFECTS",,"NO INJURY / DRIVE AWAY",,,,"OVER $1,500","2024-06-03T17:20:00.000","FAILING TO YIELD RIGHT-OF-WAY","UNABLE TO DETERMINE","1416","W","69TH ST","725",,,,,,,"2","NO INDICATION OF INJURY","0","0","0","0","0","2","0","16","2","6","41.768720811","-87.659800807","POINT (-87.659800806943 41.768720811082)"
"2452f0eb90e7293a117f9f4291b2354a50e74bcf9b00432078fe8f85e18ab8f2f5dcaf5c0df39718facc4317eb65592eb7c9991bf14e5e290fd59731ccc9f36b",,"2024-06-03T16:35:00.000","30","TRAFFIC SIGNAL","FUNCTIONING PROPERLY","CLEAR","DAYLIGHT","TURNING","FOUR WAY",,"STRAIGHT AND LEVEL","UNKNOWN","UNKNOWN","NOT ON SCENE (DESK REPORT)","NO INJURY / DRIVE AWAY","Y",,,"OVER $1,500","2024-06-03T17:00:00.000","UNABLE TO DETERMINE","NOT APPLICABLE","2000","W","63RD ST","714",,,,,,,"2","NO INDICATION OF INJURY","0","0","0","0","0","2","0","16","2","6","41.779424663","-87.673968213","POINT (-87.67396821288 41.779424663295)"
"5d4d8b6150a669f98d2dc3a0c6b1a5ff3a1007c0b4f3356b764afca61cc2717d380ebf94ad83e635ef289ceae7a4de9977b86cf0205699f254131c99bd114aa9",,"2024-06-03T16:30:00.000","30","NO CONTROLS","NO CONTROLS","CLEAR","DAYLIGHT","TURNING","DIVIDED - W/MEDIAN (NOT RAISED)",,"STRAIGHT AND LEVEL","DRY","NO DEFECTS","ON SCENE","INJURY AND / OR TOW DUE TO CRASH",,,,"OVER $1,500","2024-06-03T16:46:00.000","FAILING TO YIELD RIGHT-OF-WAY","NOT APPLICABLE","8399","W","HIGGINS RD","1614",,,,,,,"2","NONINCAPACITATING INJURY","1","0","0","1","0","2","0","16","2","6","41.986275977","-87.836522255","POINT (-87.83652225493 41.986275977026)"
"654f91920dbc51d53b930452f5fad472b2d3e03c7fba5b7e3407b3c1508d951178a78821241354610a3cf5228171b7d402208149b90b647b9f2036aac0ac424a",,"2024-06-03T16:30:00.000","15","NO CONTROLS","NO CONTROLS","CLEAR","DAYLIGHT","REAR END","NOT DIVIDED",,"STRAIGHT AND LEVEL","DRY","NO DEFECTS","NOT ON SCENE (DESK REPORT)","NO INJURY / DRIVE AWAY",,,,"OVER $1,500","2024-06-03T18:30:00.000","FOLLOWING TOO CLOSELY","NOT APPLICABLE","45","N","WESTERN AVE","1223",,,,,,,"2","NO INDICATION OF INJURY","0","0","0","0","0","2","0","16","2","6","41.882511624","-87.686324433","POINT (-87.686324433222 41.882511624325)"
"92cd4e3a262d10a22c3b4872b23d8dfd1e59f80d7d5fad6d886e79955bef19743112ccc8e7d804b4a5e17f036d66696c61595aa23fcaa414ce4907b3e2147f53",,"2024-06-03T16:30:00.000","30","TRAFFIC SIGNAL","UNKNOWN","CLEAR","DAYLIGHT","REAR END","NOT DIVIDED",,"STRAIGHT AND LEVEL","DRY","UNKNOWN","NOT ON SCENE (DESK REPORT)","NO INJURY / DRIVE AWAY",,,"Y","OVER $1,500","2024-06-03T18:01:00.000","UNABLE TO DETERMINE","UNABLE TO DETERMINE","344","E","MARQUETTE RD","312",,,,,,,"4","NO INDICATION OF INJURY","0","0","0","0","0","4","0","16","2","6","41.773053041","-87.61701168","POINT (-87.617011679748 41.773053040855)"
"a16973d0509121d2af567efce944412f934c22e11b91d31f21bad775dfdd820104f763235595ccd78073d056ff872c1165454518232a0aab55ae40e346fb45d7",,"2024-06-03T16:30:00.000","30","NO CONTROLS","NO CONTROLS","CLEAR","DAYLIGHT","REAR END","NOT DIVIDED",,"STRAIGHT AND LEVEL","DRY","UNKNOWN","NOT ON SCENE (DESK REPORT)","NO INJURY / DRIVE AWAY",,,,"OVER $1,500","2024-06-03T16:42:00.000","NOT APPLICABLE","FOLLOWING TOO CLOSELY","217","S","CICERO AVE","1113",,,,,,,"2","NO INDICATION OF INJURY","0","0","0","0","0","2","0","16","2","6","41.877345627","-87.7450161","POINT (-87.745016099622 41.877345626518)"
"a6c22cdf48970899c2b9cbf098ad831c126cfdafdbba784fb8b37db0be5a813b467fefe9305677d60a25ec51270a75682b6d94fc996a71889c9464a42ca88db6",,"2024-06-03T16:30:00.000","30","TRAFFIC SIGNAL","FUNCTIONING PROPERLY","CLEAR","DAYLIGHT","REAR END","NOT DIVIDED",,"STRAIGHT AND LEVEL","DRY","NO DEFECTS","NOT ON SCENE (DESK REPORT)","NO INJURY / DRIVE AWAY",,,,"OVER $1,500","2024-06-03T17:10:00.000","UNABLE TO DETERMINE","UNABLE TO DETERMINE","6027","W","BELMONT AVE","2511",,,,,,,"2","NO INDICATION OF INJURY","0","0","0","0","0","4","0","16","2","6","41.938324028","-87.777313749","POINT (-87.777313749287 41.93832402819)"
"1e4ab4e560c22ef3a633cbf6b16746da52b25b19f10213ad38e2f55a2cc506fc8546caccc558a4882d4bce007fdc8c0dd86bb3e324133ba68b01a4885dc0caf5",,"2024-06-03T16:28:00.000","25","STOP SIGN/FLASHER","FUNCTIONING PROPERLY","CLEAR","DAYLIGHT","ANGLE","NOT DIVIDED",,"STRAIGHT AND LEVEL","DRY","NO DEFECTS","ON SCENE","INJURY AND / OR TOW DUE TO CRASH",,,,"OVER $1,500","2024-06-03T16:29:00.000","FAILING TO REDUCE SPEED TO AVOID CRASH","NOT APPLICABLE","7500","S","CONSTANCE AVE","414",,,,,,,"2","NONINCAPACITATING INJURY","1","0","0","1","0","2","0","16","2","6","41.758742124","-87.579958999","POINT (-87.579958999347 41.758742124319)"
"d79e9924a3e0b75ab736b6104241240abd62b55a14fa6dfc55e47276e601fbdd0623244f03080e2220107f4212a09fc33c6409cae73b07838fc7d31a985cfa87",,"2024-06-03T16:25:00.000","30","NO CONTROLS","NO CONTROLS","CLEAR","DAYLIGHT","REAR END","NOT DIVIDED",,"STRAIGHT AND LEVEL","DRY","NO DEFECTS","NOT ON SCENE (DESK REPORT)","NO INJURY / DRIVE AWAY",,,,"$501 - $1,500","2024-06-03T17:47:00.000","FOLLOWING TOO CLOSELY","NOT APPLICABLE","6628","W","ARCHER AVE","811",,,,,,,"2","NO INDICATION OF INJURY","0","0","0","0","0","2","0","16","2","6","41.792336997","-87.787853689","POINT (-87.7878536895 41.792336996632)"
"36295a8df8f704965487def909355237f14ebef04f0406f5c373c41f5bf9c969bebc3615b722d4166172e2cbd4c7df48b027ebbd2eeed41a92b801e66eb5c5fa",,"2024-06-03T16:24:00.000","30","NO CONTROLS","NO CONTROLS","CLEAR","DAYLIGHT","REAR END","ONE-WAY",,"STRAIGHT AND LEVEL","DRY","NO DEFECTS","NOT ON SCENE (DESK REPORT)","NO INJURY / DRIVE AWAY",,,,"$500 OR LESS","2024-06-03T19:00:00.000","FOLLOWING TOO CLOSELY","FOLLOWING TOO CLOSELY","131","E","OHIO ST","1834",,,,,,,"2","NO INDICATION OF INJURY","0","0","0","0","0","2","0","16","2","6","41.892445015","-87.624238026","POINT (-87.624238026414 41.892445014605)"
"450bed6afa223f8ea479cf928aef1a387db1e5abd7af1362da9fa14e1596caa1e2e636766f62475ca40d86250f1c598afaf675f67b31a8b13dbc88502f7247c1",,"2024-06-03T16:10:00.000","30","NO CONTROLS","NO CONTROLS","CLEAR","DAYLIGHT","ANGLE","T-INTERSECTION",,"STRAIGHT AND LEVEL","DRY","NO DEFECTS","ON SCENE","INJURY AND / OR TOW DUE TO CRASH","Y",,,"OVER $1,500","2024-06-03T16:18:00.000","FAILING TO YIELD RIGHT-OF-WAY","NOT APPLICABLE","2501","N","ELSTON AVE","1432",,,,,,,"2","NO INDICATION OF INJURY","0","0","0","0","0","4","0","16","2","6","41.927092261","-87.680208493","POINT (-87.680208492847 41.927092261357)"
"6324a5e788a91e9c473044414fa9f9f38878611eb58a3f23bdf60c441f7b8b16fc95e158a92b4e460d4c6a786aa034d07da863a6bab11cbf3d7704eed69b22a8",,"2024-06-03T16:10:00.000","30","TRAFFIC SIGNAL","FUNCTIONING PROPERLY","CLEAR","DAYLIGHT","SIDESWIPE SAME DIRECTION","FOUR WAY",,"STRAIGHT AND LEVEL","DRY","NO DEFECTS","ON SCENE","INJURY AND / OR TOW DUE TO CRASH",,,,"OVER $1,500","2024-06-03T16:10:00.000","EVASIVE ACTION DUE TO ANIMAL, OBJECT, NONMOTORIST","NOT APPLICABLE","6701","S","JEFFERY BLVD","331",,,,,,,"3","NO INDICATION OF INJURY","0","0","0","0","0","6","0","16","2","6","41.77336022","-87.576345489","POINT (-87.576345488656 41.77336021958)"
"7cbec0cea288d3193ed835dd65dfc939cb47fb1e3e53246717765f7d917919f54e68b0c05a470b884c4b71d5105974f3fb0a6cf86a379044e2d48477ea24144c",,"2024-06-03T16:10:00.000","30","TRAFFIC SIGNAL","FUNCTIONING PROPERLY","CLEAR","DAYLIGHT","TURNING","FOUR WAY",,"STRAIGHT AND LEVEL","DRY","NO DEFECTS","ON SCENE","INJURY AND / OR TOW DUE TO CRASH","Y",,,"OVER $1,500","2024-06-03T16:55:00.000","FAILING TO YIELD RIGHT-OF-WAY","FAILING TO YIELD RIGHT-OF-WAY","3200","W","16TH ST","1022",,,,,,,"3","NO INDICATION OF INJURY","0","0","0","0","0","6","0","16","2","6","41.859192769","-87.705520131","POINT (-87.705520131372 41.859192769284)"
"2c4dba0fa7f3d512b34f52b84523b7b20566ec2d5c6576603ce0b6663a94c978f58d021b18ef522c307f4645330fc8bb813fa40d1a5a250c0dd9fee6e415fbfd",,"2024-06-03T16:03:00.000","35","NO CONTROLS","NO CONTROLS","CLEAR","DAYLIGHT","SIDESWIPE SAME DIRECTION","NOT DIVIDED",,"STRAIGHT AND LEVEL","DRY","NO DEFECTS","ON SCENE","NO INJURY / DRIVE AWAY",,,"Y","$500 OR LESS","2024-06-03T16:04:00.000","IMPROPER OVERTAKING/PASSING","NOT APPLICABLE","639","N","PULASKI RD","1122",,"Y",,,,,"2","NO INDICATION OF INJURY","0","0","0","0","0","2","0","16","2","6","41.892876602","-87.72586086","POINT (-87.725860859522 41.892876602288)"
"2a83e74463cc9d74c98150ea972df8d5b4478f19f7c34d7405edf47c1f6291f9bbc4855eab837f56b3ea19e0a3bdfc54fd7769ee983a4365166e85d0a41934dc",,"2024-06-03T16:00:00.000","20","NO CONTROLS","NO CONTROLS","CLEAR","DAYLIGHT","PARKED MOTOR VEHICLE","PARKING LOT",,"STRAIGHT AND LEVEL","DRY","UNKNOWN","ON SCENE","NO INJURY / DRIVE AWAY",,,,"OVER $1,500","2024-06-03T16:55:00.000","UNABLE TO DETERMINE","UNABLE TO DETERMINE","4821","W","NORTH AVE","2533",,,,,,,"3","NO INDICATION OF INJURY","0","0","0","0","0","3","0","16","2","6","41.909505148","-87.746959936","POINT (-87.746959936272 41.909505147743)"
"5de47c2cc59bd92b11121534150bd9cd0b425bd74d3fa533af1c2efc5da52771ac193d4d17dc731858c1c312821758af58aa9d5cec918ff9842f943b8b68371f",,"2024-06-03T16:00:00.000","35","TRAFFIC SIGNAL","FUNCTIONING PROPERLY","CLEAR","DAYLIGHT","REAR END","DIVIDED - W/MEDIAN (NOT RAISED)",,"STRAIGHT AND LEVEL","DRY","NO DEFECTS","NOT ON SCENE (DESK REPORT)","NO INJURY / DRIVE AWAY","Y",,,"OVER $1,500","2024-06-03T16:00:00.000","FOLLOWING TOO CLOSELY","UNABLE TO DETERMINE","7900","S","VINCENNES AVE","621",,,,,,,"2","NO INDICATION OF INJURY","0","0","0","0","0","2","0","16","2","6","41.750750387","-87.634384345","POINT (-87.634384345423 41.750750386696)"
"a813d1446467ece59b2cc8149f267cba594ce18f14ace0e2fe67c8b0eaedab93c77c49d5598216c9884b8ad2db14f6f5390cd2b463e6cdbac39cb13d11ce561a",,"2024-06-03T16:00:00.000","0","NO CONTROLS","NO CONTROLS","CLEAR","UNKNOWN","PARKED MOTOR VEHICLE","PARKING LOT",,"STRAIGHT AND LEVEL","UNKNOWN","UNKNOWN","NOT ON SCENE (DESK REPORT)","NO INJURY / DRIVE AWAY",,,"Y","OVER $1,500","2024-06-04T19:40:00.000","IMPROPER BACKING","NOT APPLICABLE","7617","N","PAULINA ST","2422",,,,,,,"2","NO INDICATION OF INJURY","0","0","0","0","0","1","0","16","2","6","42.019917997","-87.672942854","POINT (-87.672942853941 42.019917996535)"
"818694c5125dd94fe82c9fa316e9660944f5ac5e979fc0331ed41d3743011fa3fd275bd0097380a5d1f5c8c0dfb997e96b18d1e764536fb49b38b0454e1a4e74",,"2024-06-03T15:57:00.000","30","TRAFFIC SIGNAL","FUNCTIONING PROPERLY","CLEAR","DAYLIGHT","SIDESWIPE SAME DIRECTION","TRAFFIC ROUTE",,"STRAIGHT AND LEVEL","DRY","NO DEFECTS","ON SCENE","INJURY AND / OR TOW DUE TO CRASH",,,"Y","OVER $1,500","2024-06-03T17:05:00.000","UNABLE TO DETERMINE","UNABLE TO DETERMINE","13000","S","INDIANA AVE","533",,,,,,,"2","NO INDICATION OF INJURY","0","0","0","0","0","4","0","15","2","6","41.659009216","-87.617447906","POINT (-87.617447906473 41.659009215787)"
"0affc5914d05ef7f884d2ce00c1170b65289ff7114e3f80101ab730b625e8fd46de140b825dd2ab8083997987e08c87f0a3aa2213ba3253364ecbdcab76f0154",,"2024-06-03T15:55:00.000","30","NO CONTROLS","NO CONTROLS","CLEAR","DAYLIGHT","REAR TO FRONT","DIVIDED - W/MEDIAN (NOT RAISED)",,"STRAIGHT ON GRADE","DRY","NO DEFECTS","ON SCENE","INJURY AND / OR TOW DUE TO CRASH","N",,,"OVER $1,500","2024-06-03T16:00:00.000","FAILING TO REDUCE SPEED TO AVOID CRASH","DISTRACTION - FROM INSIDE VEHICLE","1713","W","HOWARD ST","2422",,,,,,,"2","NO INDICATION OF INJURY","0","0","0","0","0","2","0","15","2","6","42.019283176","-87.67386519","POINT (-87.673865189789 42.019283176229)"
"0a50572f1cb5033fde1a138bc882807e9c4427b8901751967a4a69c8b0ecadc0f69fc88a121b65dcf3a4f70ca52a1ba7d57b628f026e02dc0b52d8641f8fb634",,"2024-06-03T15:49:00.000","25","NO CONTROLS","NO CONTROLS","CLEAR","DAYLIGHT","TURNING","NOT DIVIDED",,"STRAIGHT AND LEVEL","DRY","NO DEFECTS","NOT ON SCENE (DESK REPORT)","INJURY AND / OR TOW DUE TO CRASH",,,,"OVER $1,500","2024-06-03T16:22:00.000","FAILING TO YIELD RIGHT-OF-WAY","IMPROPER TURNING/NO SIGNAL","3554","W","HIRSCH ST","1422",,,,,,,"2","NONINCAPACITATING INJURY","1","0","0","1","0","3","0","15","2","6","41.90648661","-87.716410554","POINT (-87.716410553785 41.906486610454)"
"1f81b34e4eaec184a3e4e17d2e1e0fd1e2db13a642275359671ad78a86ad913e34202b29dac482b3a9024ccb816bf63a3730aefc7bcc73e8f39abca4f16491ae",,"2024-06-03T15:49:00.000","30","TRAFFIC SIGNAL","FUNCTIONING PROPERLY","CLEAR","DAYLIGHT","TURNING","DIVIDED - W/MEDIAN (NOT RAISED)",,"STRAIGHT AND LEVEL","DRY","NO DEFECTS","ON SCENE","NO INJURY / DRIVE AWAY",,,"Y","OVER $1,500","2024-06-03T15:49:00.000","FOLLOWING TOO CLOSELY","UNABLE TO DETERMINE","7101","S","VINCENNES AVE","731",,,,,,,"2","NO INDICATION OF INJURY","0","0","0","0","0","3","0","15","2","6","41.76539337","-87.627796927","POINT (-87.627796926782 41.76539336985)"
"c17a24543da21c7c3743e8910fce7cf6889df8f5ea3e1f41695b11ff8289496b126103ffd10a1d39935db363ea836c553202083261922d6a50718b15961989d1",,"2024-06-03T15:45:00.000","30","NO CONTROLS","NO CONTROLS","CLEAR","DAYLIGHT","OTHER OBJECT","NOT DIVIDED",,"STRAIGHT AND LEVEL","DRY","RUT, HOLES","NOT ON SCENE (DESK REPORT)","NO INJURY / DRIVE AWAY",,,,"$501 - $1,500","2024-06-04T14:15:00.000","ROAD ENGINEERING/SURFACE/MARKING DEFECTS","NOT APPLICABLE","5823","N","RAVENSWOOD AVE","2012",,,,,,,"1","NO INDICATION OF INJURY","0","0","0","0","0","1","0","15","2","6","41.987389187","-87.674470807","POINT (-87.674470806832 41.987389187425)"
"f55d91f563c7eef304301478c62cbf07b849cddad363a77576d1f11944b9b6b10ef5ffbb0adf4a4081ca954b7eacfab69824b6b63f3fbfdcf3ebe099056ce9bb",,"2024-06-03T15:45:00.000","15","NO CONTROLS","NO CONTROLS","CLEAR","DAYLIGHT","SIDESWIPE SAME DIRECTION","PARKING LOT",,"STRAIGHT AND LEVEL","DRY","UNKNOWN","NOT ON SCENE (DESK REPORT)","NO INJURY / DRIVE AWAY",,,,"OVER $1,500","2024-06-03T17:40:00.000","IMPROPER OVERTAKING/PASSING","FAILING TO YIELD RIGHT-OF-WAY","5201","W","FULLERTON AVE","2515",,,,,,,"2","NO INDICATION OF INJURY","0","0","0","0","0","2","0","15","2","6","41.923996322","-87.75620397","POINT (-87.756203969569 41.923996322326)"
"b9808ee8dfc0001db3b54a1d2ca804e12f039d47521b168b300128636513901e6baa6f0682bebb8f5e27e4a8c31c0ba4a306a0aa3946ae825002e3221b6f1ac2",,"2024-06-03T15:40:00.000","30","TRAFFIC SIGNAL","FUNCTIONING PROPERLY","CLEAR","DAYLIGHT","REAR END","DIVIDED - W/MEDIAN BARRIER",,"STRAIGHT AND LEVEL","DRY","NO DEFECTS","ON SCENE","NO INJURY / DRIVE AWAY","Y",,"Y","OVER $1,500","2024-06-03T15:41:00.000","FOLLOWING TOO CLOSELY","NOT APPLICABLE","1603","N","LAKE SHORE DR NB","1814",,,,,,,"2","NO INDICATION OF INJURY","0","0","0","0","0","2","0","15","2","6","41.911363896","-87.625585105","POINT (-87.625585104709 41.911363895701)"
"483c31530509556543e29841143f9b44c1ec9bcbb24009a8c78f36617727a170ec32a1cb58370d37b6b01c35a20f46be994406e19974959c8d4536c600dbe6df",,"2024-06-03T15:35:00.000","30","NO CONTROLS","NO CONTROLS","CLEAR","DAYLIGHT","PARKED MOTOR VEHICLE","DIVIDED - W/MEDIAN (NOT RAISED)",,"STRAIGHT AND LEVEL","DRY","NO DEFECTS","NOT ON SCENE (DESK REPORT)","NO INJURY / DRIVE AWAY",,,,"OVER $1,500","2024-06-03T16:00:00.000","IMPROPER LANE USAGE","UNABLE TO DETERMINE","2175","N","CALIFORNIA AVE","1431",,,,,,,"2","NO INDICATION OF INJURY","0","0","0","0","0","2","0","15","2","6","41.921591285","-87.6971705","POINT (-87.697170500356 41.921591284863)"
"4b81f60df1f26317f41d632912a2dafd021fce8155ba14e9a385cb23b52bcb8d0a004645edc1c42ff5e17b52d1d9990cb5cf82bca9e0e6c3ed473dc396e9b6a7",,"2024-06-03T15:35:00.000","30","TRAFFIC SIGNAL","FUNCTIONING PROPERLY","CLEAR","DAYLIGHT","SIDESWIPE SAME DIRECTION","DIVIDED - W/MEDIAN BARRIER",,"STRAIGHT AND LEVEL","DRY","NO DEFECTS","NOT ON SCENE (DESK REPORT)","NO INJURY / DRIVE AWAY",,,"Y","OVER $1,500","2024-06-05T13:15:00.000","UNABLE TO DETERMINE","NOT APPLICABLE","4841","W","PETERSON AVE","1621",,,,,,,"2","NO INDICATION OF INJURY","0","0","0","0","0","2","0","15","2","6","41.989910788","-87.75016086","POINT (-87.750160860299 41.989910788204)"
"1bcb4dfde2d128622cbe754f45fe4bd2ab1cad073d0910fb305556ac08b0c1a0ff818ebdc2721935427afb367ba96649b8d3ccfeb23378109564848c87492545",,"2024-06-03T15:30:00.000","30","NO CONTROLS","NO CONTROLS","UNKNOWN","DAYLIGHT","REAR END","DIVIDED - W/MEDIAN (NOT RAISED)",,"STRAIGHT AND LEVEL","UNKNOWN","UNKNOWN","NOT ON SCENE (DESK REPORT)","NO INJURY / DRIVE AWAY",,,,"OVER $1,500","2024-06-05T17:00:00.000","UNABLE TO DETERMINE","UNABLE TO DETERMINE","5001","W","FULLERTON AVE","2522",,,,,,,"2","NO INDICATION OF INJURY","0","0","0","0","0","2","0","15","2","6","41.924063989","-87.751348152","POINT (-87.751348151764 41.924063988935)"
"2676bde0c38b55156febdc4bf8f1b900ec3bdd0dea2c1a67c088b313083d41e824cd9e36ed6f3af976858c3702b9b590fff49c2d80e5b02cacb44b948bcd412e",,"2024-06-03T15:30:00.000","35","NO CONTROLS","NO CONTROLS","CLEAR","DAYLIGHT","REAR END","NOT DIVIDED",,"STRAIGHT AND LEVEL","DRY","NO DEFECTS",,"INJURY AND / OR TOW DUE TO CRASH",,,,"OVER $1,500","2024-06-03T15:30:00.000","FOLLOWING TOO CLOSELY","UNABLE TO DETERMINE","1443","W","99TH ST","2213",,,,,,,"2","REPORTED, NOT EVIDENT","1","0","0","0","1","1","0","15","2","6","41.713900423","-87.659381937","POINT (-87.659381936661 41.713900423467)"
"7092e54b75442d6789de9c5be40f3d59ac2070a03e5f0d0d944789f427c2dbda39ae4ebaf8e73747ccf838b26a9c29d95116892068c5cf3f5382d53f2f5aa768",,"2024-06-03T15:30:00.000","15","UNKNOWN","UNKNOWN","CLEAR","DAYLIGHT","TURNING","FOUR WAY",,"STRAIGHT AND LEVEL","DRY","UNKNOWN","NOT ON SCENE (DESK REPORT)","NO INJURY / DRIVE AWAY",,,,"OVER $1,500","2024-06-03T16:07:00.000","IMPROPER TURNING/NO SIGNAL","NOT APPLICABLE","7901","S","MARYLAND AVE","624",,,,,,,"2","NO INDICATION OF INJURY","0","0","0","0","0","2","0","15","2","6","41.751212596","-87.603817366","POINT (-87.603817365519 41.751212596307)"
"c9a8ce0251017449704ee03b7af57f8f19530b326ab78051306990cbbebc385cc344c2dee61f3fac0d4426e0fc0c8585986955439eeaa36a8107fbada6d967f3",,"2024-06-03T15:30:00.000","30","NO CONTROLS","NO CONTROLS","CLEAR","DAYLIGHT","REAR END","NOT DIVIDED",,"STRAIGHT AND LEVEL","DRY","NO DEFECTS","NOT ON SCENE (DESK REPORT)","NO INJURY / DRIVE AWAY",,,"Y","OVER $1,500","2024-06-03T18:31:00.000","UNABLE TO DETERMINE","UNABLE TO DETERMINE","804","E","79TH ST","624",,,,,,,"2","NO INDICATION OF INJURY","0","0","0","0","0","2","0","15","2","6","41.751398748","-87.604994234","POINT (-87.604994233552 41.751398747932)"
"9f2077bd96fd239505a2f90c0b07c39979ef9bbac2d524e2313da2ca16b27ad51d40198eaf6703e271936825336675d9da7910a215dee891bd86dcda350f2a73",,"2024-06-03T15:15:00.000","30","NO CONTROLS","NO CONTROLS","CLEAR","DAYLIGHT","PARKED MOTOR VEHICLE","DIVIDED - W/MEDIAN (NOT RAISED)",,"STRAIGHT AND LEVEL","DRY","NO DEFECTS","NOT ON SCENE (DESK REPORT)","NO INJURY / DRIVE AWAY",,,,"$500 OR LESS","2024-06-03T16:15:00.000","DRIVING SKILLS/KNOWLEDGE/EXPERIENCE","NOT APPLICABLE","7900","S","UNION AVE","621",,,,,,,"2","NO INDICATION OF INJURY","0","0","0","0","0","2","0","15","2","6","41.750585422","-87.641747066","POINT (-87.641747066191 41.750585421837)"
"ad6391c4e4e392060eb30d1152ca4a4aecb14bebd390184f1f81382a6a66ab56c2350002132abc59c7c46b6f7e32982157c3dd3bd3165b8a1654c8a1f93674bb",,"2024-06-03T15:14:00.000","30","NO CONTROLS","NO CONTROLS","CLEAR","DAYLIGHT","TURNING","DIVIDED - W/MEDIAN (NOT RAISED)",,"STRAIGHT AND LEVEL","DRY","NO DEFECTS","ON SCENE","INJURY AND / OR TOW DUE TO CRASH",,,,"OVER $1,500","2024-06-03T15:14:00.000","UNABLE TO DETERMINE","NOT APPLICABLE","2832","W","CHICAGO AVE","1211",,,,,,,"2","REPORTED, NOT EVIDENT","3","0","0","0","3","2","0","15","2","6","41.895757459","-87.69808608","POINT (-87.698086080182 41.895757458874)"