"crash_record_id","crash_date_est_i","crash_date","posted_speed_limit","traffic_control_device","device_condition","weather_condition","lighting_condition","first_crash_type","trafficway_type","lane_cnt","alignment","roadway_surface_cond","road_defect","report_type","crash_type","intersection_related_i","private_property_i","hit_and_run_i","damage","date_police_notified","prim_contributory_cause","sec_contributory_cause","street_no","street_direction","street_name","beat_of_occurrence","photos_taken_i","statements_taken_i","dooring_i","work_zone_i","work_zone_type","workers_present_i","num_units","most_severe_injury","injuries_total","injuries_fatal","injuries_incapacitating","injuries_non_incapacitating","injuries_reported_not_evident","injuries_no_indication","injuries_unknown","crash_hour","crash_day_of_week","crash_month","latitude","longitude","location"
"e088abeaa30b13e1fc7b77b29e536389f5b7686cfb73df6295d4b9c9a8831cc221ffd5f40ba72fbd657c5433d1f5f7902689e8082c770d765e098479d6f5af95",,"2024-06-03T15:13:00.000","30","NO CONTROLS","NO CONTROLS","CLEAR","DAYLIGHT","PARKED MOTOR VEHICLE","DIVIDED - W/MEDIAN (NOT RAISED)",,"STRAIGHT AND LEVEL","DRY","UNKNOWN","ON SCENE","NO INJURY / DRIVE AWAY",,,,"OVER $1,500","2024-06-03T15:46:00.000","FAILING TO REDUCE SPEED TO AVOID CRASH","UNABLE TO DETERMINE","10330","S","EWING AVE","432",,,,,,,"2","NO INDICATION OF INJURY","0","0","0","0","0","1","0","15","2","6","41.70727589","-87.53543025","POINT (-87.535430249851 41.707275889651)"
"5ce17fe26ef37ef0e036714daa5bdceafbf30e457bbec30a8360a5787552f3d542967638c7008ae4a6090eb255536926397291cbfe068122780ac573e2d4a7af",,"2024-06-03T15:10:00.000","30","TRAFFIC SIGNAL","FUNCTIONING PROPERLY","CLEAR","DAYLIGHT","SIDESWIPE SAME DIRECTION","NOT DIVIDED",,"STRAIGHT AND LEVEL","UNKNOWN","UNKNOWN","NOT ON SCENE (DESK REPORT)","NO INJURY / DRIVE AWAY",,,,"$501 - $1,500","2024-06-05T08:36:00.000","DRIVING SKILLS/KNOWLEDGE/EXPERIENCE","UNABLE TO DETERMINE","5230","N","LINCOLN AVE","2011",,,,,,,"2","NO INDICATION OF INJURY","0","0","0","0","0","2","0","15","2","6","41.976810199","-87.692562101","POINT (-87.692562101121 41.976810199422)"
"63ad4febb07a77bf41ce1b436d0302edd31ef5d219deabea89aa62f51bc6d17cb3896d1ff9c9d45da403c4eafb8e7ea2b4799f0e4b8cb7f2045745494498f31a",,"2024-06-03T15:10:00.000","30","STOP SIGN/FLASHER","FUNCTIONING PROPERLY","CLEAR","DAYLIGHT","TURNING","FOUR WAY",,"STRAIGHT AND LEVEL","DRY","NO DEFECTS","NOT ON SCENE (DESK REPORT)","NO INJURY / DRIVE AWAY","Y",,"Y","OVER $1,500","2024-06-03T16:40:00.000","DISREGARDING STOP SIGN","NOT APPLICABLE","10800","S","EWING AVE","432",,,,,,,"2","NO INDICATION OF INJURY","0","0","0","0","0","2","0","15","2","6","41.699012523","-87.535427914","POINT (-87.53542791363 41.699012522767)"
"937788ef84ccd0b101da6952e2bcc116cee587753c10e491d0b99d0f2a32697a44029ef832dcc3c0649577a2a5f0b15fb91f697faa89cbf2c83fa6ceb3e254a4",,"2024-06-03T15:10:00.000","30","TRAFFIC SIGNAL","FUNCTIONING PROPERLY","CLEAR","DAYLIGHT","REAR END","NOT DIVIDED",,"STRAIGHT AND LEVEL","DRY","NO DEFECTS","ON SCENE","NO INJURY / DRIVE AWAY",,,,"$501 - $1,500","2024-06-03T15:16:00.000","FAILING TO REDUCE SPEED TO AVOID CRASH","NOT APPLICABLE","1548","W","MARQUETTE RD","725",,"Y",,,,,"2","NO INDICATION OF INJURY","0","0","0","0","0","2","0","15","2","6","41.772309632","-87.663540324","POINT (-87.663540324241 41.772309632243)"
"0d1570c1e238060b58c8da42984c4b4fe9a61844387e7ceb51fe89b9a0811159107b31091d8e16e042332602a8e1db9b316bf4958a96d928cc65d90db0b09f97",,"2024-06-03T14:56:00.000","30","TRAFFIC SIGNAL","FUNCTIONING PROPERLY","CLEAR","DAYLIGHT","REAR END","FOUR WAY",,"STRAIGHT AND LEVEL","DRY","NO DEFECTS",,"INJURY AND / OR TOW DUE TO CRASH","Y",,,"OVER $1,500","2024-06-03T16:10:00.000","FOLLOWING TOO CLOSELY","FOLLOWING TOO CLOSELY","47","W","IDA B WELLS DR","123",,,,,,,"2","NONINCAPACITATING INJURY","1","0","0","1","0","2","0","14","2","6","41.875515516","-87.629377415","POINT (-87.629377415485 41.875515516062)"
"d5e46369de200d39da8991a3e70d5f08e0497ca24be3f9eb9a68615d894b519f8720bd2057249d6ded6588541fc8b776eb6037b548fe1a23ce2cf0b7ab491736",,"2024-06-03T14:41:00.000","30","UNKNOWN","UNKNOWN","UNKNOWN","UNKNOWN","SIDESWIPE SAME DIRECTION","NOT DIVIDED",,"STRAIGHT AND LEVEL","UNKNOWN","UNKNOWN","NOT ON SCENE (DESK REPORT)","NO INJURY / DRIVE AWAY",,,,"$501 - $1,500","2024-06-03T15:55:00.000","DRIVING SKILLS/KNOWLEDGE/EXPERIENCE","UNABLE TO DETERMINE","2301","S","DR MARTIN LUTHER KING JR DR","132",,,,,,,"2","NO INDICATION OF INJURY","0","0","0","0","0","2","0","14","2","6","41.851199837","-87.618819484","POINT (-87.618819484211 41.851199836578)"
"6174747493d5d9b5991ba1f9638ca619fe985c308ea3967142339da4bc9d18512e1a9edd8e9c7d91f550206850996da9674f4ea03b29e2281ec05e0773ec130c",,"2024-06-03T14:40:00.000","30","TRAFFIC SIGNAL","FUNCTIONING PROPERLY","CLEAR","DAYLIGHT","REAR END","NOT DIVIDED",,"STRAIGHT AND LEVEL","DRY","NO DEFECTS","NOT ON SCENE (DESK REPORT)","NO INJURY / DRIVE AWAY",,,,"OVER $1,500","2024-06-03T15:00:00.000","DISTRACTION - FROM INSIDE VEHICLE","UNABLE TO DETERMINE","2160","S","ARCHER AVE","914",,,,,,,"2","NO INDICATION OF INJURY","0","0","0","0","0","2","0","14","2","6","41.853304512","-87.634176883","POINT (-87.634176883447 41.853304512107)"
"76b7a3b8b55541f5104376188356fe8ca85d647e71504b7fd90cc122023d1c6406391a693752d6cd852a602b718c23f8c7b1a3afb96c282729269558f146ff3b",,"2024-06-03T14:40:00.000","30","TRAFFIC SIGNAL","FUNCTIONING PROPERLY","CLEAR","DAYLIGHT","TURNING","NOT DIVIDED",,"STRAIGHT AND LEVEL","DRY","UNKNOWN","ON SCENE","NO INJURY / DRIVE AWAY",,,,"OVER $1,500","2024-06-03T14:47:00.000","DRIVING SKILLS/KNOWLEDGE/EXPERIENCE","NOT APPLICABLE","2125","S","CANAL ST","914",,,,,,,"2","NO INDICATION OF INJURY","0","0","0","0","0","2","0","14","2","6","41.853593753","-87.638412968","POINT (-87.638412968329 41.853593753059)"
"45d73c8d5b25f8edfb9d0378b81d0a887beab9790a575a9325c6e4efb66ea93486eda07aefe6e105c99f7e33f7a6621cdded9b75dadddafdf18c6b3498889c00",,"2024-06-03T14:32:00.000","30","NO CONTROLS","NO CONTROLS","CLEAR","DAYLIGHT","PARKED MOTOR VEHICLE","NOT DIVIDED",,"STRAIGHT AND LEVEL","DRY","NO DEFECTS","NOT ON SCENE (DESK REPORT)","NO INJURY / DRIVE AWAY",,,,"$501 - $1,500","2024-06-04T20:22:00.000","NOT APPLICABLE","NOT APPLICABLE","3018","W","45TH ST","922",,,,,,,"2","NO INDICATION OF INJURY","0","0","0","0","0","2","0","14","2","6","41.811932028","-87.700101427","POINT (-87.700101427301 41.811932028378)"
"f5da3d37bc816e7bc2439f61a1ed34217ce961313e88cd8251d3a031da4674a3bdd0837e59a022105acb8d83e61a9eeefb9561ba18d4e4575dfd962fe72b5bdf",,"2024-06-03T14:32:00.000","30","TRAFFIC SIGNAL","FUNCTIONING PROPERLY","CLEAR","DAYLIGHT","SIDESWIPE SAME DIRECTION","NOT DIVIDED",,"STRAIGHT AND LEVEL","DRY","NO DEFECTS","NOT ON SCENE (DESK REPORT)","NO INJURY / DRIVE AWAY",,,,"$500 OR LESS","2024-06-03T15:20:00.000","IMPROPER OVERTAKING/PASSING","NOT APPLICABLE","1977","N","MILWAUKEE AVE","1434",,,,,,,"2","NO INDICATION OF INJURY","0","0","0","0","0","3","0","14","2","6","41.917497037","-87.68825459","POINT (-87.688254589607 41.917497036881)"
"38c47728f426a8649af01da498cfe60b6d361a7c7013eb4c596fa948f6a021c1cbde8631096432488fe883b850e59633dff7c231c1839bdad351386d485855aa",,"2024-06-03T14:31:00.000","30","NO CONTROLS","NO CONTROLS","CLEAR","DAYLIGHT","SIDESWIPE SAME DIRECTION","ONE-WAY",,"STRAIGHT AND LEVEL","DRY","NO DEFECTS","ON SCENE","INJURY AND / OR TOW DUE TO CRASH",,,,"OVER $1,500","2024-06-03T15:01:00.000","FAILING TO YIELD RIGHT-OF-WAY","FAILING TO YIELD RIGHT-OF-WAY","2517","W","DIVERSEY AVE","1411",,,,,,,"2","NO INDICATION OF INJURY","0","0","0","0","0","2","0","14","2","6","41.93203201","-87.691138244","POINT (-87.691138243967 41.932032010492)"
"44f74450fa35a692e79494302a3050be6be82a0922b0214f643a8b4979dfcc3a07d2b1ebcfab5b68da715caf196262e6684d5dc3eadb66655d28d6f36155660c",,"2024-06-03T14:30:00.000","30","TRAFFIC SIGNAL","FUNCTIONING PROPERLY","CLEAR","DAYLIGHT","PARKED MOTOR VEHICLE","NOT DIVIDED",,"STRAIGHT AND LEVEL","DRY","NO DEFECTS","ON SCENE","INJURY AND / OR TOW DUE TO CRASH","Y",,"Y","OVER $1,500","2024-06-03T14:30:00.000","UNABLE TO DETERMINE","NOT APPLICABLE","104","E","26TH ST","133",,,,,,,"2","NO INDICATION OF INJURY","0","0","0","0","0","1","0","14","2","6","41.845754543","-87.623199317","POINT (-87.623199316593 41.845754542624)"
"c73c72a0e1c5444dfb1f75be5efe15f07f9fcf642172653c215b91c70cda32bdf8b7c2e9ee0ba301f8d2c0eaeeca2be7b6109957f8381a40818b5d44356fa506",,"2024-06-03T14:30:00.000","35","TRAFFIC SIGNAL","FUNCTIONING PROPERLY","CLEAR","DAYLIGHT","ANGLE","NOT DIVIDED",,"STRAIGHT AND LEVEL","DRY","NO DEFECTS","ON SCENE","INJURY AND / OR TOW DUE TO CRASH","Y",,,"OVER $1,500","2024-06-03T14:45:00.000","FAILING TO REDUCE SPEED TO AVOID CRASH","FAILING TO REDUCE SPEED TO AVOID CRASH","5700","S","DAMEN AVE","715",,,,,,,"2","NONINCAPACITATING INJURY","1","0","0","1","0","1","0","14","2","6","41.79017832","-87.674339438","POINT (-87.674339438402 41.790178320284)"
"5e0e36adc196f12054d533e668598648a02b2a9fb7e4d389e9a5309f711c735bf61558bd63bcb9074643be6cdac9e7e557691a051f8c27e00c414ea0c85a4026",,"2024-06-03T14:25:00.000","3","STOP SIGN/FLASHER","OTHER","CLEAR","DAYLIGHT","TURNING","FOUR WAY",,"STRAIGHT AND LEVEL","DRY","NO DEFECTS","ON SCENE","INJURY AND / OR TOW DUE TO CRASH","Y",,,"OVER $1,500","2024-06-03T14:27:00.000","UNABLE TO DETERMINE","UNABLE TO DETERMINE","936","S","PAULINA ST","1231",,,,,,,"2","NO INDICATION OF INJURY","0","0","0","0","0","2","0","14","2","6","41.869336411","-87.669116863","POINT (-87.669116862961 41.869336411414)"
"7f99b8c1e905f293cad522884bcc71abcf0d442ee8ebf61a15c360dee8a467d9d9b904b1fcdeb7bacd34f27bee5a7f59915c27d07fbba465d06fa3542133f289",,"2024-06-03T14:20:00.000","30","UNKNOWN","FUNCTIONING PROPERLY","CLEAR","DAYLIGHT","TURNING","CENTER TURN LANE",,"STRAIGHT AND LEVEL","DRY","NO DEFECTS","NOT ON SCENE (DESK REPORT)","NO INJURY / DRIVE AWAY","N",,"Y","OVER $1,500","2024-06-03T22:30:00.000","IMPROPER TURNING/NO SIGNAL","NOT APPLICABLE","5500","S","ASHLAND AVE","715",,,,,,,"2","NO INDICATION OF INJURY","0","0","0","0","0","2","0","14","2","6","41.793590116","-87.664720996","POINT (-87.664720995935 41.793590115883)"
"97916804efba848f2652d369c7acb48cd90c01196548f4aafa4dadd92e61e3889dc61ccc09d01046990acbf2ae6002916e78bad702f2d6a85f94f5d9216b579d",,"2024-06-03T14:15:00.000","35","NO CONTROLS","NO CONTROLS","CLEAR","DAYLIGHT","PARKED MOTOR VEHICLE","PARKING LOT",,"STRAIGHT AND LEVEL","DRY","NO DEFECTS","NOT ON SCENE (DESK REPORT)","NO INJURY / DRIVE AWAY",,"Y",,"OVER $1,500","2024-06-04T16:10:00.000","DRIVING SKILLS/KNOWLEDGE/EXPERIENCE","UNABLE TO DETERMINE","8100","S","COTTAGE GROVE AVE","631",,,,,,,"2","NO INDICATION OF INJURY","0","0","0","0","0","1","0","14","2","6","41.747533286","-87.605278801","POINT (-87.605278800842 41.747533286283)"
"a2f25ba2bc1dbd5b21abf314357f96688d376fdc5813eef89a9b53eaf45a6fb77d0d3c01cd77401cb5c2c0f8150876b6464bdcd69ee259aa17c04fd04afae49c",,"2024-06-03T14:15:00.000","30","TRAFFIC SIGNAL","FUNCTIONING PROPERLY","CLEAR","DAYLIGHT","REAR END","FOUR WAY",,"STRAIGHT AND LEVEL","DRY","NO DEFECTS","NOT ON SCENE (DESK REPORT)","NO INJURY / DRIVE AWAY","Y",,,"OVER $1,500","2024-06-03T15:00:00.000","FOLLOWING TOO CLOSELY","UNABLE TO DETERMINE","2548","W","111TH ST","2212",,,,,,,"2","NO INDICATION OF INJURY","0","0","0","0","0","2","0","14","2","6","41.691857735","-87.685487979","POINT (-87.685487978931 41.691857735289)"
"3d6ce3b210fc1e71a54d9d6259dc24587e523c36149d12940889646d0e7b1725cf3a157f346a7f68c7826b639a17d78201fde2aa3e9fa41891ce480c3ef6daea",,"2024-06-03T14:10:00.000","20","NO CONTROLS","NO CONTROLS","CLEAR","DAYLIGHT","PARKED MOTOR VEHICLE","PARKING LOT",,"STRAIGHT AND LEVEL","DRY","NO DEFECTS","ON SCENE","NO INJURY / DRIVE AWAY",,"Y",,"OVER $1,500","2024-06-03T14:15:00.000","IMPROPER TURNING/NO SIGNAL","NOT APPLICABLE","4035","S","WABASH AVE","213",,,,,,,"2","NO INDICATION OF INJURY","0","0","0","0","0","1","0","14","2","6","41.820907811","-87.624617193","POINT (-87.624617193198 41.820907811465)"
"e0b8a549705caafb32f896aefb0e8ded94485226150e0fd49c60749b25cd0128bc2f8162434c0a56d777e510d22dcd317c19abf77e303605d9de8452ec0fe426",,"2024-06-03T14:00:00.000","30","NO CONTROLS","NO CONTROLS","CLEAR","DAYLIGHT","TURNING","NOT DIVIDED",,"STRAIGHT AND LEVEL","DRY","NO DEFECTS","NOT ON SCENE (DESK REPORT)","NO INJURY / DRIVE AWAY",,,,"OVER $1,500","2024-06-04T07:30:00.000","UNABLE TO DETERMINE","UNABLE TO DETERMINE","5300","S","PULASKI RD","815",,,,,,,"2","NO INDICATION OF INJURY","0","0","0","0","0","3","0","14","2","6","41.796754572","-87.72340922","POINT (-87.7234092203 41.796754571853)"
"fac37fb9b19286751791ae2a19ffcf5a211f9853b1b059591014570239ba1ba00771e4b2ebf26c19bafed4b7c7b317ad344fd0095e7a47b1c496008976bc0a73",,"2024-06-03T14:00:00.000","30","NO CONTROLS","NO CONTROLS","CLEAR","DAYLIGHT","SIDESWIPE SAME DIRECTION","NOT DIVIDED",,"STRAIGHT AND LEVEL","DRY","NO DEFECTS","ON SCENE","NO INJURY / DRIVE AWAY",,,"Y","$500 OR LESS","2024-06-03T16:45:00.000","IMPROPER LANE USAGE","UNABLE TO DETERMINE","5336","W","VETERANS PL","1623",,,,,,,"2","NO INDICATION OF INJURY","0","0","0","0","0","2","0","14","2","6","41.969355448","-87.761574397","POINT (-87.761574396764 41.969355448432)"
"d2987dd8286c34265a8d3fc6e67df913e66c59da2b42c623845065a9bc5ed30fd4fa4611efc93fab99eea13820973bee57ed20474eaaa3276c272bbf9cd9fe6d",,"2024-06-03T13:55:00.000","30","NO CONTROLS","NO CONTROLS","CLEAR","DAYLIGHT","TURNING","NOT DIVIDED",,"STRAIGHT AND LEVEL","DRY","NO DEFECTS","ON SCENE","INJURY AND / OR TOW DUE TO CRASH",,,,"OVER $1,500","2024-06-03T14:43:00.000","FAILING TO YIELD RIGHT-OF-WAY","UNABLE TO DETERMINE","6213","N","MC CORMICK RD","1711",,,,,,,"2","NO INDICATION OF INJURY","0","0","0","0","0","2","0","13","2","6","41.994752638","-87.713676437","POINT (-87.713676437375 41.994752637525)"
"611838fb26fae67735c53a9a92621e16ea2c60a0de9de80716a9f3cb034a8424528f458348ee2c3c4f5eac64af97864a62c8c75dd4e18086604f309c9264ce47",,"2024-06-03T13:50:00.000","30","UNKNOWN","UNKNOWN","UNKNOWN","UNKNOWN","REAR TO FRONT","NOT DIVIDED",,"STRAIGHT AND LEVEL","UNKNOWN","UNKNOWN","NOT ON SCENE (DESK REPORT)","NO INJURY / DRIVE AWAY",,,,"$500 OR LESS","2024-06-03T14:35:00.000","UNABLE TO DETERMINE","UNABLE TO DETERMINE","6401","N","RIDGE BLVD","2432",,,,,,,"2","NO INDICATION OF INJURY","0","0","0","0","0","2","0","13","2","6","41.998088917","-87.676740368","POINT (-87.676740368289 41.998088916541)"
"4d04679358286cd9b3e7c21b8e2816798008e539c7c98ea1fa4b1b737e923d9232a89595199148b821b2493951c55be91e5b134f8a6a4520eba197f392527a12",,"2024-06-03T13:30:00.000","30","NO CONTROLS","NO CONTROLS","CLEAR","DAYLIGHT","PARKED MOTOR VEHICLE","NOT DIVIDED",,"STRAIGHT AND LEVEL","DRY","NO DEFECTS","NOT ON SCENE (DESK REPORT)","NO INJURY / DRIVE AWAY",,,"Y","$501 - $1,500","2024-06-03T18:42:00.000","NOT APPLICABLE","NOT APPLICABLE","4716","S","LAWNDALE AVE","821",,,,,,,"2","NO INDICATION OF INJURY","0","0","0","0","0","1","0","13","2","6","41.807427621","-87.71636059","POINT (-87.716360590223 41.807427621322)"
"a393cb3711fed4c3955d43be83d8b2400f5a1cd77b4b0757aeead7d86ad8fd11ed63a35add176f78b6a86835ecda94cddbea89f47687bd805a8e1fb7580ff595",,"2024-06-03T13:29:00.000","30","TRAFFIC SIGNAL","FUNCTIONING PROPERLY","CLEAR","DAYLIGHT","REAR END","DIVIDED - W/MEDIAN (NOT RAISED)",,"STRAIGHT AND LEVEL","DRY","NO DEFECTS","ON SCENE","INJURY AND / OR TOW DUE TO CRASH",,,,"$500 OR LESS","2024-06-03T13:31:00.000","UNABLE TO DETERMINE","NOT APPLICABLE","2455","N","MILWAUKEE AVE","1414",,,,,,,"2","REPORTED, NOT EVIDENT","1","0","0","0","1","1","0","13","2","6","41.925919339","-87.702035843","POINT (-87.702035843286 41.925919339095)"
"501e7a6db5b2f50e8f1b66dd704274f20eaf26279f81e3575eadb8ff677a8418266ad9401bbfd5a59dea0edc49b7b84210d137b9e2e9210cda2ad0ebb932ac9c",,"2024-06-03T13:25:00.000","30","STOP SIGN/FLASHER","FUNCTIONING PROPERLY","CLEAR","DAYLIGHT","ANGLE","NOT DIVIDED",,"STRAIGHT AND LEVEL","DRY","NO DEFECTS","NOT ON SCENE (DESK REPORT)","NO INJURY / DRIVE AWAY",,,,"$501 - $1,500","2024-06-03T14:07:00.000","DISREGARDING STOP SIGN","NOT APPLICABLE","2899","W","59TH ST","824",,,,,,,"2","NO INDICATION OF INJURY","0","0","0","0","0","2","0","13","2","6","41.786258013","-87.695968974","POINT (-87.695968974415 41.786258012505)"
"789eee525c7590d8cae053733af48ddbd1b7b08a43a0e7778d0fc68caf527828858af66ffb8e2bf6890794a61a06a80a3e145ab016c36f1558bc727197760db6",,"2024-06-03T13:20:00.000","30","STOP SIGN/FLASHER","FUNCTIONING PROPERLY","CLEAR","DAYLIGHT","TURNING","FOUR WAY",,"STRAIGHT AND LEVEL","UNKNOWN","UNKNOWN","NOT ON SCENE (DESK REPORT)","NO INJURY / DRIVE AWAY","Y",,,"OVER $1,500","2024-06-03T13:35:00.000","IMPROPER TURNING/NO SIGNAL","IMPROPER OVERTAKING/PASSING","749","S","CICERO AVE","1131",,,,,,,"2","NO INDICATION OF INJURY","0","0","0","0","0","2","0","13","2","6","41.870826014","-87.744767639","POINT (-87.744767638847 41.870826014449)"
"78b8cb8cf4dfd2a182f487c836f18e4fa1baec77e479db9916385ae1f6c08677f37e3a7125225125c842ede271e5322db5c26ad7afd09dda934fb57d04bad1d2",,"2024-06-03T13:20:00.000","30","TRAFFIC SIGNAL","FUNCTIONING PROPERLY","CLEAR","DAYLIGHT","FIXED OBJECT","NOT DIVIDED",,"STRAIGHT AND LEVEL","DRY","NO DEFECTS","ON SCENE","NO INJURY / DRIVE AWAY","Y",,,"$501 - $1,500","2024-06-03T13:20:00.000","IMPROPER TURNING/NO SIGNAL","NOT APPLICABLE","438","W","FULLERTON PKWY","1935","Y",,,,,,"1","NO INDICATION OF INJURY","0","0","0","0","0","1","0","13","2","6","41.9256904","-87.640745869","POINT (-87.640745869086 41.925690399703)"
"626f3a50908b73c2da081b2f13fe9f0de595354b1af2dde9754e4332cb1a07bc389fbb939079954e64284ada81124c08be10f728c772e3667d9ba8df8d0931ce",,"2024-06-03T13:17:00.000","15","NO CONTROLS","NO CONTROLS","CLEAR","DAYLIGHT","TURNING","NOT DIVIDED",,"STRAIGHT AND LEVEL","DRY","NO DEFECTS","NOT ON SCENE (DESK REPORT)","NO INJURY / DRIVE AWAY",,,,"$501 - $1,500","2024-06-03T17:55:00.000","FAILING TO YIELD RIGHT-OF-WAY","DRIVING SKILLS/KNOWLEDGE/EXPERIENCE","5137","S","LOTUS AVE","814",,,,,,,"2","NO INDICATION OF INJURY","0","0","0","0","0","2","0","13","2","6","41.799000496","-87.758670363","POINT (-87.758670363177 41.799000495558)"
"afb103978d36ed77b6d8851b6ca0bf7144d3e2b7ba0012ab04b982c5746ac14f70e2b39aef86059e0b48d20ee65bde3b1c1518f4fcd416e28c0e3ddf415156cc",,"2024-06-03T13:15:00.000","25","STOP SIGN/FLASHER","FUNCTIONING PROPERLY","CLEAR","DAYLIGHT","TURNING","NOT DIVIDED",,"STRAIGHT AND LEVEL","DRY","NO DEFECTS","NOT ON SCENE (DESK REPORT)","NO INJURY / DRIVE AWAY","Y",,,"$501 - $1,500","2024-06-03T13:51:00.000","DRIVING SKILLS/KNOWLEDGE/EXPERIENCE","UNABLE TO DETERMINE","5902","S","ST LOUIS AVE","822",,,,,,,"2","NO INDICATION OF INJURY","0","0","0","0","0","2","0","13","2","6","41.786013408","-87.710787594","POINT (-87.710787593585 41.78601340756)"
"8c05ae1b869ff000cb8237d6a71feaa2c8e7d1f826eb0e74769c6b9b1e4aff64751369cc2357b3c055cb2a135a6b8beae03c96310d3bc20f61910755d9930dfa",,"2024-06-03T13:10:00.000","30","TRAFFIC SIGNAL","FUNCTIONING PROPERLY","CLEAR","DAYLIGHT","TURNING","FOUR WAY",,"STRAIGHT AND LEVEL","DRY","NO DEFECTS","NOT ON SCENE (DESK REPORT)","NO INJURY / DRIVE AWAY","Y",,"Y","OVER $1,500","2024-06-03T15:30:00.000","UNABLE TO DETERMINE","NOT APPLICABLE","1600","W","119TH ST","2234",,,,,,,"2","NO INDICATION OF INJURY","0","0","0","0","0","2","0","13","2","6","41.677653561","-87.66138892","POINT (-87.661388920263 41.6776535606)"
"77789a6c8467102773157a64dd82092ed3b938a43a43e4998c466ac8cbda2bfe89675b6e6b4026d3753f7dc1bae34c4e407fa746b11b532355c73c00ea260bf5",,"2024-06-03T13:08:00.000","30","NO CONTROLS","NO CONTROLS","CLEAR","DAYLIGHT","SIDESWIPE OPPOSITE DIRECTION","NOT DIVIDED",,"STRAIGHT AND LEVEL","DRY","NO DEFECTS","ON SCENE","INJURY AND / OR TOW DUE TO CRASH",,,,"OVER $1,500","2024-06-03T13:15:00.000","UNABLE TO DETERMINE","NOT APPLICABLE","1050","W","BRYN MAWR AVE","2022",,,,,,,"2","NONINCAPACITATING INJURY","2","0","0","1","1","3","0","13","2","6","41.983781876","-87.657232376","POINT (-87.657232376165 41.983781875954)"
"7512cc9055b2aba0919e4ab6b6786a053e957aacba70ff9c58ba2c3bad02312289e9b3e67eb9347a28c780cc39a57c2cdb698b3c11eb59df854198eac1ac1040",,"2024-06-03T13:03:00.000","30","NO CONTROLS","NO CONTROLS","CLEAR","DAYLIGHT","TURNING","DIVIDED - W/MEDIAN (NOT RAISED)",,"STRAIGHT AND LEVEL","UNKNOWN","UNKNOWN","NOT ON SCENE (DESK REPORT)","NO INJURY / DRIVE AWAY",,,"Y","OVER $1,500","2024-06-03T13:35:00.000","UNABLE TO DETERMINE","NOT APPLICABLE","6936","W","GRAND AVE","2512",,,,,,,"2","NO INDICATION OF INJURY","0","0","0","0","0","2","0","13","2","6","41.923676618","-87.799156368","POINT (-87.799156368144 41.923676617776)"
"307e8de3eb7035e71f41f0ecac7d965d20cf07aea9786a566c289864b60e9a867335733730181084d3340d7f1f836b67fd8d043602b1d4806948904ab497059c",,"2024-06-03T13:00:00.000","30","NO CONTROLS","NO CONTROLS","CLEAR","DAYLIGHT","TURNING","DIVIDED - W/MEDIAN (NOT RAISED)",,"STRAIGHT AND LEVEL","DRY","NO DEFECTS","ON SCENE","INJURY AND / OR TOW DUE TO CRASH",,,,"OVER $1,500","2024-06-03T13:01:00.000","FAILING TO YIELD RIGHT-OF-WAY","UNABLE TO DETERMINE","5300","S","PULASKI RD","815",,,,,,,"2","NO INDICATION OF INJURY","0","0","0","0","0","6","0","13","2","6","41.796754572","-87.72340922","POINT (-87.7234092203 41.796754571853)"
"35baa803996c0cc3f19a870fc1b8b77fb3d9154372a0a3ef61735ea1480d9f415ffac35bb5567c81fad8ef3afdfc76d2b67cc2f36dbf688ebc07056d2d373c8b",,"2024-06-03T13:00:00.000","30","TRAFFIC SIGNAL","FUNCTIONING PROPERLY","CLEAR","DAYLIGHT","SIDESWIPE SAME DIRECTION","NOT DIVIDED",,"STRAIGHT AND LEVEL","DRY","NO DEFECTS","ON SCENE","NO INJURY / DRIVE AWAY",,,"Y","$501 - $1,500","2024-06-03T13:10:00.000","UNABLE TO DETERMINE","NOT APPLICABLE","5801","N","NAGLE AVE","1622",,,,,,,"2","NO INDICATION OF INJURY","0","0","0","0","0","2","0","13","2","6","41.986604142","-87.787518889","POINT (-87.787518888866 41.986604141544)"
"9dfd87f2025b100e2d93869d1057095ae31eaaed4d541d7287a12c80af613b692ac23bbd61f6b49e232f2a0169749df101cbfccd6728d23cb3dc3e133e7fa01d",,"2024-06-03T13:00:00.000","30","NO CONTROLS","NO CONTROLS","UNKNOWN","DAYLIGHT","ANGLE","NOT DIVIDED",,"STRAIGHT AND LEVEL","UNKNOWN","UNKNOWN","ON SCENE","NO INJURY / DRIVE AWAY",,,"Y","$501 - $1,500","2024-06-03T15:05:00.000","FAILING TO YIELD RIGHT-OF-WAY","NOT APPLICABLE","6854","W","GRAND AVE","2512",,,,,,,"2","NO INDICATION OF INJURY","0","0","0","0","0","2","0","13","2","6","41.923691374","-87.797376531","POINT (-87.797376531217 41.92369137404)"
"0e5e7b668b5494f2807e2c7f45703e4aeb4e0ab97a8f9b6fd726cb35e637267059651263bd358ae0f5b30245aab16ff5a50d961ce3db261950b47432d46de4ef",,"2024-06-03T12:59:00.000","15","UNKNOWN","UNKNOWN","CLEAR","DAYLIGHT","PARKED MOTOR VEHICLE","ONE-WAY",,"STRAIGHT AND LEVEL","DRY","UNKNOWN","NOT ON SCENE (DESK REPORT)","NO INJURY / DRIVE AWAY",,,,"OVER $1,500","2024-06-03T18:00:00.000","UNABLE TO DETERMINE","NOT APPLICABLE","343","W","93RD ST","634",,,,,,,"2","NO INDICATION OF INJURY","0","0","0","0","0","1","0","12","2","6","41.725652345","-87.632298931","POINT (-87.632298930629 41.725652344905)"