"crash_record_id","crash_date_est_i","crash_date","posted_speed_limit","traffic_control_device","device_condition","weather_condition","lighting_condition","first_crash_type","trafficway_type","lane_cnt","alignment","roadway_surface_cond","road_defect","report_type","crash_type","intersection_related_i","private_property_i","hit_and_run_i","damage","date_police_notified","prim_contributory_cause","sec_contributory_cause","street_no","street_direction","street_name","beat_of_occurrence","photos_taken_i","statements_taken_i","dooring_i","work_zone_i","work_zone_type","workers_present_i","num_units","most_severe_injury","injuries_total","injuries_fatal","injuries_incapacitating","injuries_non_incapacitating","injuries_reported_not_evident","injuries_no_indication","injuries_unknown","crash_hour","crash_day_of_week","crash_month","latitude","longitude","location"
"d84f2a19741569c75a8d64edf6f766497457650119785d03ce7647f5c040f6d83282ccad46c9f58685562e79bd1f32c949fa0879a468a5831d4356a58347234c",,"2024-06-03T12:45:00.000","30","UNKNOWN","UNKNOWN","CLEAR","DAYLIGHT","SIDESWIPE SAME DIRECTION","DIVIDED - W/MEDIAN (NOT RAISED)",,"STRAIGHT AND LEVEL","UNKNOWN","UNKNOWN","NOT ON SCENE (DESK REPORT)","NO INJURY / DRIVE AWAY",,,,"OVER $1,500","2024-06-03T16:30:00.000","IMPROPER TURNING/NO SIGNAL","NOT APPLICABLE","557","N","PULASKI RD","1122",,,,,,,"2","NO INDICATION OF INJURY","0","0","0","0","0","4","0","12","2","6","41.891547225","-87.725820218","POINT (-87.725820217718 41.891547225006)"
"b032e8f36d15929ce15c692fb54234291230d88422ea6a055244c2645a7e7698c410a54706e0ff0f1cfba4bfba46ed5edd6fdfc95f30943d2da651582b1f5ec3",,"2024-06-03T12:40:00.000","15","UNKNOWN","UNKNOWN","UNKNOWN","UNKNOWN","SIDESWIPE SAME DIRECTION","PARKING LOT",,"STRAIGHT AND LEVEL","UNKNOWN","UNKNOWN","NOT ON SCENE (DESK REPORT)","NO INJURY / DRIVE AWAY",,"Y","Y","$500 OR LESS","2024-06-03T13:43:00.000","UNABLE TO DETERMINE","UNABLE TO DETERMINE","6350","N","BROADWAY","2433",,,,,,,"2","NO INDICATION OF INJURY","0","0","0","0","0","2","0","12","2","6","41.997864291","-87.660658276","POINT (-87.660658276141 41.997864290687)"
"c6e5a5e25dd4815f08972883120fbee494ec8e23bb6761d226f3313e9aad4045f6a159af68e313ca792629caf6aacc1c01ef00277b034fffc221354a90617fa1",,"2024-06-03T12:40:00.000","30","NO CONTROLS","NO CONTROLS","CLEAR","DAYLIGHT","TURNING","DIVIDED - W/MEDIAN (NOT RAISED)",,"STRAIGHT AND LEVEL","DRY","NO DEFECTS","NOT ON SCENE (DESK REPORT)","NO INJURY / DRIVE AWAY",,,,"OVER $1,500","2024-06-03T16:08:00.000","IMPROPER LANE USAGE","NOT APPLICABLE","547","N","PULASKI RD","1122",,,,,,,"2","NO INDICATION OF INJURY","0","0","0","0","0","3","0","12","2","6","41.891262623","-87.725814518","POINT (-87.725814517662 41.891262622944)"
"495740ce803925ac66d84cfd3de50c5e599e8a0ac750f95b4070419a658de6f8fae66ec8470a137b7c7e6b608a7999a8652119fbbb1f37b526555cc1311cbc5d",,"2024-06-03T12:37:00.000","10","NO CONTROLS","NO CONTROLS","CLEAR","DAYLIGHT","SIDESWIPE SAME DIRECTION","OTHER",,"STRAIGHT AND LEVEL","DRY","NO DEFECTS","NOT ON SCENE (DESK REPORT)","NO INJURY / DRIVE AWAY",,"Y",,"$501 - $1,500","2024-06-03T14:00:00.000","FAILING TO YIELD RIGHT-OF-WAY","DRIVING SKILLS/KNOWLEDGE/EXPERIENCE","400","E","95TH ST","633",,,,,,,"2","NO INDICATION OF INJURY","0","0","0","0","0","2","0","12","2","6","41.722003125","-87.614085636","POINT (-87.614085636296 41.722003125289)"
"1fd052cc69283364328cb076890c575b47548bee80d613335988373769b881c3262fb8609dc136790dc6b5976733c698f73b77c78e8912267917e52f6a4c5db5",,"2024-06-03T12:30:00.000","30","TRAFFIC SIGNAL","FUNCTIONING PROPERLY","RAIN","DAYLIGHT","REAR END","ONE-WAY",,"STRAIGHT AND LEVEL","DRY","NO DEFECTS","NOT ON SCENE (DESK REPORT)","NO INJURY / DRIVE AWAY",,,,"OVER $1,500","2024-06-03T14:30:00.000","DISTRACTION - FROM INSIDE VEHICLE","NOT APPLICABLE","48","E","GARFIELD BLVD","225",,,,,,,"2","NO INDICATION OF INJURY","0","0","0","0","0","4","0","12","2","6","41.794777233","-87.623919354","POINT (-87.623919353854 41.794777232849)"
"64f47f59bb1833d5634623abd018e45683639312905ff87ef2f6ddb14268b625622ec95457b2ee3d2f7d3faae7a2b3adce2d38002747059e97f78eb388e9620f",,"2024-06-03T12:30:00.000","35","NO CONTROLS","NO CONTROLS","CLEAR","DAYLIGHT","SIDESWIPE SAME DIRECTION","NOT DIVIDED",,"STRAIGHT AND LEVEL","DRY","UNKNOWN","NOT ON SCENE (DESK REPORT)","INJURY AND / OR TOW DUE TO CRASH",,,,"OVER $1,500","2024-06-03T14:00:00.000","IMPROPER LANE USAGE","UNABLE TO DETERMINE","8050","S","ASHLAND AVE","611",,,,,,,"2","REPORTED, NOT EVIDENT","1","0","0","0","1","1","0","12","2","6","41.747028485","-87.663498441","POINT (-87.663498440952 41.747028485092)"
"ada41d775478e9765fa28f88c055cbaf8805e9b0ae43c1ac33e6602f35677c06fec742f525003d257d9c111a8a28e2e51d1b98f94e1344cc8eb0e8555957449f","Y","2024-06-03T12:30:00.000","30","NO CONTROLS","NO CONTROLS","UNKNOWN","DAYLIGHT","REAR END","NOT DIVIDED",,"STRAIGHT AND LEVEL","UNKNOWN","UNKNOWN","NOT ON SCENE (DESK REPORT)","INJURY AND / OR TOW DUE TO CRASH",,,,"OVER $1,500","2024-06-05T16:00:00.000","FOLLOWING TOO CLOSELY","NOT APPLICABLE","3700","N","WESTERN AVE","1921",,,,,,,"2","NONINCAPACITATING INJURY","1","0","0","1","0","1","0","12","2","6","41.948636884","-87.688457506","POINT (-87.688457506457 41.948636883802)"
"8b3448bcffb18835e091317f5ff72e089fcb9f36ff00389cf601e8673ee9795870067d432cbd70dab8680474165b76c49d4fc55a430020c83fea546e625dae6e","Y","2024-06-03T12:20:00.000","10","NO CONTROLS","NO CONTROLS","UNKNOWN","UNKNOWN","PARKED MOTOR VEHICLE","PARKING LOT",,"STRAIGHT AND LEVEL","UNKNOWN","UNKNOWN","NOT ON SCENE (DESK REPORT)","NO INJURY / DRIVE AWAY",,,,"OVER $1,500","2024-06-05T15:00:00.000","UNABLE TO DETERMINE","NOT APPLICABLE","3748","N","ELSTON AVE","1732",,,,,,,"2","NO INDICATION OF INJURY","0","0","0","0","0","1","0","12","2","6","41.949577875","-87.713366626","POINT (-87.713366625634 41.94957787541)"
"e1c4c2e4c354651a875f1b0911031beb9f0e08d55294456d44f67c5464f78388dc3bef335bdf0904cf04830689cc054fd8c2a7740c27ea76f48fe6b0e464b6ed",,"2024-06-03T12:20:00.000","35","NO CONTROLS","NO CONTROLS","CLEAR","DAYLIGHT","REAR END","ONE-WAY",,"STRAIGHT AND LEVEL","DRY","NO DEFECTS","ON SCENE","NO INJURY / DRIVE AWAY",,,,"OVER $1,500","2024-06-03T12:40:00.000","NOT APPLICABLE","NOT APPLICABLE","1957","E","71ST ST","333",,,,,,,"2","NO INDICATION OF INJURY","0","0","0","0","0","2","0","12","2","6","41.76595769","-87.576511516","POINT (-87.576511515767 41.765957689561)"
"02179ad1718553679b29f787b3eca48c3116e6319fa3c08d99337bcee686e7542bf6e00c88f94d8df989aa70337deb3bc24cad19fed5f1e8b00ca57cfa1fd9d3",,"2024-06-03T12:09:00.000","30","NO CONTROLS","NO CONTROLS","CLEAR","DAYLIGHT","SIDESWIPE SAME DIRECTION","NOT DIVIDED",,"STRAIGHT AND LEVEL","DRY","NO DEFECTS","NOT ON SCENE (DESK REPORT)","NO INJURY / DRIVE AWAY",,,,"OVER $1,500","2024-06-03T16:00:00.000","IMPROPER OVERTAKING/PASSING","IMPROPER LANE USAGE","6326","W","IRVING PARK RD","1624",,,,,,,"2","NO INDICATION OF INJURY","0","0","0","0","0","3","0","12","2","6","41.953042963","-87.785224541","POINT (-87.785224541181 41.95304296344)"
"7036da872ed766b993eb0b89b9da7d5f4415d7e8ee79517faeee4aec3fc1142ae629192b9b5d525acccbbef42349b53ebb33bc4a68f5e4e5a05522113aca53cb",,"2024-06-03T12:08:00.000","40","TRAFFIC SIGNAL","FUNCTIONING PROPERLY","CLEAR","DAYLIGHT","REAR END","DIVIDED - W/MEDIAN BARRIER",,"STRAIGHT AND LEVEL","DRY","NO DEFECTS","NOT ON SCENE (DESK REPORT)","NO INJURY / DRIVE AWAY",,,,"OVER $1,500","2024-06-03T15:16:00.000","FOLLOWING TOO CLOSELY","NOT APPLICABLE","1200","S","LAKE SHORE DR SB","132",,,,,,,"2","NO INDICATION OF INJURY","0","0","0","0","0","2","0","12","2","6","41.867484227","-87.619150383","POINT (-87.619150383382 41.867484227164)"
"efd2af53ee52240f33ce6f9356c678c62a0fab7dde38c4bc7fc2cf9e615a8e810448d4ad09e1a57fabc961512b4569772afce76c7a6f9095d42dca703295402e",,"2024-06-03T12:00:00.000","30","NO CONTROLS","NO CONTROLS","CLEAR","DAYLIGHT","PARKED MOTOR VEHICLE","PARKING LOT",,"STRAIGHT AND LEVEL","DRY","NO DEFECTS","NOT ON SCENE (DESK REPORT)","NO INJURY / DRIVE AWAY",,,"Y","OVER $1,500","2024-06-03T19:57:00.000","UNABLE TO DETERMINE","UNABLE TO DETERMINE","7601","S","CICERO AVE","833",,,,,,,"2","NO INDICATION OF INJURY","0","0","0","0","0","1","0","12","2","6","41.754660124","-87.741384759","POINT (-87.741384758605 41.754660124394)"
"b7863f6a212241b65307e3a3a3a3220529c7f5471a6cb077b491d5ba57be8b3cc9e038cb9b409addde42b506bc557119caf72ae4e85421f1e1683dc86e4c81fa",,"2024-06-03T11:58:00.000","30","TRAFFIC SIGNAL","FUNCTIONING PROPERLY","CLEAR","DAYLIGHT","TURNING","Y-INTERSECTION",,"STRAIGHT AND LEVEL","DRY","NO DEFECTS","ON SCENE","INJURY AND / OR TOW DUE TO CRASH","Y",,,"OVER $1,500","2024-06-03T12:01:00.000","UNABLE TO DETERMINE","UNABLE TO DETERMINE","829","N","MILWAUKEE AVE","1213",,,,,,,"2","NONINCAPACITATING INJURY","1","0","0","1","0","3","0","11","2","6","41.896904183","-87.656217048","POINT (-87.656217047521 41.896904183335)"
"6f2831b76c7565c22f5fe34e7a860ee8486134e38dbe9852c3efc2c5bb47d158199a4ca84733f02171cc453d1b7e41f1fdedbcceb354fabbab541dda227c21ab",,"2024-06-03T11:57:00.000","30","NO CONTROLS","NO CONTROLS","CLEAR","DAYLIGHT","TURNING","NOT DIVIDED",,"STRAIGHT AND LEVEL","DRY","NO DEFECTS","NOT ON SCENE (DESK REPORT)","INJURY AND / OR TOW DUE TO CRASH",,,,"OVER $1,500","2024-06-03T12:15:00.000","FAILING TO YIELD RIGHT-OF-WAY","FAILING TO REDUCE SPEED TO AVOID CRASH","11101","S","DOTY AVE E","434",,,,,,,"2","REPORTED, NOT EVIDENT","1","0","0","0","1","2","0","11","2","6","41.692670535","-87.596717145","POINT (-87.596717145134 41.692670535108)"
"bbeaee5ab4fa0dbec7fc97d82f8186b7a194128c7f3f3fe615664cadfaa9f23bf9c3eb6660e0d307608c22233a5fd43c125ab6fc7f9bcb3ed80aa91192b9d3c6",,"2024-06-03T11:55:00.000","30","UNKNOWN","UNKNOWN","CLEAR","DAYLIGHT","REAR TO FRONT","ONE-WAY",,"STRAIGHT AND LEVEL","DRY","NO DEFECTS","NOT ON SCENE (DESK REPORT)","NO INJURY / DRIVE AWAY",,,,"$501 - $1,500","2024-06-03T14:21:00.000","IMPROPER BACKING","IMPROPER BACKING","2237","N","CLEVELAND AVE","1812",,,,,,,"2","NO INDICATION OF INJURY","0","0","0","0","0","2","0","11","2","6","41.923015114","-87.641253601","POINT (-87.641253600838 41.923015113577)"
"1a2ca0a57bd55dc993a25fca067837b22358463564005002625925bd73107bf91cad9af32c2e9d03d2d7eef77fd4bb0d874bafee16aff49df59a3e0f71fb9409",,"2024-06-03T11:51:00.000","30","NO CONTROLS","NO CONTROLS","CLEAR","DAYLIGHT","REAR TO SIDE","DIVIDED - W/MEDIAN (NOT RAISED)",,"STRAIGHT AND LEVEL","DRY","NO DEFECTS","NOT ON SCENE (DESK REPORT)","NO INJURY / DRIVE AWAY",,,,"$501 - $1,500","2024-06-03T13:30:00.000","IMPROPER BACKING","FAILING TO REDUCE SPEED TO AVOID CRASH","802","W","HUBBARD ST","1214",,,,,,,"2","NO INDICATION OF INJURY","0","0","0","0","0","3","0","11","2","6","41.890194009","-87.647755371","POINT (-87.647755371195 41.890194009216)"
"22fe03a7cb4882cff5b927c83b87134c2e568653348f5945f827d49bb7b72c2847074d42f04a3ac9432e5765cd44937741c259fddc2688e3deaa73573eae2de0",,"2024-06-03T11:50:00.000","30","STOP SIGN/FLASHER","FUNCTIONING PROPERLY","CLEAR","DAYLIGHT","PARKED MOTOR VEHICLE","FOUR WAY",,"STRAIGHT AND LEVEL","DRY","NO DEFECTS","ON SCENE","NO INJURY / DRIVE AWAY",,,,"$500 OR LESS","2024-06-03T11:56:00.000","UNABLE TO DETERMINE","UNABLE TO DETERMINE","1032","W","ARGYLE ST","2024",,,,,,,"2","NO INDICATION OF INJURY","0","0","0","0","0","1","0","11","2","6","41.97340307","-87.656262629","POINT (-87.656262628619 41.973403069815)"
"60dd46b5984755b9e596be268910d2c2fc75acc86dc470f36989bad2e40ca1caa5227c490b3b26ec1abb48566e13fe75946158909078fe4a1ec28b2067e3db10",,"2024-06-03T11:49:00.000","30","NO CONTROLS","FUNCTIONING PROPERLY","CLEAR","DAYLIGHT","PARKED MOTOR VEHICLE","ONE-WAY",,"STRAIGHT AND LEVEL","DRY","NO DEFECTS","NOT ON SCENE (DESK REPORT)","NO INJURY / DRIVE AWAY",,,,"OVER $1,500","2024-06-03T12:40:00.000","UNABLE TO DETERMINE","NOT APPLICABLE","4325","S","RICHMOND ST","922",,,,,,,"2","NO INDICATION OF INJURY","0","0","0","0","0","1","0","11","2","6","41.814723634","-87.697942533","POINT (-87.697942533372 41.814723634239)"
"15b9cc65e0c75a9e19979c8ac100c9ea9bce31071d838d014745ad6afc91446ea3a0b7da561fee2edf52183d0fa841c5cb897398c86e6e2bd24ad42a3e371ec0",,"2024-06-03T11:45:00.000","30","NO CONTROLS","NO CONTROLS","CLEAR","DAYLIGHT","PARKED MOTOR VEHICLE","NOT DIVIDED",,"STRAIGHT AND LEVEL","DRY","NO DEFECTS","ON SCENE","NO INJURY / DRIVE AWAY",,,,"$500 OR LESS","2024-06-03T12:00:00.000","DRIVING SKILLS/KNOWLEDGE/EXPERIENCE","DRIVING SKILLS/KNOWLEDGE/EXPERIENCE","655","W","IRVING PARK RD","1925",,,,,,,"2","NO INDICATION OF INJURY","0","0","0","0","0","1","0","11","2","6","41.954493956","-87.647244331","POINT (-87.647244331225 41.954493955562)"
"b98e1e1b8920cb256fbe55499939ec838692980ebd54372f4f628ab4f845d00ee2213c9a6d44cf27aac7fe78840a5ad9ede4bf17aeb6f2e39b24d7d18e6468d3",,"2024-06-03T11:45:00.000","30","NO CONTROLS","NO CONTROLS","CLEAR","DAYLIGHT","REAR END","NOT DIVIDED",,"STRAIGHT AND LEVEL","DRY","NO DEFECTS","ON SCENE","NO INJURY / DRIVE AWAY",,,,"$501 - $1,500","2024-06-03T12:40:00.000","FOLLOWING TOO CLOSELY","NOT APPLICABLE","2324","N","CLYBOURN AVE","1811",,,,,,,"2","NO INDICATION OF INJURY","0","0","0","0","0","2","0","11","2","6","41.924168963","-87.668172074","POINT (-87.668172073724 41.924168962667)"
"e218dd012184ce7641e0e2cc9dd7defa116b64c89aefa7cb1bfe36863324ff2af1bafe701c9dac0e157759b6fe7248d00ca1051fa38371b0dbd0737450b480b3",,"2024-06-03T11:45:00.000","20","NO CONTROLS","NO CONTROLS","CLEAR","DAYLIGHT","SIDESWIPE OPPOSITE DIRECTION","ALLEY",,"STRAIGHT AND LEVEL","DRY","NO DEFECTS","NOT ON SCENE (DESK REPORT)","NO INJURY / DRIVE AWAY",,,,"OVER $1,500","2024-06-03T12:40:00.000","UNABLE TO DETERMINE","UNABLE TO DETERMINE","4915","S","PULASKI RD","821",,,,,,,"2","NO INDICATION OF INJURY","0","0","0","0","0","2","0","11","2","6","41.803689829","-87.723315563","POINT (-87.723315563044 41.803689828602)"
"f36b573f1b78a97f63e977846c94e21afc90a694a6869cc223c8f01ca461ca43c77e2e593059c0f6dbc71741bdefefa150be5960e5561d0ad29ca43a22465205",,"2024-06-03T11:41:00.000","30","STOP SIGN/FLASHER","FUNCTIONING PROPERLY","CLEAR","DAYLIGHT","SIDESWIPE SAME DIRECTION","FOUR WAY",,"STRAIGHT AND LEVEL","DRY","NO DEFECTS","ON SCENE","NO INJURY / DRIVE AWAY",,,"Y","OVER $1,500","2024-06-03T12:27:00.000","UNABLE TO DETERMINE","UNABLE TO DETERMINE","8652","S","LAFAYETTE AVE","622",,,,,,,"2","NO INDICATION OF INJURY","0","0","0","0","0","2","0","11","2","6","41.736530073","-87.625597752","POINT (-87.625597752236 41.736530073232)"
"435f9eb81d068b65ea693a899348ba378258ac74b2b60ed7251d2a114aacea20c487e7a165376cd35d65de8a3fe083d4d106ce04e5f262cfde60db749ffe39b5",,"2024-06-03T11:40:00.000","30","NO CONTROLS","NO CONTROLS","CLEAR","DAYLIGHT","PARKED MOTOR VEHICLE","PARKING LOT",,"STRAIGHT AND LEVEL","DRY","NO DEFECTS","NOT ON SCENE (DESK REPORT)","NO INJURY / DRIVE AWAY",,,,"OVER $1,500","2024-06-03T13:00:00.000","UNABLE TO DETERMINE","UNABLE TO DETERMINE","3201","W","MONROE ST","1124",,,,,,,"2","NO INDICATION OF INJURY","0","0","0","0","0","1","0","11","2","6","41.879532389","-87.707275428","POINT (-87.707275427815 41.879532388798)"
"07ef9577eec760f982fe088441b4c26e4efdebd65ba8e9f1bfb4ae480d61282f1b579ee7234ec36e5fee51a083c0924a2f40d1666da656f90e644eeedc842e31",,"2024-06-03T11:30:00.000","30","NO CONTROLS","NO CONTROLS","CLEAR","DAYLIGHT","SIDESWIPE SAME DIRECTION","ONE-WAY",,"STRAIGHT AND LEVEL","DRY","NO DEFECTS","ON SCENE","NO INJURY / DRIVE AWAY",,,,"$501 - $1,500","2024-06-03T11:52:00.000","UNABLE TO DETERMINE","UNABLE TO DETERMINE","2132","W","WASHINGTON BLVD","1223",,,,,,,"2","NO INDICATION OF INJURY","0","0","0","0","0","2","0","11","2","6","41.883194472","-87.68046649","POINT (-87.680466490216 41.883194472428)"
"10dfe6089e673fd6a8c1fe177a6b02f329b381704c67bd003b1778584db7258100979ef8b5ff6439b918e19bcad1520d93fa1cc2f9914b1c27c25ee3a8b0f2f8",,"2024-06-03T11:30:00.000","35","NO CONTROLS","NO CONTROLS","CLEAR","DAYLIGHT","REAR TO FRONT","NOT DIVIDED",,"STRAIGHT AND LEVEL","DRY","NO DEFECTS","ON SCENE","NO INJURY / DRIVE AWAY",,,"Y","OVER $1,500","2024-06-03T11:40:00.000","IMPROPER BACKING","NOT APPLICABLE","1720","W","MONTEREY AVE","2212",,,,,,,"2","NO INDICATION OF INJURY","0","0","0","0","0","2","0","11","2","6","41.690448475","-87.665438883","POINT (-87.665438883493 41.690448474832)"
"6082b57a03429e5be11fa92b15929014151ccdef709769d251aca241e164a2f6010236a0e518d6d154195150f38eecdef9b80aa20a06addbf2b068cf538a2607",,"2024-06-03T11:30:00.000","30","UNKNOWN","UNKNOWN","UNKNOWN","DAYLIGHT","REAR END","NOT DIVIDED",,"STRAIGHT AND LEVEL","UNKNOWN","UNKNOWN","NOT ON SCENE (DESK REPORT)","NO INJURY / DRIVE AWAY",,,,"OVER $1,500","2024-06-03T14:01:00.000","UNABLE TO DETERMINE","NOT APPLICABLE","2746","N","CLYBOURN AVE","1931",,,,,,,"2","NO INDICATION OF INJURY","0","0","0","0","0","2","0","11","2","6","41.931021006","-87.676864018","POINT (-87.676864018134 41.931021005798)"
"ccb99f29b470a4b8834283cc2e0b44b2c77f15b4c7ac9a1fc2953c7dffbacc5ea3039f9424f2d01963df7b782060c186de20b819eff9d433930e32b13f8770c3",,"2024-06-03T11:30:00.000","30","NO CONTROLS","NO CONTROLS","CLEAR","DAYLIGHT","REAR TO FRONT","NOT DIVIDED",,"STRAIGHT AND LEVEL","DRY","NO DEFECTS","NOT ON SCENE (DESK REPORT)","NO INJURY / DRIVE AWAY",,,,"OVER $1,500","2024-06-03T14:32:00.000","NOT APPLICABLE","NOT APPLICABLE","4905","N","CENTRAL AVE","1623",,,,,,,"2","NO INDICATION OF INJURY","0","0","0","0","0","2","0","11","2","6","41.969748223","-87.76739432","POINT (-87.767394319588 41.969748223104)"
"034e7ac3c2b24a05a8d3052d5b5ba5cc5fd5c9c7795b77443ae6bb5e073108a64e8bae8226cb6096897315267cfb692b15b842b61c04a831c505c81da2bb4755",,"2024-06-03T11:23:00.000","35","TRAFFIC SIGNAL","FUNCTIONING PROPERLY","CLEAR","DAYLIGHT","ANGLE","T-INTERSECTION",,"STRAIGHT AND LEVEL","DRY","NO DEFECTS","ON SCENE","INJURY AND / OR TOW DUE TO CRASH","Y",,,"OVER $1,500","2024-06-03T11:28:00.000","DISREGARDING TRAFFIC SIGNALS","UNABLE TO DETERMINE","5500","S","WENTWORTH AVE","225","Y","Y",,,,,"2","NO INDICATION OF INJURY","0","0","0","0","0","4","0","11","2","6",,,
"3f97afd978747c6d8d2862e00e35f16ba0c4157f06bbab70d3ec63c451f10752d873c9447a1072d31aba31ce01330d0b3dfd3e2165d4603bc72ecb8d5d8fcfff",,"2024-06-03T11:20:00.000","15","NO CONTROLS","NO CONTROLS","CLEAR","DAYLIGHT","FIXED OBJECT","PARKING LOT",,"STRAIGHT AND LEVEL","DRY","UNKNOWN","ON SCENE","NO INJURY / DRIVE AWAY",,"Y",,"OVER $1,500","2024-06-03T11:25:00.000","DRIVING SKILLS/KNOWLEDGE/EXPERIENCE","UNABLE TO DETERMINE","10459","S","MUSKEGON AVE","431",,,,,,,"3","NO INDICATION OF INJURY","0","0","0","0","0","1","0","11","2","6","41.704570092","-87.554789158","POINT (-87.554789157969 41.704570092436)"
"9961c261868027d80195304c75af166639de82b596c8d05975fa50e4df008904bcd3a2794694521950563350e3d36d1f6e76cd6619f2dea4d648696776ec933b",,"2024-06-03T11:20:00.000","30","NO CONTROLS","NO CONTROLS","CLEAR","DAYLIGHT","PARKED MOTOR VEHICLE","NOT DIVIDED",,"STRAIGHT AND LEVEL","DRY","NO DEFECTS","ON SCENE","NO INJURY / DRIVE AWAY",,,"Y","$500 OR LESS","2024-06-03T12:30:00.000","UNABLE TO DETERMINE","UNABLE TO DETERMINE","6422","S","KEDZIE AVE","823",,,,,,,"2","NO INDICATION OF INJURY","0","0","0","0","0","1","0","11","2","6","41.776342971","-87.703223708","POINT (-87.703223707555 41.776342970859)"
"3a42978741843bbbb705facdab5607b42265886edfd90fa2993c147aebad732a1e1d81eb7818a6b6bbbb4e2e99187016a3073cb15eab709202027a44858340e7",,"2024-06-03T11:15:00.000","30","TRAFFIC SIGNAL","FUNCTIONING PROPERLY","CLEAR","DAYLIGHT","REAR END","NOT DIVIDED",,"STRAIGHT AND LEVEL","DRY","NO DEFECTS","NOT ON SCENE (DESK REPORT)","NO INJURY / DRIVE AWAY",,,,"$500 OR LESS","2024-06-03T16:57:00.000","UNABLE TO DETERMINE","UNABLE TO DETERMINE","4500","S","PULASKI RD","815",,,,,,,"2","NO INDICATION OF INJURY","0","0","0","0","0","2","0","11","2","6","41.811446744","-87.723868031","POINT (-87.723868030607 41.811446743513)"
"edbeedd3dc3d28ced868ef2d617f6e9c6008c53a91de111c6ce28a5d3caea8aca0fb15eccc42f442387b720bdd1ee5424a353848a9e46d7a152773157992039b",,"2024-06-03T11:01:00.000","15","NO CONTROLS","NO CONTROLS","CLEAR","DAYLIGHT","PARKED MOTOR VEHICLE","DIVIDED - W/MEDIAN (NOT RAISED)",,"STRAIGHT AND LEVEL","DRY","NO DEFECTS","NOT ON SCENE (DESK REPORT)","NO INJURY / DRIVE AWAY",,,"Y","$501 - $1,500","2024-06-03T14:00:00.000","UNABLE TO DETERMINE","UNABLE TO DETERMINE","3745","N","LINCOLN AVE","1922",,,,,,,"2","NO INDICATION OF INJURY","0","0","0","0","0","1","0","11","2","6","41.949961171","-87.675671129","POINT (-87.675671129255 41.949961171142)"
"02765427f6aad852ee3fdf86b84b002dedeccc5292d99fcf479aa2b7f1a105133f6effded7f1d2b27b66c4acaf2b00178b6fc8739812feee5ebd4f43df40e87c",,"2024-06-03T10:55:00.000","30","TRAFFIC SIGNAL","UNKNOWN","UNKNOWN","DAYLIGHT","SIDESWIPE SAME DIRECTION","DIVIDED - W/MEDIAN (NOT RAISED)",,"STRAIGHT AND LEVEL","UNKNOWN","UNKNOWN","NOT ON SCENE (DESK REPORT)","NO INJURY / DRIVE AWAY","Y",,,"$501 - $1,500","2024-06-03T13:15:00.000","UNABLE TO DETERMINE","NOT APPLICABLE","6200","N","RAVENSWOOD AVE","2413",,,,,,,"2","NO INDICATION OF INJURY","0","0","0","0","0","2","0","10","2","6","41.994357758","-87.675539058","POINT (-87.675539058324 41.994357757823)"
"016851691012db7acf9c00612e38be45f8bce42ec03a3d85df869cfeee4aeb9cd7ca9b5867d13a25c99cfd730a904fca128843ccbde1d914443cf0eb15fe57cb",,"2024-06-03T10:30:00.000","25","NO CONTROLS","NO CONTROLS","CLEAR","DARKNESS, LIGHTED ROAD","TURNING","DIVIDED - W/MEDIAN (NOT RAISED)",,"STRAIGHT AND LEVEL","DRY","NO DEFECTS","NOT ON SCENE (DESK REPORT)","NO INJURY / DRIVE AWAY","Y",,"Y","OVER $1,500","2024-06-03T23:00:00.000","FAILING TO YIELD RIGHT-OF-WAY","IMPROPER TURNING/NO SIGNAL","7352","N","WINCHESTER AVE","2424",,,,,,,"2","NO INDICATION OF INJURY","0","0","0","0","0","2","0","10","2","6","42.015628352","-87.679219774","POINT (-87.679219773537 42.015628351843)"
"8dc14b9a92c9d4696ff32099e105bb197e59aec93724a7d0bf37be8af8457cc5ac0de0dde6a82738c4dc3bd1c148ace53bbfd83dd80d8f40f35d8413d5a39018",,"2024-06-03T10:30:00.000","30","TRAFFIC SIGNAL","FUNCTIONING PROPERLY","CLEAR","DAYLIGHT","TURNING","DIVIDED - W/MEDIAN (NOT RAISED)",,"STRAIGHT AND LEVEL","DRY","NO DEFECTS","ON SCENE","NO INJURY / DRIVE AWAY",,,,"OVER $1,500","2024-06-03T11:42:00.000","IMPROPER TURNING/NO SIGNAL","UNABLE TO DETERMINE","800","W","BELMONT AVE","1924",,,,,,,"2","NO INDICATION OF INJURY","0","0","0","0","0","2","0","10","2","6","41.940090125","-87.649309959","POINT (-87.649309959096 41.940090124848)"
"ef9954dbbbe7e2d8126edcb51a1bbb977022a0a38688cb8bc45811340a9f604a7a94b0a4933547aa5288a4e150ecfb1fd12c2a76b5d7842601f56188360ef01b",,"2024-06-03T10:30:00.000","30","STOP SIGN/FLASHER","FUNCTIONING PROPERLY","CLEAR","DAYLIGHT","PARKED MOTOR VEHICLE","ONE-WAY",,"STRAIGHT AND LEVEL","DRY","NO DEFECTS","ON SCENE","INJURY AND / OR TOW DUE TO CRASH",,,,"OVER $1,500","2024-06-03T10:38:00.000","EQUIPMENT - VEHICLE CONDITION","UNABLE TO DETERMINE","7058","S","TALMAN AVE","831",,,,,,,"3","NO INDICATION OF INJURY","0","0","0","0","0","3","0","10","2","6","41.764686104","-87.689508973","POINT (-87.689508973435 41.764686104005)"