"crash_record_id","crash_date_est_i","crash_date","posted_speed_limit","traffic_control_device","device_condition","weather_condition","lighting_condition","first_crash_type","trafficway_type","lane_cnt","alignment","roadway_surface_cond","road_defect","report_type","crash_type","intersection_related_i","private_property_i","hit_and_run_i","damage","date_police_notified","prim_contributory_cause","sec_contributory_cause","street_no","street_direction","street_name","beat_of_occurrence","photos_taken_i","statements_taken_i","dooring_i","work_zone_i","work_zone_type","workers_present_i","num_units","most_severe_injury","injuries_total","injuries_fatal","injuries_incapacitating","injuries_non_incapacitating","injuries_reported_not_evident","injuries_no_indication","injuries_unknown","crash_hour","crash_day_of_week","crash_month","latitude","longitude","location"
"5986b78a3509e7dffee39d8442a8ca024022a0fc7fe9791a636906a84ca7327d82e67341fe3ca010c80849a0f06f8fe8ec93ff330d3e31abcc1c06faa92903df",,"2024-06-03T10:15:00.000","15","NO CONTROLS","NO CONTROLS","CLEAR","DAYLIGHT","PARKED MOTOR VEHICLE","ALLEY",,"STRAIGHT AND LEVEL","DRY","UNKNOWN","ON SCENE","NO INJURY / DRIVE AWAY",,,,"OVER $1,500","2024-06-03T10:18:00.000","VISION OBSCURED (SIGNS, TREE LIMBS, BUILDINGS, ETC.)","UNABLE TO DETERMINE","1","N","GARLAND CT","112",,,,,,,"2","NO INDICATION OF INJURY","0","0","0","0","0","1","0","10","2","6","41.882154189","-87.625191171","POINT (-87.625191170959 41.882154189163)"
"616b0a7caf30686ff1c8961b5e39e634a96b59d1f01e111962166e9adace7e0b0378674015a4bce651c6492ee8b917762583c9b9fd443a83a87bb49a0df4f6c7",,"2024-06-03T10:15:00.000","30","NO CONTROLS","NO CONTROLS","CLEAR","DAYLIGHT","PARKED MOTOR VEHICLE","NOT DIVIDED",,"STRAIGHT AND LEVEL","DRY","NO DEFECTS","ON SCENE","NO INJURY / DRIVE AWAY",,,,"$500 OR LESS","2024-06-03T10:15:00.000","IMPROPER BACKING","UNABLE TO DETERMINE","2757","N","PINE GROVE AVE","1935",,,,,,,"2","NO INDICATION OF INJURY","0","0","0","0","0","1","0","10","2","6","41.932648725","-87.641150568","POINT (-87.641150568254 41.932648725117)"
"4b9cac60f9946a1596ab2f08c03b9e1ad986314d3524b7b8543f57ed05fc8c1af1363cea92ce51c35130d7bfeed91984556c0b5991e27df09536a99d746fbf88",,"2024-06-03T10:12:00.000","30","NO CONTROLS","NO CONTROLS","CLEAR","DAYLIGHT","PARKED MOTOR VEHICLE","NOT DIVIDED",,"STRAIGHT AND LEVEL","DRY","NO DEFECTS","ON SCENE","NO INJURY / DRIVE AWAY",,,,"$501 - $1,500","2024-06-03T10:12:00.000","DRIVING SKILLS/KNOWLEDGE/EXPERIENCE","UNABLE TO DETERMINE","2824","N","KEDZIE AVE","1412",,,,,,,"2","NO INDICATION OF INJURY","0","0","0","0","0","3","0","10","2","6","41.932807517","-87.707595748","POINT (-87.707595747926 41.932807517352)"
"c2479385132145920e90b169ceed0e82bd11c8c8cd621ee0d9120bdec3319db3754a6894b47c66b1dfcdb12b9f0161e379eddd244aa78a8d2952ae006c114eb8",,"2024-06-03T10:05:00.000","30","TRAFFIC SIGNAL","FUNCTIONING PROPERLY","CLEAR","DAYLIGHT","REAR END","DIVIDED - W/MEDIAN (NOT RAISED)",,"STRAIGHT AND LEVEL","DRY","UNKNOWN","ON SCENE","NO INJURY / DRIVE AWAY",,,,"OVER $1,500","2024-06-03T10:05:00.000","FOLLOWING TOO CLOSELY","NOT APPLICABLE","6007","W","MONTROSE AVE","1624",,,,,,,"2","NO INDICATION OF INJURY","0","0","0","0","0","2","0","10","2","6","41.960237811","-87.777313072","POINT (-87.777313071954 41.960237811351)"
"654c2017db552acfb94a38a001df8d042fa847e4ae291d78e684a96795e044b192430bb2f02d30389b8814a0f6b3c2aef7550cb6d5cc9354fb86af96019d8de9","Y","2024-06-03T10:00:00.000","20","UNKNOWN","UNKNOWN","CLEAR","DAYLIGHT","REAR TO FRONT","UNKNOWN",,"STRAIGHT AND LEVEL","DRY","UNKNOWN","NOT ON SCENE (DESK REPORT)","NO INJURY / DRIVE AWAY",,"Y",,"OVER $1,500","2024-06-03T11:30:00.000","UNABLE TO DETERMINE","NOT APPLICABLE","87","W","87TH ST","634","Y",,,,,,"2","NO INDICATION OF INJURY","0","0","0","0","0","2","0","10","2","6","41.736145128","-87.626917844","POINT (-87.626917843973 41.736145128237)"
"97d386ae41b91f9aac60eea247e9215ad3e2b176daaef36f741076869f9116daf2b6cbcf21bdcc12445711951ee9f3c6ff8629dc6824294de64a04b1c673f7d2",,"2024-06-03T10:00:00.000","30","TRAFFIC SIGNAL","FUNCTIONING PROPERLY","UNKNOWN","DAYLIGHT","TURNING","FIVE POINT, OR MORE",,"STRAIGHT AND LEVEL","DRY","UNKNOWN","NOT ON SCENE (DESK REPORT)","NO INJURY / DRIVE AWAY","Y",,,"OVER $1,500","2024-06-04T07:11:00.000","FAILING TO REDUCE SPEED TO AVOID CRASH","IMPROPER LANE USAGE","619","N","RACINE AVE","1214",,,,,,,"2","NO INDICATION OF INJURY","0","0","0","0","0","2","0","10","2","6","41.892884381","-87.657282557","POINT (-87.657282557113 41.892884381096)"
"53915e70c1aee4a019481d68c402db79a40fd3df85df9f321b108889692b1de0968ea0330691492172075bfc3cedc80992cfe0af039e61a0f51dcddf8d3a6796",,"2024-06-03T09:57:00.000","30","TRAFFIC SIGNAL","FUNCTIONING PROPERLY","CLEAR","DAYLIGHT","REAR END","DIVIDED - W/MEDIAN (NOT RAISED)",,"STRAIGHT AND LEVEL","DRY","NO DEFECTS","ON SCENE","NO INJURY / DRIVE AWAY","N",,,"OVER $1,500","2024-06-03T10:00:00.000","FOLLOWING TOO CLOSELY","FOLLOWING TOO CLOSELY","6300","S","STEWART AVE","722",,,,,,,"2","NO INDICATION OF INJURY","0","0","0","0","0","6","0","9","2","6","41.779816753","-87.635194202","POINT (-87.635194202493 41.779816752642)"
"9a60b630cc26656e4529ca3ca4bcd82935ab026c55cf345a475da3ca1d09f3764adbe4be08fbeb99f24b75f6b09ac7ca2f0c20daabcf4b2bb022a9e103763b62",,"2024-06-03T09:55:00.000","35","NO CONTROLS","NO CONTROLS","CLEAR","DAYLIGHT","SIDESWIPE SAME DIRECTION","DIVIDED - W/MEDIAN BARRIER",,"STRAIGHT AND LEVEL","DRY","NO DEFECTS","ON SCENE","NO INJURY / DRIVE AWAY",,,,"OVER $1,500","2024-06-03T10:03:00.000","RELATED TO BUS STOP","NOT APPLICABLE","407","W","95TH ST","2223",,,,,,,"2","NO INDICATION OF INJURY","0","0","0","0","0","2","0","9","2","6","41.721477216","-87.633942093","POINT (-87.633942093067 41.721477215817)"
"36475bfafc173b2926646047f54bbfb507950b381b1fecc4868df2f13704b1be4e83a50fe24c3f2f57392fab9093a511dcfc8b3a5d60ef01f900a82c5a8fab3c",,"2024-06-03T09:51:00.000","35","NO CONTROLS","NO CONTROLS","CLEAR","DAYLIGHT","PARKED MOTOR VEHICLE","NOT DIVIDED",,"STRAIGHT AND LEVEL","DRY","NO DEFECTS","ON SCENE","NO INJURY / DRIVE AWAY",,,,"OVER $1,500","2024-06-03T09:55:00.000","NOT APPLICABLE","NOT APPLICABLE","2651","W","PETERSON AVE","2011",,,,,,,"2","NO INDICATION OF INJURY","0","0","0","0","0","1","0","9","2","6","41.990348818","-87.69665169","POINT (-87.696651689551 41.990348817685)"
"fde989fdc32cfa2fdba1eaa42e1bf22080321346c4f428d5d636b66fd9d64686074bb9d7c824599d4585c8bc32e2f5be4acfbc94350e89f8524714c6d4cb3e13",,"2024-06-03T09:47:00.000","30","TRAFFIC SIGNAL","FUNCTIONING PROPERLY","CLEAR","DAYLIGHT","SIDESWIPE SAME DIRECTION","NOT DIVIDED",,"STRAIGHT AND LEVEL","DRY","NO DEFECTS","NOT ON SCENE (DESK REPORT)","NO INJURY / DRIVE AWAY",,,,"OVER $1,500","2024-06-03T19:50:00.000","DRIVING SKILLS/KNOWLEDGE/EXPERIENCE","NOT APPLICABLE","7040","S","COTTAGE GROVE AVE","321",,,,,,,"2","NO INDICATION OF INJURY","0","0","0","0","0","2","0","9","2","6","41.766430893","-87.605747861","POINT (-87.605747860649 41.766430892538)"
"a68900c8d1fc303ed26add49a5f0505af2ac6aa55578f1dc11b22a8130e8d9f0a75264e0829e3919ae8e81cc4d2054f45c79c2fabcca91a42f600f71ae916017",,"2024-06-03T09:45:00.000","20","STOP SIGN/FLASHER","FUNCTIONING PROPERLY","CLEAR","DAYLIGHT","TURNING","ONE-WAY",,"STRAIGHT AND LEVEL","DRY","NO DEFECTS","NOT ON SCENE (DESK REPORT)","NO INJURY / DRIVE AWAY",,,,"OVER $1,500","2024-06-04T09:00:00.000","UNABLE TO DETERMINE","UNABLE TO DETERMINE","5200","W","52ND ST","814",,,,,,,"2","NO INDICATION OF INJURY","0","0","0","0","0","2","0","9","2","6","41.79847064","-87.752747036","POINT (-87.752747036255 41.798470639882)"
"2335d163c7c9ae943832a6c31002042d5f9bdfd3ca27ad059ae31c3e17229e11b3698035e57911fc2478eadbdd267412f8e147e7418ac818a4450588b847a1d2",,"2024-06-03T09:41:00.000","25","TRAFFIC SIGNAL","UNKNOWN","CLEAR","DAYLIGHT","REAR END","FOUR WAY",,"STRAIGHT AND LEVEL","DRY","UNKNOWN","NOT ON SCENE (DESK REPORT)","NO INJURY / DRIVE AWAY",,,,"$500 OR LESS","2024-06-03T10:00:00.000","CELL PHONE USE OTHER THAN TEXTING","CELL PHONE USE OTHER THAN TEXTING","1412","W","18TH ST","1233",,,,,,,"2","NO INDICATION OF INJURY","0","0","0","0","0","2","0","9","2","6","41.85797713","-87.66182849","POINT (-87.66182849019 41.857977130078)"
"fd7ac31f00bd1f45f7dd7a15d914c9cbddef2d83e6d54d19b8643fb07f8ce360d19f9281f880412eb41f18b422883d50770f8ad5b414bd36ac19226228732c4d","Y","2024-06-03T09:35:00.000","30","NO CONTROLS","NO CONTROLS","CLEAR","DAYLIGHT","PARKED MOTOR VEHICLE","NOT DIVIDED",,"STRAIGHT AND LEVEL","DRY","NO DEFECTS","NOT ON SCENE (DESK REPORT)","NO INJURY / DRIVE AWAY",,,,"OVER $1,500","2024-06-03T10:50:00.000","IMPROPER BACKING","NOT APPLICABLE","9","S","RACINE AVE","1232",,,,,,,"2","NO INDICATION OF INJURY","0","0","0","0","0","1","0","9","2","6","41.881315502","-87.656984789","POINT (-87.656984789062 41.881315501528)"
"5daa94769879d7283199b64a3875e11a1ee4baea64e4b4df0a42ad106ce4a40485c8a4006c4fe5241e33d5e37d12e857215d472e4b9f693d5d550d91545f2cad",,"2024-06-03T09:25:00.000","30","TRAFFIC SIGNAL","FUNCTIONING PROPERLY","CLEAR","DAYLIGHT","TURNING","ONE-WAY",,"STRAIGHT AND LEVEL","DRY","NO DEFECTS","ON SCENE","NO INJURY / DRIVE AWAY","Y",,,"OVER $1,500","2024-06-03T09:28:00.000","IMPROPER TURNING/NO SIGNAL","NOT APPLICABLE","200","E","GRAND AVE","1834",,,,,,,"2","NO INDICATION OF INJURY","0","0","0","0","0","2","0","9","2","6","41.891871695","-87.622610131","POINT (-87.622610130843 41.891871695093)"
"3d07c2803d2e3f0c83ebfea058cc7c4ddcb1377b161f3881479a9e76e31a10858285f69b63f1008edc7e74e47dcd062c9ecda5ef295ebdf0b7a6b6c1a3201d1c",,"2024-06-03T09:20:00.000","30","NO CONTROLS","NO CONTROLS","CLEAR","DAYLIGHT","REAR END","DIVIDED - W/MEDIAN (NOT RAISED)",,"STRAIGHT AND LEVEL","DRY","NO DEFECTS","ON SCENE","INJURY AND / OR TOW DUE TO CRASH",,,,"OVER $1,500","2024-06-03T09:25:00.000","FAILING TO REDUCE SPEED TO AVOID CRASH","FOLLOWING TOO CLOSELY","9050","S","COTTAGE GROVE AVE","633",,,,,,,"4","NONINCAPACITATING INJURY","8","0","0","1","7","1","0","9","2","6","41.729649744","-87.604803068","POINT (-87.604803068496 41.729649743925)"
"c924b210cd5d86fda18ce74adf2739dcf6fe850086a1c754b90e78740d4545e85a8f0be34b2c445c75f1d709a229d7d8cea889e1dddf2e89e635c5468c3e0590",,"2024-06-03T09:15:00.000","30","UNKNOWN","UNKNOWN","UNKNOWN","DAYLIGHT","REAR END","DIVIDED - W/MEDIAN (NOT RAISED)",,"STRAIGHT AND LEVEL","UNKNOWN","UNKNOWN","NOT ON SCENE (DESK REPORT)","NO INJURY / DRIVE AWAY",,,,"$501 - $1,500","2024-06-03T19:45:00.000","UNABLE TO DETERMINE","NOT APPLICABLE","3122","W","TOUHY AVE","2411",,,,,,,"2","NO INDICATION OF INJURY","0","0","0","0","0","2","0","9","2","6","42.011998578","-87.707702746","POINT (-87.707702745697 42.011998577874)"
"9844e7a3fed9a962672583aa13fc4511168520278c73675d21763ce34e6512c58e2ab41df27bc713a11e141083be723ab011d70482cc9b12bd898f6753fd10d6",,"2024-06-03T09:00:00.000","30","NO CONTROLS","NO CONTROLS","CLEAR","DAYLIGHT","PARKED MOTOR VEHICLE","NOT DIVIDED",,"STRAIGHT AND LEVEL","UNKNOWN","UNKNOWN","NOT ON SCENE (DESK REPORT)","NO INJURY / DRIVE AWAY",,,,"$500 OR LESS","2024-06-03T09:34:00.000","UNABLE TO DETERMINE","UNABLE TO DETERMINE","3401","W","DEVON AVE","1711",,,,,,,"2","NO INDICATION OF INJURY","0","0","0","0","0","2","0","9","2","6","41.997198399","-87.714346233","POINT (-87.714346233033 41.997198398678)"
"ef80f3885d50f90ffbeb4b3ad2a2c39934092c9eebf31832bd1bdb628358afe8851943426d026cb3a116651e7bb215a27fdb98cfd8784dcb0287ee66eab8ea86",,"2024-06-03T09:00:00.000","30","NO CONTROLS","NO CONTROLS","CLEAR","DAYLIGHT","REAR TO FRONT","NOT DIVIDED",,"STRAIGHT AND LEVEL","DRY","NO DEFECTS","NOT ON SCENE (DESK REPORT)","NO INJURY / DRIVE AWAY",,,,"OVER $1,500","2024-06-03T10:30:00.000","IMPROPER BACKING","IMPROPER BACKING","4920","N","CENTRAL AVE","1622",,,,,,,"2","NO INDICATION OF INJURY","0","0","0","0","0","2","0","9","2","6","41.970179746","-87.767701482","POINT (-87.76770148243 41.970179745853)"
"ed39fcf146ec26d2861b72bdfe4c343b614ca763421cbe9b2ae1df79f056dfdbc4968f486e3766532e4be2468990c060d57f5a3d8bcf63ccfc7f25f662c00d5a",,"2024-06-03T08:57:00.000","30","TRAFFIC SIGNAL","FUNCTIONING PROPERLY","CLEAR","DAYLIGHT","REAR END","DIVIDED - W/MEDIAN (NOT RAISED)",,"STRAIGHT AND LEVEL","DRY","NO DEFECTS","ON SCENE","NO INJURY / DRIVE AWAY",,,,"OVER $1,500","2024-06-03T08:59:00.000","FOLLOWING TOO CLOSELY","FOLLOWING TOO CLOSELY","4830","N","EAST RIVER RD","1614",,,,,,,"3","NO INDICATION OF INJURY","0","0","0","0","0","3","0","8","2","6","41.968061394","-87.846687949","POINT (-87.84668794854 41.96806139393)"
"c6fb3b10bdc40638a7718aa981ecb4fbf437d57301229537647d5c1881b52183614e52ce0cc3f71b7d005624eb8219b77d7f930bfd76ee67e1812c647d739ba0",,"2024-06-03T08:55:00.000","30","NO CONTROLS","NO CONTROLS","CLEAR","DAYLIGHT","REAR END","DIVIDED - W/MEDIAN (NOT RAISED)",,"STRAIGHT AND LEVEL","DRY","NO DEFECTS","ON SCENE","NO INJURY / DRIVE AWAY",,,,"OVER $1,500","2024-06-03T09:00:00.000","FOLLOWING TOO CLOSELY","NOT APPLICABLE","1650","S","SACRAMENTO DR","1022",,,,,,,"2","NO INDICATION OF INJURY","0","0","0","0","0","2","0","8","2","6","41.857613727","-87.701167201","POINT (-87.70116720121 41.857613727492)"
"deb5a101fc4c9658feaecdc6ac0889b2dd4e096ab1c96eb5da08993738c60aa88108de5f0d456b3ea70e39ea7c57db680b8a78f8bbecf06a682642e9088fdff3",,"2024-06-03T08:55:00.000","30","TRAFFIC SIGNAL","FUNCTIONING PROPERLY","CLEAR","DAYLIGHT","REAR END","NOT DIVIDED",,"STRAIGHT AND LEVEL","DRY","NO DEFECTS","NOT ON SCENE (DESK REPORT)","NO INJURY / DRIVE AWAY",,,,"OVER $1,500","2024-06-03T09:05:00.000","FOLLOWING TOO CLOSELY","FOLLOWING TOO CLOSELY","1600","N","CICERO AVE","2533",,,,,,,"2","NO INDICATION OF INJURY","0","0","0","0","0","2","0","8","2","6","41.909672002","-87.746261304","POINT (-87.74626130363 41.90967200151)"
"8a4fded3008bd4f0a9febdc234f71af99943514a04cff3b9f7bc5400cf15b7fd406dc514ad2d7f00207ed07381944d7ba79577ac79dadef7e34248c5600b1fa8",,"2024-06-03T08:51:00.000","30","STOP SIGN/FLASHER","FUNCTIONING PROPERLY","CLEAR","DAYLIGHT","ANGLE","FOUR WAY",,"STRAIGHT AND LEVEL","DRY","NO DEFECTS","ON SCENE","INJURY AND / OR TOW DUE TO CRASH","Y",,,"OVER $1,500","2024-06-03T09:18:00.000","NOT APPLICABLE","NOT APPLICABLE","502","N","OGDEN AVE","1215",,,,,,,"2","REPORTED, NOT EVIDENT","1","0","0","0","1","4","0","8","2","6","41.891219017","-87.659064951","POINT (-87.659064951139 41.891219016985)"
"15ed8dc0145b49b255106a3b9a5d48059a2e765dd8ea4e632d04de7c7bc35a6bef24bf887f3c747d89927a91701b35bc446982e23c778a1e8b8e4a19bd0878b8",,"2024-06-03T08:50:00.000","30","NO CONTROLS","NO CONTROLS","CLEAR","DAYLIGHT","SIDESWIPE SAME DIRECTION","NOT DIVIDED",,"STRAIGHT AND LEVEL","DRY","NO DEFECTS","ON SCENE","INJURY AND / OR TOW DUE TO CRASH",,,,"OVER $1,500","2024-06-03T09:00:00.000","IMPROPER OVERTAKING/PASSING","UNABLE TO DETERMINE","1408","N","SEDGWICK ST","1821",,,,,,,"2","NO INDICATION OF INJURY","0","0","0","0","0","2","0","8","2","6","41.907898993","-87.638638988","POINT (-87.638638988138 41.907898992729)"
"4af59cb69ac67e53310c6d94a2467828e49f80aad62d52961233c187f31e54bab5592a0673f558db5ab52e098174635a45e7909e0a43ce63e18d04a91591e2da",,"2024-06-03T08:50:00.000","30","UNKNOWN","UNKNOWN","UNKNOWN","UNKNOWN","REAR END","UNKNOWN",,"STRAIGHT AND LEVEL","UNKNOWN","UNKNOWN","NOT ON SCENE (DESK REPORT)","NO INJURY / DRIVE AWAY",,,,"$501 - $1,500","2024-06-03T09:30:00.000","UNABLE TO DETERMINE","NOT APPLICABLE","4819","N","WESTERN AVE","2031",,,,,,,"2","NO INDICATION OF INJURY","0","0","0","0","0","2","0","8","2","6","41.969196949","-87.688775681","POINT (-87.688775680952 41.969196948856)"
"f86f9306814dfa271e3fb62d4b7313fbc9a75a62da16b9ce832257f02de995ff99b15408d5bd9652298f7f67f9b2e73f26ae9843e36c4e7578d341e886e3e978",,"2024-06-03T08:50:00.000","30","UNKNOWN","UNKNOWN","UNKNOWN","UNKNOWN","PARKED MOTOR VEHICLE","DIVIDED - W/MEDIAN (NOT RAISED)",,"STRAIGHT AND LEVEL","UNKNOWN","UNKNOWN","NOT ON SCENE (DESK REPORT)","NO INJURY / DRIVE AWAY",,,"Y","$501 - $1,500","2024-06-03T15:00:00.000","UNABLE TO DETERMINE","NOT APPLICABLE","7414","N","WESTERN AVE","2411",,,,,,,"2","NO INDICATION OF INJURY","0","0","0","0","0","1","0","8","2","6","42.015718204","-87.690066733","POINT (-87.690066733061 42.015718204285)"
"58189ecc5971170ce9923ef99390d3732066cdadfef7761fe85874f2b99ebcbaaec1dc18cac2b66e7d5f38dbe4850d42c5d90224700635c82705d3f0dc30162c",,"2024-06-03T08:45:00.000","30","TRAFFIC SIGNAL","UNKNOWN","CLEAR","DAYLIGHT","REAR END","NOT DIVIDED",,"STRAIGHT AND LEVEL","UNKNOWN","UNKNOWN","NOT ON SCENE (DESK REPORT)","NO INJURY / DRIVE AWAY",,,,"OVER $1,500","2024-06-03T08:45:00.000","UNABLE TO DETERMINE","UNABLE TO DETERMINE","4805","W","FOSTER AVE","1621",,,,,,,"2","NO INDICATION OF INJURY","0","0","0","0","0","3","0","8","2","6","41.975228093","-87.748231517","POINT (-87.748231516872 41.975228092886)"
"efae77f2a83f43da18356dc78dc024a08a36b1ab4a0ff2d16cafe0eba6ec4c1d6177dca95c7073c9ba4fbeadd55531309fd1a172fd65b4464ca428b30e572a93",,"2024-06-03T08:45:00.000","30","TRAFFIC SIGNAL","FUNCTIONING IMPROPERLY","CLEAR","DAYLIGHT","TURNING","FOUR WAY",,"STRAIGHT AND LEVEL","DRY","NO DEFECTS","ON SCENE","NO INJURY / DRIVE AWAY",,,"Y","OVER $1,500","2024-06-03T10:50:00.000","DISTRACTION - FROM OUTSIDE VEHICLE","NOT APPLICABLE","6300","S","CALIFORNIA AVE","823",,,,,,,"2","NO INDICATION OF INJURY","0","0","0","0","0","3","0","8","2","6","41.77901991","-87.693535482","POINT (-87.69353548242 41.779019909594)"
"6a24f24e4314b80393b775a8177cdf02edbf52fac36c967a992b97fae7cd620a07a5c08045d49dcd6c327019ed14aff121f9dc4168e144cb272d9b154de9e8c6",,"2024-06-03T08:40:00.000","30","STOP SIGN/FLASHER","FUNCTIONING PROPERLY","CLEAR","DAYLIGHT","ANGLE","DIVIDED - W/MEDIAN (NOT RAISED)",,"STRAIGHT AND LEVEL","DRY","NO DEFECTS","ON SCENE","INJURY AND / OR TOW DUE TO CRASH",,,,"OVER $1,500","2024-06-03T08:43:00.000","UNABLE TO DETERMINE","UNABLE TO DETERMINE","5399","S","LAKE PARK AVE","234",,,,,,,"2","REPORTED, NOT EVIDENT","1","0","0","0","1","2","0","8","2","6","41.798168885","-87.587100294","POINT (-87.587100294194 41.798168884643)"
"224da47a6366d0a5e8b15ee4e25eb9f16d5035992d346cc6aff9c6c284dc806f0ab4235a97aaed66edf7092adbf0f3901c583dddf59ed1774f842101b845c4c7",,"2024-06-03T08:30:00.000","30","NO CONTROLS","NO CONTROLS","CLEAR","DAYLIGHT","ANGLE","DIVIDED - W/MEDIAN (NOT RAISED)",,"STRAIGHT AND LEVEL","DRY","NO DEFECTS","NOT ON SCENE (DESK REPORT)","NO INJURY / DRIVE AWAY",,,,"OVER $1,500","2024-06-03T14:10:00.000","UNABLE TO DETERMINE","UNABLE TO DETERMINE","500","S","DAMEN AVE","1225",,,,,,,"2","NO INDICATION OF INJURY","0","0","0","0","0","2","0","8","2","6","41.874969685","-87.676632296","POINT (-87.67663229632 41.874969684894)"
"50790821330b073de083eef89a12b7b3c03dfc907ea72d47aa587cdb4436ee684e9285619d1043cc3ad23106d2c1ff83dfb30c8b0a2347022b1ed19c87141c2e",,"2024-06-03T08:30:00.000","20","NO CONTROLS","NO CONTROLS","CLEAR","DARKNESS","PARKED MOTOR VEHICLE","NOT DIVIDED",,"STRAIGHT AND LEVEL","DRY","NO DEFECTS","NOT ON SCENE (DESK REPORT)","NO INJURY / DRIVE AWAY",,,"Y","OVER $1,500","2024-06-03T08:30:00.000","UNABLE TO DETERMINE","UNABLE TO DETERMINE","6619","S","ROCKWELL ST","832",,,,,,,"2","NO INDICATION OF INJURY","0","0","0","0","0","1","0","8","2","6","41.773114477","-87.688215974","POINT (-87.688215974176 41.773114476646)"
"cb6d65ac5880f19fe0b2a5da4b458804eb33295f8580f2b9780e1accda81411a80e6be5e3b924ec68cefd666ee8af0fd140c8d73c608040767b373605f74f3a2",,"2024-06-03T08:30:00.000","30","NO CONTROLS","NO CONTROLS","CLEAR","DAYLIGHT","SIDESWIPE SAME DIRECTION","NOT DIVIDED",,"STRAIGHT AND LEVEL","DRY","NO DEFECTS","ON SCENE","NO INJURY / DRIVE AWAY",,,"Y","$501 - $1,500","2024-06-03T08:33:00.000","DRIVING ON WRONG SIDE/WRONG WAY","UNABLE TO DETERMINE","5125","S","KEDZIE AVE","923",,,,,,,"2","NO INDICATION OF INJURY","0","0","0","0","0","2","0","8","2","6","41.800050959","-87.7035982","POINT (-87.703598200264 41.800050958514)"
"e9a60fce3e9485124ad3575647041e5679c331c2a459d8c6f9337438956942bff8f2a33637b08451b7555bda5aacccba58c52e89514cff8678411315fc0f09b9",,"2024-06-03T08:30:00.000","30","NO CONTROLS","NO CONTROLS","CLEAR","DAYLIGHT","TURNING","CENTER TURN LANE",,"STRAIGHT AND LEVEL","DRY","UNKNOWN","NOT ON SCENE (DESK REPORT)","NO INJURY / DRIVE AWAY",,,,"OVER $1,500","2024-06-03T08:30:00.000","IMPROPER TURNING/NO SIGNAL","NOT APPLICABLE","1345","S","WABASH AVE","131",,,,,,,"2","NO INDICATION OF INJURY","0","0","0","0","0","5","0","8","2","6","41.864481927","-87.625613526","POINT (-87.625613526134 41.864481926727)"
"e82e79666ee18d928999be13a917a0dd3c301af95998d47a5a847f777fdff52af13dcf793ac75244a3f1eb98b147597acc5456a58a14ca242f5c971a4d7632e6",,"2024-06-03T08:28:00.000","30","NO CONTROLS","NO CONTROLS","CLEAR","DAYLIGHT","SIDESWIPE SAME DIRECTION","DIVIDED - W/MEDIAN (NOT RAISED)",,"STRAIGHT AND LEVEL","DRY","NO DEFECTS","ON SCENE","NO INJURY / DRIVE AWAY",,,,"$500 OR LESS","2024-06-03T08:30:00.000","IMPROPER OVERTAKING/PASSING","IMPROPER LANE USAGE","715","S","COLUMBUS DR","114",,,,,,,"2","NO INDICATION OF INJURY","0","0","0","0","0","2","0","8","2","6","41.87294363","-87.620442576","POINT (-87.620442575558 41.872943630134)"
"da96ab67329daa1a2f6b2797a0cb67560514f4202ed55ceb4206f97c872a7a44c70f1443bc6be0780026ff1a5d1c3e0e23f8e70d7996b9fadcebdd80faa3c392",,"2024-06-03T08:15:00.000","25","NO CONTROLS","NO CONTROLS","CLEAR","DAYLIGHT","PARKED MOTOR VEHICLE","NOT DIVIDED",,"STRAIGHT AND LEVEL","DRY","NO DEFECTS","ON SCENE","NO INJURY / DRIVE AWAY",,,,"$500 OR LESS","2024-06-03T08:21:00.000","UNABLE TO DETERMINE","IMPROPER OVERTAKING/PASSING","7109","S","CHRISTIANA AVE","831",,,,,,,"2","NO INDICATION OF INJURY","0","0","0","0","0","1","0","8","2","6","41.764009776","-87.70632292","POINT (-87.706322919554 41.76400977626)"
"d9aca9387e293b719ece436471bc68d4186b67df7354a4e80e5e68b09886a1ef51d90e44a208b02beedd6c565f755b598b113f6abb9886a4d9a6a8461859d97a",,"2024-06-03T08:12:00.000","30","NO CONTROLS","NO CONTROLS","CLEAR","DAYLIGHT","SIDESWIPE SAME DIRECTION","DIVIDED - W/MEDIAN (NOT RAISED)",,"STRAIGHT AND LEVEL","DRY","NO DEFECTS","ON SCENE","NO INJURY / DRIVE AWAY",,,"N","OVER $1,500","2024-06-03T08:18:00.000","FAILING TO REDUCE SPEED TO AVOID CRASH","UNABLE TO DETERMINE","5015","W","GRAND AVE","2533",,,,,,,"2","NO INDICATION OF INJURY","0","0","0","0","0","2","0","8","2","6","41.916051911","-87.751713235","POINT (-87.751713234849 41.91605191127)"
"a39d96a807f0ccc56ddba2ef851577c957a94c96dc589257dcd621895c9a28eade50ebd14a749cf7709a2a86c8dbb05a9425c28c8e2b25888400d0b09378aab2",,"2024-06-03T08:11:00.000","30","TRAFFIC SIGNAL","FUNCTIONING PROPERLY","CLEAR","DAYLIGHT","TURNING","FOUR WAY",,"STRAIGHT AND LEVEL","DRY","NO DEFECTS","ON SCENE","INJURY AND / OR TOW DUE TO CRASH","Y",,,"OVER $1,500","2024-06-03T08:28:00.000","DISTRACTION - FROM INSIDE VEHICLE","DISREGARDING TRAFFIC SIGNALS","1201","N","AUSTIN BLVD","2531",,,,,,,"2","REPORTED, NOT EVIDENT","1","0","0","0","1","1","0","8","2","6","41.902091238","-87.775217894","POINT (-87.77521789397 41.902091238174)"