"crash_record_id","crash_date_est_i","crash_date","posted_speed_limit","traffic_control_device","device_condition","weather_condition","lighting_condition","first_crash_type","trafficway_type","lane_cnt","alignment","roadway_surface_cond","road_defect","report_type","crash_type","intersection_related_i","private_property_i","hit_and_run_i","damage","date_police_notified","prim_contributory_cause","sec_contributory_cause","street_no","street_direction","street_name","beat_of_occurrence","photos_taken_i","statements_taken_i","dooring_i","work_zone_i","work_zone_type","workers_present_i","num_units","most_severe_injury","injuries_total","injuries_fatal","injuries_incapacitating","injuries_non_incapacitating","injuries_reported_not_evident","injuries_no_indication","injuries_unknown","crash_hour","crash_day_of_week","crash_month","latitude","longitude","location"
"fdb8e88516ca7c26e864a56c734e6b4e5f4fce68c3f3d6c72e68abae908ea0847a386451f9bc3dee8e693c5f60d0b63323b42519c6feae3b900318cb5c86c444",,"2024-06-03T08:11:00.000","30","NO CONTROLS","NO CONTROLS","CLEAR","DAYLIGHT","REAR END","NOT DIVIDED",,"STRAIGHT AND LEVEL","DRY","NO DEFECTS","ON SCENE","NO INJURY / DRIVE AWAY",,,,"$501 - $1,500","2024-06-03T08:40:00.000","FOLLOWING TOO CLOSELY","UNABLE TO DETERMINE","1651","N","WESTERN AVE","1434",,,,,,,"2","NO INDICATION OF INJURY","0","0","0","0","0","3","0","8","2","6","41.911728368","-87.687110882","POINT (-87.687110881845 41.911728368102)"
"536b0b47b2b15f20be0e0f07247b18eff52ba65699b41e8160f1e43f8bb9f4f8ea4e851683ea0d33caeed460b84b5d7352f6a2f816564e431fc857b6a81fd469",,"2024-06-03T08:10:00.000","50","NO CONTROLS","NO CONTROLS","CLEAR","DAYLIGHT","REAR END","DIVIDED - W/MEDIAN BARRIER",,"STRAIGHT AND LEVEL","DRY","NO DEFECTS","ON SCENE","NO INJURY / DRIVE AWAY",,,,"$501 - $1,500","2024-06-03T08:12:00.000","UNABLE TO DETERMINE","NOT APPLICABLE","10000","W","OHARE ST","1651",,,,,,,"2","NO INDICATION OF INJURY","0","0","0","0","0","2","0","8","2","6","41.976201139","-87.905309125","POINT (-87.905309125103 41.976201139024)"
"c177865b15ad07dea5742d063e66393151a51723e72ca2a8fc2440a6a2a1ad44949dc41cd91ff33e531a710400490e2d0f245f60f666c17fae60ca52a05aab06",,"2024-06-03T08:10:00.000","35","NO CONTROLS","NO CONTROLS","CLEAR","DAYLIGHT","SIDESWIPE SAME DIRECTION","NOT DIVIDED",,"STRAIGHT AND LEVEL","DRY","NO DEFECTS","ON SCENE","NO INJURY / DRIVE AWAY",,,,"OVER $1,500","2024-06-03T08:15:00.000","UNABLE TO DETERMINE","NOT APPLICABLE","11120","S","BELL AVE","2212",,,,,,,"2","NO INDICATION OF INJURY","0","0","0","0","0","2","0","8","2","6","41.691094993","-87.677620234","POINT (-87.677620233704 41.691094993108)"
"287474301ef3e6c48c28449658caeb0a3e28af3b663c7826b66dbf7cfe04a9409d30308bd3c41dca503d49411389cc4d790b440b94dbdaaa135f005fdb6dd747",,"2024-06-03T08:06:00.000","30","NO CONTROLS","NO CONTROLS","CLEAR","DAYLIGHT","PARKED MOTOR VEHICLE","UNKNOWN",,"STRAIGHT AND LEVEL","DRY","UNKNOWN","NOT ON SCENE (DESK REPORT)","NO INJURY / DRIVE AWAY",,,"Y","OVER $1,500","2024-06-03T14:00:00.000","UNABLE TO DETERMINE","NOT APPLICABLE","222","N","RACINE AVE","1215",,,,,,,"2","NO INDICATION OF INJURY","0","0","0","0","0","2","0","8","2","6","41.886285617","-87.656971755","POINT (-87.656971755359 41.886285617149)"
"831d088a2349f0c58967a1a3c88da7984e35c4aabca2cada4832e60a2d1949f2b35ac06cd290710743c47f54c5acbfd4bc4ea3bf0e0fc0352e964024d78fc588",,"2024-06-03T08:05:00.000","30","TRAFFIC SIGNAL","FUNCTIONING PROPERLY","CLEAR","DAYLIGHT","TURNING","T-INTERSECTION",,"STRAIGHT AND LEVEL","DRY","NO DEFECTS","NOT ON SCENE (DESK REPORT)","NO INJURY / DRIVE AWAY",,,,"OVER $1,500","2024-06-03T08:05:00.000","UNABLE TO DETERMINE","NOT APPLICABLE","3333","W","OGDEN AVE","1024",,,,,,,"2","NO INDICATION OF INJURY","0","0","0","0","0","2","0","8","2","6","41.856494938","-87.708924867","POINT (-87.708924866547 41.856494937781)"
"588bd1e00e758f8e330477ce210223893bf1dce5923e3937b61bd19e45e1c247e3e21c72925a5cd7bed5bbd069a5cc656926abba5fffa289f064d73d0fca157f",,"2024-06-03T08:00:00.000","30","NO CONTROLS","NO CONTROLS","UNKNOWN","UNKNOWN","PARKED MOTOR VEHICLE","NOT DIVIDED",,"STRAIGHT AND LEVEL","UNKNOWN","UNKNOWN","NOT ON SCENE (DESK REPORT)","NO INJURY / DRIVE AWAY",,,"Y","$501 - $1,500","2024-06-05T23:00:00.000","UNABLE TO DETERMINE","UNABLE TO DETERMINE","5964","W","WELLINGTON AVE","2514",,,,,,,"2","NO INDICATION OF INJURY","0","0","0","0","0","1","0","8","2","6","41.934905417","-87.776031417","POINT (-87.776031417425 41.93490541722)"
"7f266de47b4541055b20829749e5fb8adeec798ca5cf6943c40fb8d3c0e66778e56c6c155bee9e4635854fa6a2f7f83dcd1bc9c86e58c7eac7c336f7b8e257fe",,"2024-06-03T08:00:00.000","30","NO CONTROLS","NO CONTROLS","CLEAR","DAYLIGHT","OTHER NONCOLLISION","NOT DIVIDED",,"STRAIGHT AND LEVEL","DRY","NO DEFECTS","NOT ON SCENE (DESK REPORT)","NO INJURY / DRIVE AWAY",,,,"OVER $1,500","2024-06-04T08:10:00.000","ROAD CONSTRUCTION/MAINTENANCE","NOT APPLICABLE","1000","N","LAKE SHORE DR","1824",,,,,,,"1","NO INDICATION OF INJURY","0","0","0","0","0","1","0","8","2","6","41.900752974","-87.624235","POINT (-87.62423499978 41.900752974042)"
"8cdd4d9ef6ea350544ed0d695a2c5172be427a9158f963c975f398c66c22d7efe40d606d68f9f568649482cef4851de1fa9caa01c2b4f82f1f25f6e3243e23c4",,"2024-06-03T08:00:00.000","30","TRAFFIC SIGNAL","FUNCTIONING PROPERLY","CLEAR","DAYLIGHT","SIDESWIPE SAME DIRECTION","NOT DIVIDED",,"STRAIGHT AND LEVEL","DRY","NO DEFECTS","NOT ON SCENE (DESK REPORT)","NO INJURY / DRIVE AWAY","Y",,"Y","OVER $1,500","2024-06-04T17:20:00.000","IMPROPER OVERTAKING/PASSING","IMPROPER OVERTAKING/PASSING","5500","W","WASHINGTON BLVD","1523",,,,,,,"2","NO INDICATION OF INJURY","0","0","0","0","0","4","0","8","2","6","41.882375207","-87.763342289","POINT (-87.763342288503 41.882375206753)"
"a825d7c74f789cbfbe7bdc0cf6dac33e7494a913dd29899c6608c5fd9cec94a361690ec864ff53aea2ce6dac58f481d40399bbd879fd4a247948fb4ef6a1298d","Y","2024-06-03T08:00:00.000","35","NO CONTROLS","NO CONTROLS","CLEAR","DAYLIGHT","PARKED MOTOR VEHICLE","NOT DIVIDED",,"STRAIGHT AND LEVEL","DRY","NO DEFECTS","ON SCENE","NO INJURY / DRIVE AWAY",,,,"OVER $1,500","2024-06-03T09:00:00.000","IMPROPER BACKING","IMPROPER BACKING","1402","E","79TH ST","411",,,,,,,"2","NO INDICATION OF INJURY","0","0","0","0","0","1","0","8","2","6","41.751548648","-87.590486381","POINT (-87.590486380617 41.751548647689)"
"b2143e3dbf1c97a32c30d4524318841bdf573e9a2df381a496f0cde7c3bb463c706c85361d9ddbe85b8ee465e75da1190b621b6084ad0cb78521f7dac0cdd85c",,"2024-06-03T08:00:00.000","30","NO CONTROLS","NO CONTROLS","CLEAR","DAYLIGHT","SIDESWIPE SAME DIRECTION","NOT DIVIDED",,"STRAIGHT AND LEVEL","DRY","UNKNOWN","ON SCENE","NO INJURY / DRIVE AWAY",,,,"OVER $1,500","2024-06-03T08:05:00.000","UNABLE TO DETERMINE","NOT APPLICABLE","5498","S","WOODLAWN AVE","233",,,,,,,"2","NO INDICATION OF INJURY","0","0","0","0","0","2","0","8","2","6","41.795138574","-87.59669189","POINT (-87.596691890292 41.795138574068)"
"3d28619308b1e9bd657bbb7249e64d1887bd31fefb8130e443e6811be286a8c88bf7ab5869d19daeaa43016e5a63c0675b968575db48d5a9e759dc0f63b52120",,"2024-06-03T07:58:00.000","30","NO CONTROLS","NO CONTROLS","CLEAR","DAYLIGHT","PARKED MOTOR VEHICLE","DRIVEWAY",,"STRAIGHT ON GRADE","OTHER","OTHER","NOT ON SCENE (DESK REPORT)","NO INJURY / DRIVE AWAY",,,,"OVER $1,500","2024-06-03T13:00:00.000","ROAD CONSTRUCTION/MAINTENANCE","ROAD CONSTRUCTION/MAINTENANCE","4947","N","KEYSTONE AVE","1712",,,,"N",,,"2","NO INDICATION OF INJURY","0","0","0","0","0","4","0","7","2","6","41.971441226","-87.729205826","POINT (-87.729205825677 41.971441225942)"
"16c3bc7819c018b1a54f625c91e7694c7ed18380cac8542a4a29109d2f985c585f6d65750bdbeb0e36dcf9f64d8247770f37d9f0d198fcde8a38d7e9789cda18",,"2024-06-03T07:55:00.000","20","STOP SIGN/FLASHER","UNKNOWN","CLEAR","DAYLIGHT","REAR END","NOT DIVIDED",,"STRAIGHT AND LEVEL","DRY","UNKNOWN","ON SCENE","INJURY AND / OR TOW DUE TO CRASH",,,,"OVER $1,500","2024-06-03T16:48:00.000","UNABLE TO DETERMINE","UNABLE TO DETERMINE","205","N","LARAMIE AVE","1532",,,,,,,"2","NONINCAPACITATING INJURY","1","0","0","1","0","1","0","7","2","6","41.884520527","-87.755070565","POINT (-87.755070565188 41.884520527206)"
"4c5253d48b548053ec79c566aade96a61cc2d574ca7ad5c29fde4cdad40c6bbc7aab7fd6a2cc6c1c859a9466e61c7088691cf00d7b333b0145598efd59d6f861",,"2024-06-03T07:50:00.000","30","TRAFFIC SIGNAL","FUNCTIONING PROPERLY","CLEAR","DAYLIGHT","PEDESTRIAN","NOT DIVIDED",,"STRAIGHT AND LEVEL","DRY","NO DEFECTS","NOT ON SCENE (DESK REPORT)","INJURY AND / OR TOW DUE TO CRASH","Y",,"Y","$500 OR LESS","2024-06-03T09:30:00.000","UNABLE TO DETERMINE","NOT APPLICABLE","6700","S","COTTAGE GROVE AVE","321",,,,,,,"2","NONINCAPACITATING INJURY","1","0","0","1","0","1","0","7","2","6","41.773047822","-87.605913053","POINT (-87.605913052872 41.773047821886)"
"6f3c05768619790f16f557d67fa92c437091f95095adafd4b01bb8d6722d1203bd84b2b6d8bfec56a7b0656e4f413e9bf72c9d8acfcf77531432ca7606bf95ba",,"2024-06-03T07:50:00.000","30","NO CONTROLS","NO CONTROLS","CLEAR","DAYLIGHT","REAR END","DIVIDED - W/MEDIAN (NOT RAISED)",,"STRAIGHT AND LEVEL","DRY","NO DEFECTS","NOT ON SCENE (DESK REPORT)","NO INJURY / DRIVE AWAY",,,,"OVER $1,500","2024-06-03T08:20:00.000","FOLLOWING TOO CLOSELY","NOT APPLICABLE","4708","N","CENTRAL AVE","1622",,,,,,,"2","NO INDICATION OF INJURY","0","0","0","0","0","2","0","7","2","6","41.966252133","-87.767576983","POINT (-87.767576983261 41.966252132848)"
"650f1124b6156b14647ea3fd42731507446a221320825b3d13df282a46ac49a6d516b0b44b0dbd08dc0719eaa72959e72fd7dde153a65bfa35db14fc88ab9b8b",,"2024-06-03T07:45:00.000","30","STOP SIGN/FLASHER","UNKNOWN","CLEAR","DAYLIGHT","PARKED MOTOR VEHICLE","FOUR WAY",,"STRAIGHT AND LEVEL","DRY","NO DEFECTS","NOT ON SCENE (DESK REPORT)","NO INJURY / DRIVE AWAY",,,"Y","OVER $1,500","2024-06-03T21:58:00.000","DISREGARDING STOP SIGN","NOT APPLICABLE","5757","S","ARTESIAN AVE","824",,,,,,,"2","NO INDICATION OF INJURY","0","0","0","0","0","1","0","7","2","6","41.788519423","-87.684964783","POINT (-87.68496478313 41.788519423232)"
"7638c220fa711c0c1844d37098b01b3b07bbf80e87b0f44c3624487a3aa88c352840ce3cda4bbd67216cdb2a5ff75701df0a6b67a420a34fd881697783e7810a",,"2024-06-03T07:42:00.000","30","UNKNOWN","UNKNOWN","CLEAR","DAYLIGHT","FIXED OBJECT","DIVIDED - W/MEDIAN (NOT RAISED)",,"STRAIGHT AND LEVEL","DRY","UNKNOWN","ON SCENE","INJURY AND / OR TOW DUE TO CRASH",,,,"OVER $1,500","2024-06-03T07:42:00.000","NOT APPLICABLE","NOT APPLICABLE","7159","S","STONY ISLAND AVE","324",,,,,,,"1","INCAPACITATING INJURY","1","0","1","0","0","0","0","7","2","6","41.764285927","-87.585727159","POINT (-87.585727159023 41.764285926822)"
"aba3729566d3bef665f4d5185ff4c7a77e0ce05a17d5271cb4ea70cb9dc06636838f1e3dd4f9ba504e6157f990efd3e391ba24e661926af3b846c0eead871e78",,"2024-06-03T07:42:00.000","30","NO CONTROLS","NO CONTROLS","CLEAR","DAYLIGHT","SIDESWIPE SAME DIRECTION","NOT DIVIDED",,"STRAIGHT AND LEVEL","DRY","UNKNOWN","ON SCENE","NO INJURY / DRIVE AWAY",,,,"$500 OR LESS","2024-06-03T07:43:00.000","UNABLE TO DETERMINE","UNABLE TO DETERMINE","4645","W","BELMONT AVE","2521",,,,,,,"3","NO INDICATION OF INJURY","0","0","0","0","0","2","0","7","2","6","41.938758473","-87.743920312","POINT (-87.743920312025 41.93875847344)"
"f7ff0893bbb65fcbd9dbff256f6bf67879e57942d9c6b3e726f2a67ebb653a6382b5b4ecd5708632d280de4ab6d2792ee6fa67c72f66c1648964c36f32835dee",,"2024-06-03T07:39:00.000","30","NO CONTROLS","NO CONTROLS","CLEAR","DAYLIGHT","SIDESWIPE SAME DIRECTION","NOT DIVIDED",,"STRAIGHT AND LEVEL","DRY","NO DEFECTS","NOT ON SCENE (DESK REPORT)","NO INJURY / DRIVE AWAY",,,,"$500 OR LESS","2024-06-03T16:45:00.000","IMPROPER OVERTAKING/PASSING","NOT APPLICABLE","4745","W","BELMONT AVE","2521",,,,,,,"2","NO INDICATION OF INJURY","0","0","0","0","0","3","0","7","2","6","41.93872475","-87.746241481","POINT (-87.746241481449 41.938724749984)"
"3b8a8ba7e71f8cdf0d9eb74f5a5e2ec6b1638ff88900f3eb1347b6fb8a3e95723e976eed4e29db5febf3cb0521ddb720d552b29a525d3fef700389cde8203230",,"2024-06-03T07:35:00.000","30","UNKNOWN","UNKNOWN","CLEAR","DAYLIGHT","SIDESWIPE SAME DIRECTION","DIVIDED - W/MEDIAN (NOT RAISED)",,"STRAIGHT AND LEVEL","DRY","NO DEFECTS","ON SCENE","NO INJURY / DRIVE AWAY",,,"Y","OVER $1,500","2024-06-03T07:38:00.000","UNABLE TO DETERMINE","NOT APPLICABLE","1729","W","ARMITAGE AVE","1433",,,,,,,"2","NO INDICATION OF INJURY","0","0","0","0","0","2","0","7","2","6","41.917768833","-87.671515324","POINT (-87.671515323746 41.917768832585)"
"a0317ca03df7ae95695120384212bced263dd23eda52c5dc5182807f996b24b0798be1920568ec72801a23e5026107e05705a1d7cbddfd6f358400a1505838ae","Y","2024-06-03T07:34:00.000","30","TRAFFIC SIGNAL","FUNCTIONING PROPERLY","CLEAR","DAYLIGHT","TURNING","DIVIDED - W/MEDIAN (NOT RAISED)",,"STRAIGHT AND LEVEL","DRY","NO DEFECTS","ON SCENE","INJURY AND / OR TOW DUE TO CRASH","Y",,,"OVER $1,500","2024-06-03T08:37:00.000","FAILING TO YIELD RIGHT-OF-WAY","FAILING TO YIELD RIGHT-OF-WAY","1159","S","CICERO AVE","1131",,,,,,,"2","NO INDICATION OF INJURY","0","0","0","0","0","2","0","7","2","6","41.865979486","-87.744609884","POINT (-87.744609883514 41.865979486289)"
"238c0ad272bfed38a13e95203e072e7f9d8539b9dd0b64197a9a65f1ff59d67a2e5d0f4227a6747e482bfbf46de71e991f4bf78811afbdb9cae31c6604ae8abe",,"2024-06-03T07:30:00.000","30","NO CONTROLS","NO CONTROLS","CLEAR","DAYLIGHT","ANGLE","NOT DIVIDED",,"STRAIGHT AND LEVEL","DRY","NO DEFECTS","NOT ON SCENE (DESK REPORT)","NO INJURY / DRIVE AWAY",,,,"OVER $1,500","2024-06-03T08:00:00.000","FAILING TO YIELD RIGHT-OF-WAY","FAILING TO YIELD RIGHT-OF-WAY","3210","W","63RD ST","823",,,,,,,"2","NO INDICATION OF INJURY","0","0","0","0","0","2","0","7","2","6","41.779074995","-87.703636753","POINT (-87.703636753281 41.779074995235)"
"d50a64c8bf5172aedddcc2821e7b1e7d77665c9a6f75de356ad6fd8fb56e4f66592300f2f480ca891327cbda9e5032211580210837efbf7f374aab07c7f86c0e",,"2024-06-03T07:19:00.000","30","TRAFFIC SIGNAL","NO CONTROLS","CLEAR","DAYLIGHT","SIDESWIPE SAME DIRECTION","T-INTERSECTION",,"STRAIGHT AND LEVEL","DRY","NO DEFECTS","ON SCENE","NO INJURY / DRIVE AWAY",,,,"OVER $1,500","2024-06-03T07:29:00.000","UNABLE TO DETERMINE","IMPROPER OVERTAKING/PASSING","748","W","LAWRENCE AVE","2024",,,,,,,"2","NO INDICATION OF INJURY","0","0","0","0","0","2","0","7","2","6","41.969282142","-87.649675139","POINT (-87.649675139352 41.969282142444)"
"892798331bf749bd954fae18f0999eed1a2363ef26891c76e935d8dc169253bc9be90273217c4f6d80bcc516d028c77f6229c10082eeb15af9ecc8603c6c61d7",,"2024-06-03T07:15:00.000","30","TRAFFIC SIGNAL","FUNCTIONING PROPERLY","CLEAR","DAYLIGHT","REAR END","DIVIDED - W/MEDIAN (NOT RAISED)",,"STRAIGHT AND LEVEL","DRY","NO DEFECTS","ON SCENE","NO INJURY / DRIVE AWAY",,,,"$500 OR LESS","2024-06-03T07:20:00.000","DRIVING SKILLS/KNOWLEDGE/EXPERIENCE","UNABLE TO DETERMINE","3302","N","CICERO AVE","1634",,,,,,,"2","NO INDICATION OF INJURY","0","0","0","0","0","6","0","7","2","6","41.940753275","-87.747066456","POINT (-87.747066456007 41.940753275152)"
"8b57c442f94b34dbb844585850957d6d8a3038014a32b5b467ada6c685bc530e2cdb6093b9c65b58a9a20a47b21cc19c778727afb5d58a69a884734deb13ad13",,"2024-06-03T07:15:00.000","30","TRAFFIC SIGNAL","FUNCTIONING PROPERLY","CLEAR","DAYLIGHT","SIDESWIPE SAME DIRECTION","DIVIDED - W/MEDIAN (NOT RAISED)",,"STRAIGHT AND LEVEL","DRY","NO DEFECTS","NOT ON SCENE (DESK REPORT)","NO INJURY / DRIVE AWAY",,,"N","OVER $1,500","2024-06-03T14:26:00.000","UNABLE TO DETERMINE","NOT APPLICABLE","1357","S","ASHLAND AVE","1233",,,,,,,"2","NO INDICATION OF INJURY","0","0","0","0","0","2","0","7","2","6","41.863377832","-87.666151807","POINT (-87.666151806893 41.863377832078)"
"fe51a07e2fd89c5cb3b5fe2119d275a35117548c9054a003448b426df83e1d2ea513852f4e0dd3aac984dd803c206ba722907a238f5a9d3c240a6983e9da12d0",,"2024-06-03T07:15:00.000","30","TRAFFIC SIGNAL","FUNCTIONING PROPERLY","CLEAR","DAYLIGHT","REAR END","NOT DIVIDED",,"STRAIGHT AND LEVEL","DRY","NO DEFECTS","ON SCENE","NO INJURY / DRIVE AWAY",,,,"$501 - $1,500","2024-06-03T07:17:00.000","FOLLOWING TOO CLOSELY","FAILING TO REDUCE SPEED TO AVOID CRASH","3915","W","MADISON ST","1122",,"Y",,,,,"2","NO INDICATION OF INJURY","0","0","0","0","0","2","0","7","2","6","41.880641801","-87.723709803","POINT (-87.723709802508 41.880641800966)"
"67488735f632ef4e9c8d0f3db1616994c429e4805666e021ca42488d2542df6a3a80c0a2105630d9544f5af054a362e1b1e93f30cd033eefaaed7adf8fcdca6a",,"2024-06-03T07:05:00.000","30","STOP SIGN/FLASHER","FUNCTIONING PROPERLY","CLEAR","DAYLIGHT","SIDESWIPE SAME DIRECTION","DIVIDED - W/MEDIAN (NOT RAISED)",,"STRAIGHT AND LEVEL","DRY","NO DEFECTS","NOT ON SCENE (DESK REPORT)","NO INJURY / DRIVE AWAY",,,"Y","$500 OR LESS","2024-06-03T08:00:00.000","IMPROPER LANE USAGE","UNABLE TO DETERMINE","1601","S","ASHLAND AVE","1233",,,,,,,"2","NO INDICATION OF INJURY","0","0","0","0","0","2","0","7","2","6","41.859564187","-87.666050245","POINT (-87.666050245158 41.859564187202)"
"7fbf763d0b1264f0cc37fb917cadb2f6bab7762ebecbbef0310f1e4505b1ef4f5dfbc7eea835d23566d63c20b5205d608c1344c087b2bc429a46ef05d3be92b1",,"2024-06-03T07:05:00.000","30","NO CONTROLS","NO CONTROLS","CLEAR","DAYLIGHT","TURNING","DIVIDED - W/MEDIAN (NOT RAISED)",,"STRAIGHT AND LEVEL","DRY","NO DEFECTS","ON SCENE","NO INJURY / DRIVE AWAY",,,,"$500 OR LESS","2024-06-03T08:26:00.000","UNABLE TO DETERMINE","NOT APPLICABLE","8400","S","ASHLAND AVE","614",,,,,,,"2","NO INDICATION OF INJURY","0","0","0","0","0","2","0","7","2","6","41.741157584","-87.663348072","POINT (-87.663348072287 41.741157584111)"
"20f7c3b102e460c5f5b2cc646a26c160591ac75cfc019cedc595f06116ad1f088d092bde0580344e89175d3d3eae11cd87243aa6de92f7b810392079e13bdcca",,"2024-06-03T07:00:00.000","30","NO CONTROLS","NO CONTROLS","UNKNOWN","UNKNOWN","PARKED MOTOR VEHICLE","ONE-WAY",,"STRAIGHT AND LEVEL","UNKNOWN","UNKNOWN","NOT ON SCENE (DESK REPORT)","NO INJURY / DRIVE AWAY",,,"Y","OVER $1,500","2024-06-04T07:29:00.000","UNABLE TO DETERMINE","UNABLE TO DETERMINE","1431","N","OAKLEY BLVD","1424",,,,,,,"2","NO INDICATION OF INJURY","0","0","0","0","0","1","0","7","2","6","41.907646848","-87.684566738","POINT (-87.684566737921 41.90764684806)"
"4a480684bea4cf13df0fed5ef462a9cf075c0bac9b215401b4b7a7b7f6b8c8a2a60ef8bb25f1829b7a8727bba2191143b79a445dbb7dbac4d533b5a07bfa2a67",,"2024-06-03T06:55:00.000","30","NO CONTROLS","NO CONTROLS","CLEAR","DAYLIGHT","PARKED MOTOR VEHICLE","ONE-WAY",,"STRAIGHT AND LEVEL","DRY","NO DEFECTS","ON SCENE","NO INJURY / DRIVE AWAY",,,"Y","$501 - $1,500","2024-06-03T07:00:00.000","IMPROPER BACKING","NOT APPLICABLE","3437","W","61ST ST","823",,,,,,,"2","NO INDICATION OF INJURY","0","0","0","0","0","1","0","6","2","6","41.782403141","-87.709570034","POINT (-87.709570034456 41.782403141136)"
"3a7787e254905617b6380a4359170e52447ade18f0c4c0590787b77887ce36d761b99d9b154dc84ace0b0523c65dbb5054d40bd24d3aebee33a633c6c88ed770",,"2024-06-03T06:50:00.000","30","NO CONTROLS","NO CONTROLS","CLEAR","DAYLIGHT","SIDESWIPE SAME DIRECTION","NOT DIVIDED",,"STRAIGHT AND LEVEL","UNKNOWN","UNKNOWN",,"NO INJURY / DRIVE AWAY",,,,"OVER $1,500","2024-06-03T07:15:00.000","UNABLE TO DETERMINE","UNABLE TO DETERMINE","6301","N","NAGLE AVE","1611",,,,,,,"2","NO INDICATION OF INJURY","0","0","0","0","0","2","0","6","2","6","41.995189184","-87.787358001","POINT (-87.787358000551 41.995189184384)"
"7665a99d91aa1e6ead7f6b4e97e3c6a754c576183273c3d057a2f486a98ffe66fa5864471d426b09e40f919a1c41b13c95c98006cf9d262829d3503ef718869c",,"2024-06-03T06:50:00.000","45","NO CONTROLS","NO CONTROLS","CLEAR","DAYLIGHT","FIXED OBJECT","DIVIDED - W/MEDIAN BARRIER",,"STRAIGHT AND LEVEL","DRY","NO DEFECTS","ON SCENE","INJURY AND / OR TOW DUE TO CRASH",,,,"OVER $1,500","2024-06-03T07:00:00.000","UNABLE TO DETERMINE","UNABLE TO DETERMINE","5100","S","LAKE SHORE DR SB","234",,,,,,,"1","REPORTED, NOT EVIDENT","1","0","0","0","1","0","0","6","2","6","41.80247042","-87.581777928","POINT (-87.581777927646 41.802470420281)"
"7d717aae8541774ae109d840f145e5c52343fb15ffa616a9daf0dbe34c5c5ccbfe4b4ea65842a5ca2142d21de691853c57bb5317dffa659261002d3dd7622f0f",,"2024-06-03T06:50:00.000","25","NO CONTROLS","NO CONTROLS","UNKNOWN","UNKNOWN","REAR END","NOT DIVIDED",,"STRAIGHT AND LEVEL","UNKNOWN","UNKNOWN","NOT ON SCENE (DESK REPORT)","NO INJURY / DRIVE AWAY",,,"Y","OVER $1,500","2024-06-05T17:00:00.000","UNABLE TO DETERMINE","NOT APPLICABLE","3051","W","GRAND AVE","1211",,,,,,,"2","NO INDICATION OF INJURY","0","0","0","0","0","2","0","6","2","6","41.896828759","-87.703229682","POINT (-87.703229682489 41.896828759228)"
"919c803e4c39d98a7b9607e4d0b61e1188541936f43393d2a73bbb01508d51f65bc4ae8de84d88fba6539c5a5b19d619672779a95d0c4c5668151410f62b36c2",,"2024-06-03T06:50:00.000","30","NO CONTROLS","NO CONTROLS","CLEAR","DAYLIGHT","REAR END","NOT DIVIDED",,"STRAIGHT AND LEVEL","DRY","UNKNOWN","NOT ON SCENE (DESK REPORT)","NO INJURY / DRIVE AWAY",,,,"$501 - $1,500","2024-06-03T17:30:00.000","FOLLOWING TOO CLOSELY","NOT APPLICABLE","2803","W","GRAND AVE","1221",,,,,,,"2","NO INDICATION OF INJURY","0","0","0","0","0","2","0","6","2","6","41.894326846","-87.696965831","POINT (-87.696965831427 41.894326846245)"
"ee436af0bcb1b3219f5a28262eecb61076d608fed564b91c5433fd0c67b433015ab11650e1402206bb28c53868b220f5a304c4982d35ba1fe35aafb5b48f3e58",,"2024-06-03T06:45:00.000","25","TRAFFIC SIGNAL","UNKNOWN","CLEAR","DAYLIGHT","TURNING","FOUR WAY",,"STRAIGHT AND LEVEL","DRY","UNKNOWN","NOT ON SCENE (DESK REPORT)","NO INJURY / DRIVE AWAY","Y",,"Y","$500 OR LESS","2024-06-03T07:25:00.000","UNABLE TO DETERMINE","NOT APPLICABLE","643","W","18TH ST","1235",,,,,,,"2","NO INDICATION OF INJURY","0","0","0","0","0","3","0","6","2","6","41.857483914","-87.643569836","POINT (-87.643569835771 41.857483914386)"
"fefd12c30c9eedfca0c3599c2b724bb31a98cb538b13b04bcf8b321a3a4c91f36e7c0ee909f9bd8892f8566097b2e95c9e9295d32bb822370c0225d8ad240bdd","Y","2024-06-03T06:15:00.000","25","NO CONTROLS","NO CONTROLS","CLEAR","DAYLIGHT","PARKED MOTOR VEHICLE","ONE-WAY",,"STRAIGHT AND LEVEL","DRY","NO DEFECTS","NOT ON SCENE (DESK REPORT)","NO INJURY / DRIVE AWAY",,,,"OVER $1,500","2024-06-03T17:25:00.000","UNABLE TO DETERMINE","UNABLE TO DETERMINE","3832","W","19TH ST","1014",,,,,,,"2","NO INDICATION OF INJURY","0","0","0","0","0","1","0","6","2","6","41.855142619","-87.721155789","POINT (-87.721155789436 41.855142619437)"
"98e8d23b51cd3c91a197b94bef47400ff97f2b8bf21d71ac670e24bf616c76aeb1a963f566bf46f203040a416d321343da31115da185eb124321131439bda4a8","N","2024-06-03T06:00:00.000","35","NO CONTROLS","NO CONTROLS","CLEAR","DAYLIGHT","PARKED MOTOR VEHICLE","ONE-WAY",,"STRAIGHT AND LEVEL","DRY","NO DEFECTS","ON SCENE","NO INJURY / DRIVE AWAY",,,"Y","$500 OR LESS","2024-06-03T06:30:00.000","UNABLE TO DETERMINE","UNABLE TO DETERMINE","455","W","EVERGREEN AVE","1821",,,,,,,"2","NO INDICATION OF INJURY","0","0","0","0","0","1","0","6","2","6","41.906374227","-87.640655782","POINT (-87.640655782095 41.906374227362)"