"crash_record_id","crash_date_est_i","crash_date","posted_speed_limit","traffic_control_device","device_condition","weather_condition","lighting_condition","first_crash_type","trafficway_type","lane_cnt","alignment","roadway_surface_cond","road_defect","report_type","crash_type","intersection_related_i","private_property_i","hit_and_run_i","damage","date_police_notified","prim_contributory_cause","sec_contributory_cause","street_no","street_direction","street_name","beat_of_occurrence","photos_taken_i","statements_taken_i","dooring_i","work_zone_i","work_zone_type","workers_present_i","num_units","most_severe_injury","injuries_total","injuries_fatal","injuries_incapacitating","injuries_non_incapacitating","injuries_reported_not_evident","injuries_no_indication","injuries_unknown","crash_hour","crash_day_of_week","crash_month","latitude","longitude","location"
"20bca78bb710fab90237aaa4c0cf3446817bd595ecd6dbc2a15385a59942e750a417a7514bab12c1f1233fa939ae804f3cc8c637d1fa30f520a51ebf1d7a94d7",,"2024-06-03T05:50:00.000","40","NO CONTROLS","NO CONTROLS","CLEAR","DAWN","TURNING","NOT DIVIDED",,"STRAIGHT AND LEVEL","DRY","NO DEFECTS","ON SCENE","INJURY AND / OR TOW DUE TO CRASH",,,,"OVER $1,500","2024-06-03T05:53:00.000","FAILING TO YIELD RIGHT-OF-WAY","FOLLOWING TOO CLOSELY","3701","S","KEDZIE AVE","911",,,,,,,"3","NONINCAPACITATING INJURY","7","0","0","6","1","1","0","5","2","6","41.826226929","-87.704356887","POINT (-87.70435688748 41.826226928781)"
"55b9aab2a19fb5d6b082e710b8af556afa975a99a12866de951ff8c25ccb98586dd0448fedc84fa7d85171f0a9df77f952dd90265b8e1527a8ba076fa744e530",,"2024-06-03T05:45:00.000","30","TRAFFIC SIGNAL","FUNCTIONING PROPERLY","CLEAR","DAYLIGHT","REAR END","NOT DIVIDED",,"STRAIGHT AND LEVEL","DRY","NO DEFECTS","NOT ON SCENE (DESK REPORT)","NO INJURY / DRIVE AWAY",,,,"OVER $1,500","2024-06-03T13:51:00.000","FOLLOWING TOO CLOSELY","NOT APPLICABLE","2030","E","MARQUETTE DR","331",,,,,,,"2","NO INDICATION OF INJURY","0","0","0","0","0","2","0","5","2","6","41.775506692","-87.575179174","POINT (-87.575179173756 41.775506692232)"
"f8d45bdf227b405df03a37418a6e9dfccd2e8b69bf344dc68ef6f82babde45ce6ac562fa1b657d33dad7c6004ac8eafe2d66f56ca6930264ed4fd6eb9cc1110c",,"2024-06-03T05:30:00.000","30","NO CONTROLS","NO CONTROLS","CLEAR","DAYLIGHT","PARKED MOTOR VEHICLE","DIVIDED - W/MEDIAN (NOT RAISED)",,"STRAIGHT AND LEVEL","DRY","NO DEFECTS","NOT ON SCENE (DESK REPORT)","NO INJURY / DRIVE AWAY",,,"Y","OVER $1,500","2024-06-03T13:20:00.000","IMPROPER LANE USAGE","UNABLE TO DETERMINE","2515","N","CALIFORNIA AVE","1431",,,,,,,"2","NO INDICATION OF INJURY","0","0","0","0","0","1","0","5","2","6","41.927066644","-87.697329844","POINT (-87.697329844096 41.927066643769)"
"29e42abc35f4b1e4232dc8a84e1708e3edff826d0dc117750d093cd162a6f0f21bcb3df0a96bc081779f5adaf49898906dbb7fba2ee1a2528901c9e3f4d788bc",,"2024-06-03T05:06:00.000","30","NO CONTROLS","NO CONTROLS","CLEAR","DAYLIGHT","PARKED MOTOR VEHICLE","DIVIDED - W/MEDIAN (NOT RAISED)",,"STRAIGHT AND LEVEL","DRY","UNKNOWN","ON SCENE","INJURY AND / OR TOW DUE TO CRASH",,,,"OVER $1,500","2024-06-03T05:10:00.000","UNABLE TO DETERMINE","NOT APPLICABLE","1530","S","PULASKI RD","1012",,,,,,,"2","NO INDICATION OF INJURY","0","0","0","0","0","1","0","5","2","6","41.859750815","-87.725127495","POINT (-87.725127494814 41.859750814893)"
"bd4c7eb7797fba964e492dbb6b12df656e7a038665e8aff655d7b00f1776795890f2fe54e1f747786fba21da5c18ac5e9998b5a6e5094885eeda940bda0b89b0",,"2024-06-03T05:05:00.000","30","TRAFFIC SIGNAL","FUNCTIONING PROPERLY","CLEAR","DAWN","FIXED OBJECT","DIVIDED - W/MEDIAN (NOT RAISED)",,"STRAIGHT AND LEVEL","DRY","UNKNOWN","ON SCENE","INJURY AND / OR TOW DUE TO CRASH",,,,"OVER $1,500","2024-06-03T05:08:00.000","EQUIPMENT - VEHICLE CONDITION","EQUIPMENT - VEHICLE CONDITION","600","W","CHICAGO AVE","1822",,,,,,,"1","NONINCAPACITATING INJURY","1","0","0","1","0","0","0","5","2","6","41.896585191","-87.642996182","POINT (-87.642996181725 41.8965851912)"
"d1283b7887d3db186e746039f94c1f6b724b687450c2c957528e373f31bf154651790935da8a1955026cb486e06e4b5894c26a2cd4bf75fe516908de36d66605",,"2024-06-03T05:02:00.000","30","TRAFFIC SIGNAL","FUNCTIONING PROPERLY","CLEAR","DAYLIGHT","FIXED OBJECT","NOT DIVIDED",,"STRAIGHT AND LEVEL","DRY","NO DEFECTS","NOT ON SCENE (DESK REPORT)","INJURY AND / OR TOW DUE TO CRASH",,,,"OVER $1,500","2024-06-04T19:49:00.000","UNABLE TO DETERMINE","UNABLE TO DETERMINE","610","W","CHICAGO AVE","1822",,,,,,,"1","NO INDICATION OF INJURY","0","0","0","0","0","1","0","5","2","6","41.896578176","-87.643412445","POINT (-87.643412445373 41.896578176014)"
"417a6fa4d9d875ad2278113d13a936d94b4c4ea95c2d3081d05463accc8088f48a11a124fa087025510b66e6216f1dd9d7e8df6a7e9db9fa14ca79f3ed316449","Y","2024-06-03T05:00:00.000","25","NO CONTROLS","NO CONTROLS","CLEAR","DAYLIGHT","PARKED MOTOR VEHICLE","ONE-WAY",,"STRAIGHT AND LEVEL","DRY","NO DEFECTS","NOT ON SCENE (DESK REPORT)","NO INJURY / DRIVE AWAY",,,,"OVER $1,500","2024-06-03T16:45:00.000","UNABLE TO DETERMINE","UNABLE TO DETERMINE","5133","S","FRANCISCO AVE","923",,,,,,,"2","NO INDICATION OF INJURY","0","0","0","0","0","1","0","5","2","6","41.799950822","-87.69626715","POINT (-87.696267149949 41.79995082169)"
"7830a90ea5843a460c68dd6a0a65deed7b8c2f8cf55fa8d8a424990b852f68a3ec6c778923b7158e65f3ff6af426e090683e9fad97471c4d55b2c10b2045015d",,"2024-06-03T05:00:00.000","30","NO CONTROLS","NO CONTROLS","CLEAR","DAYLIGHT","PARKED MOTOR VEHICLE","NOT DIVIDED",,"STRAIGHT AND LEVEL","DRY","NO DEFECTS","ON SCENE","INJURY AND / OR TOW DUE TO CRASH",,,"Y","OVER $1,500","2024-06-03T05:14:00.000","UNABLE TO DETERMINE","NOT APPLICABLE","2511","N","CALIFORNIA AVE","1431",,,,,,,"2","NO INDICATION OF INJURY","0","0","0","0","0","1","0","5","2","6","41.926957295","-87.697326544","POINT (-87.697326543765 41.92695729454)"
"c593347db74710a489772ed4081d8e87db049e950d4e988d6a7fba50b2e2af5ad8ef90d2df4fecbccd84ceb02b9f738532a0a4c8c9bc02af5e53285baaca27fd","Y","2024-06-03T05:00:00.000","30","STOP SIGN/FLASHER","FUNCTIONING PROPERLY","UNKNOWN","UNKNOWN","PARKED MOTOR VEHICLE","NOT DIVIDED",,"STRAIGHT AND LEVEL","UNKNOWN","UNKNOWN","ON SCENE","INJURY AND / OR TOW DUE TO CRASH",,,"Y","OVER $1,500","2024-06-03T10:40:00.000","UNABLE TO DETERMINE","NOT APPLICABLE","4200","N","KEELER AVE","1722",,,,,,,"2","NO INDICATION OF INJURY","0","0","0","0","0","1","0","5","2","6","41.957334307","-87.732733236","POINT (-87.732733235773 41.957334307207)"
"29886f9f7534b58fc233942cb22ca611450765dcba3e9cb2676b8279aa264aeaa43f3b97cb54467ae10c27b9c98b61f36cd16dac2c5d291d9389682e4e076c07",,"2024-06-03T04:51:00.000","30","NO CONTROLS","NO CONTROLS","CLEAR","DUSK","PARKED MOTOR VEHICLE","NOT DIVIDED",,"STRAIGHT AND LEVEL","DRY","NO DEFECTS","ON SCENE","INJURY AND / OR TOW DUE TO CRASH",,,,"OVER $1,500","2024-06-03T04:51:00.000","UNABLE TO DETERMINE","UNABLE TO DETERMINE","7931","S","DR MARTIN LUTHER KING JR DR","624",,,,,,,"2","NONINCAPACITATING INJURY","1","0","0","1","0","1","0","4","2","6","41.750176649","-87.614800028","POINT (-87.614800028487 41.75017664947)"
"b294736f4c0667352a9dc39b68fa8bbe6b88b83862592addb5448ba6b3c496bb3f3f9e53218aa6975f684fb4afcb6ef6c0d672ef66d145f53219c1663677e412",,"2024-06-03T04:50:00.000","30","UNKNOWN","UNKNOWN","UNKNOWN","UNKNOWN","REAR END","NOT DIVIDED",,"STRAIGHT AND LEVEL","UNKNOWN","UNKNOWN","NOT ON SCENE (DESK REPORT)","NO INJURY / DRIVE AWAY",,,"Y","OVER $1,500","2024-06-03T08:00:00.000","UNABLE TO DETERMINE","UNABLE TO DETERMINE","5414","S","HYDE PARK BLVD","234",,,,,,,"2","NO INDICATION OF INJURY","0","0","0","0","0","3","0","4","2","6","41.797621564","-87.584154586","POINT (-87.58415458639 41.797621563636)"
"035f3137d9291ee4bb40b725fd0e2e0379d0be1ed89fb82f52c645bf703426963859623d5fc60da2b4e54f8825960398946d21dd0b53d09958dadb90c7558228",,"2024-06-03T04:36:00.000","25","NO CONTROLS","NO CONTROLS","CLEAR","DAWN","HEAD ON","OTHER",,"STRAIGHT AND LEVEL","DRY","NO DEFECTS","ON SCENE","NO INJURY / DRIVE AWAY",,,"Y","OVER $1,500","2024-06-03T04:38:00.000","IMPROPER TURNING/NO SIGNAL","NOT APPLICABLE","3803","W","ROOSEVELT RD","1011",,,,,,,"2","NO INDICATION OF INJURY","0","0","0","0","0","2","0","4","2","6","41.86612813","-87.720264008","POINT (-87.720264008274 41.866128129787)"
"232df92144129f87676d66a34a46f3dc0d8bf6ed406a304325d005fe0dc0d9bb8bd81b582e5913b1a329c80c3e8abef7bbfab211f84857a54bd4994b792938c0",,"2024-06-03T04:18:00.000","30","NO CONTROLS","NO CONTROLS","CLEAR","DARKNESS, LIGHTED ROAD","FIXED OBJECT","NOT DIVIDED",,"STRAIGHT AND LEVEL","DRY","NO DEFECTS","ON SCENE","INJURY AND / OR TOW DUE TO CRASH",,,,"OVER $1,500","2024-06-03T04:18:00.000","PHYSICAL CONDITION OF DRIVER","NOT APPLICABLE","3727","N","AUSTIN AVE","1633",,,,,,,"1","INCAPACITATING INJURY","2","0","2","0","0","0","0","4","2","6","41.948458876","-87.776459496","POINT (-87.776459496429 41.948458875996)"
"8fb13bf4c9de80e236091a993037c8cbaf98ac6e47d1cd5be40a2f19b86a3acb3dc8e5730c60649a2bf8bbbf30b4b87041c04cbaeeb007bca50045a2cf87f4b9","Y","2024-06-03T04:00:00.000","20","NO CONTROLS","NO CONTROLS","CLEAR","DAYLIGHT","PARKED MOTOR VEHICLE","ONE-WAY",,"STRAIGHT AND LEVEL","DRY","NO DEFECTS","ON SCENE","NO INJURY / DRIVE AWAY",,,"Y","OVER $1,500","2024-06-03T11:00:00.000","UNABLE TO DETERMINE","UNABLE TO DETERMINE","11129","S","WASHTENAW AVE","2212",,,,,,,"2","NO INDICATION OF INJURY","0","0","0","0","0","1","0","4","2","6","41.690837445","-87.688357247","POINT (-87.68835724739 41.690837444948)"
"5ebf5f43606f4871a7ea7563f685a523659904f7b8fe834e0f41dc084975fc01982e090c569db49811745961a9f6cc197e05f8691750ccf2c0527678d04a9a1b",,"2024-06-03T03:44:00.000","30","TRAFFIC SIGNAL","FUNCTIONING PROPERLY","CLEAR","DARKNESS, LIGHTED ROAD","TURNING","FOUR WAY",,"STRAIGHT AND LEVEL","DRY","NO DEFECTS","ON SCENE","INJURY AND / OR TOW DUE TO CRASH","Y",,"Y","OVER $1,500","2024-06-03T03:45:00.000","FAILING TO REDUCE SPEED TO AVOID CRASH","UNABLE TO DETERMINE","30","W","79TH ST","623",,,,,,,"2","INCAPACITATING INJURY","3","0","3","0","0","2","0","3","2","6","41.751036601","-87.625807148","POINT (-87.625807147846 41.751036600941)"
"1211371941ccbfe67883b35c76615dc6ab8796412ee1346b645c64d532b4ad67fc790e3112a81adcdee89df166536629476661f5a16e8d08355b07b78fdcb980",,"2024-06-03T03:41:00.000","30","NO CONTROLS","NO CONTROLS","CLEAR","DARKNESS, LIGHTED ROAD","PARKED MOTOR VEHICLE","NOT DIVIDED",,"STRAIGHT AND LEVEL","DRY","NO DEFECTS","ON SCENE","INJURY AND / OR TOW DUE TO CRASH",,,,"OVER $1,500","2024-06-03T03:43:00.000","DRIVING SKILLS/KNOWLEDGE/EXPERIENCE","DRIVING SKILLS/KNOWLEDGE/EXPERIENCE","3699","N","AUSTIN AVE","1633",,,,,,,"2","NO INDICATION OF INJURY","0","0","0","0","0","1","0","3","2","6","41.947549635","-87.77642533","POINT (-87.776425329743 41.947549634557)"
"2a9fe05a3dd183bf75c3e20c62001f90e0418c928c6c9ec5f80cc97cfa025c4151888ba5533da16d0817c195f5fce77ca7067dac24e7240c60eaa8634d4beb52",,"2024-06-03T03:01:00.000","20","UNKNOWN","UNKNOWN","CLEAR","DARKNESS, LIGHTED ROAD","PARKED MOTOR VEHICLE","NOT DIVIDED",,"STRAIGHT AND LEVEL","DRY","UNKNOWN","ON SCENE","NO INJURY / DRIVE AWAY",,,"Y","OVER $1,500","2024-06-03T03:02:00.000","UNABLE TO DETERMINE","UNABLE TO DETERMINE","3948","N","LAVERGNE AVE","1634",,,,,,,"2","NO INDICATION OF INJURY","0","0","0","0","0","3","0","3","2","6","41.953005687","-87.752368874","POINT (-87.752368874422 41.953005686641)"
"26401d6e90f998541fc08f1f96185505e703b2dc3ee5ffc5ef4b6f227c85f4ae1729c26fd21494680f6df898675f8146bf6d74a2fb279736e87f6b8acd76a2f7",,"2024-06-03T03:00:00.000","30","NO CONTROLS","NO CONTROLS","CLEAR","DARKNESS","PARKED MOTOR VEHICLE","NOT DIVIDED",,"STRAIGHT AND LEVEL","DRY","UNKNOWN","ON SCENE","NO INJURY / DRIVE AWAY",,,"Y","OVER $1,500","2024-06-03T04:45:00.000","UNABLE TO DETERMINE","NOT APPLICABLE","312","N","KEDZIE AVE","1123",,,,,,,"3","NO INDICATION OF INJURY","0","0","0","0","0","1","0","3","2","6","41.886785018","-87.706440664","POINT (-87.706440664227 41.886785017905)"
"c32ba3f15e4f582af3520c78115318959a42c644d62e162c646e5f6e3a1fe493db79da891313de824d453d1b509d1d5c955d1b5fb15fb11d5ba2043ed116739e",,"2024-06-03T03:00:00.000","15","NO CONTROLS","NO CONTROLS","CLEAR","DARKNESS, LIGHTED ROAD","OTHER OBJECT","PARKING LOT",,"STRAIGHT AND LEVEL","DRY","NO DEFECTS","NOT ON SCENE (DESK REPORT)","INJURY AND / OR TOW DUE TO CRASH",,"Y",,"OVER $1,500","2024-06-04T16:00:00.000","UNABLE TO DETERMINE","UNABLE TO DETERMINE","4200","S","LAKE PARK AVE","214",,,,,,,"1","NO INDICATION OF INJURY","0","0","0","0","0","1","0","3","2","6","41.817955665","-87.599766","POINT (-87.59976599985 41.817955665214)"
"5b44284fc5e30df4f1baf207c92f6a37e3b2789823eb8bfea9a5394ee954817a820ae6fc1956460ee0d73230f5206d18080f5625262d7c823da0f45f83445b5e",,"2024-06-03T02:40:00.000","30","NO CONTROLS","NO CONTROLS","CLEAR","DARKNESS, LIGHTED ROAD","PARKED MOTOR VEHICLE","ONE-WAY",,"STRAIGHT AND LEVEL","DRY","NO DEFECTS","ON SCENE","NO INJURY / DRIVE AWAY",,,"Y","OVER $1,500","2024-06-03T02:53:00.000","UNABLE TO DETERMINE","UNABLE TO DETERMINE","5726","S","SPAULDING AVE","822",,,,,,,"4","NO INDICATION OF INJURY","0","0","0","0","0","1","0","2","2","6","41.789017913","-87.706023057","POINT (-87.70602305715 41.789017913316)"
"ea62eba90f8666be61ffeb4f4d95759b6b968f48aa8510973b4980246599aaaf8aa08a60721d1efe83ff9894aea28b47f4f4d7081cbd7383da74544780350ea3",,"2024-06-03T02:35:00.000","20","NO CONTROLS","NO CONTROLS","CLEAR","DARKNESS, LIGHTED ROAD","FIXED OBJECT","OTHER",,"STRAIGHT AND LEVEL","DRY","NO DEFECTS","ON SCENE","INJURY AND / OR TOW DUE TO CRASH",,,"Y","OVER $1,500","2024-06-03T02:35:00.000","FAILING TO REDUCE SPEED TO AVOID CRASH","NOT APPLICABLE","1952","S","PRAIRIE AVE","132",,,,,,,"1","NONINCAPACITATING INJURY","2","0","0","2","0","1","0","2","2","6","41.855635324","-87.620867202","POINT (-87.620867202311 41.855635323634)"
"4c881caa92420f0346c78385dd464fc88977932df0d71fe931bfbf2106f2d7bc890085da55670d1c9a6231212417e9867d9bd3d2550aa1a8c0c3d3895b837bff",,"2024-06-03T02:06:00.000","30","NO CONTROLS","NO CONTROLS","CLEAR","DARKNESS, LIGHTED ROAD","FIXED OBJECT","ALLEY",,"STRAIGHT AND LEVEL","DRY","NO DEFECTS","ON SCENE","INJURY AND / OR TOW DUE TO CRASH",,,,"OVER $1,500","2024-06-03T02:11:00.000","PHYSICAL CONDITION OF DRIVER","NOT APPLICABLE","1934","W","21ST ST","1234",,,,,,,"1","NONINCAPACITATING INJURY","1","0","0","1","0","0","0","2","2","6","41.854136617","-87.674861865","POINT (-87.674861864727 41.854136616908)"
"e906e7781fc9738da760e03639e967c5c7380f0730553a9e98d3d9fc429f34b34a40d8cf0b13a8b9d94f980725b6c12866e3c2bb5af576b8cba029fe171fae55",,"2024-06-03T01:59:00.000","30","NO CONTROLS","NO CONTROLS","CLEAR","DARKNESS, LIGHTED ROAD","SIDESWIPE SAME DIRECTION","DIVIDED - W/MEDIAN (NOT RAISED)",,"STRAIGHT AND LEVEL","DRY","NO DEFECTS","ON SCENE","NO INJURY / DRIVE AWAY",,,"Y","OVER $1,500","2024-06-03T02:18:00.000","IMPROPER OVERTAKING/PASSING","FAILING TO REDUCE SPEED TO AVOID CRASH","5499","S","LATROBE AVE","814",,,,,,,"2","NO INDICATION OF INJURY","0","0","0","0","0","3","0","1","2","6","41.79296021","-87.753607413","POINT (-87.753607412574 41.792960210038)"
"cc6a7f2c3c03d03062898a5aa224a118171d7f767ed31477e32795e5dcf8c3199a223e3e396a2f2e166331a90e3fb46a0658f2886b58426a052cd562e7765fae",,"2024-06-03T01:55:00.000","25","NO CONTROLS","NO CONTROLS","CLEAR","DARKNESS, LIGHTED ROAD","PARKED MOTOR VEHICLE","NOT DIVIDED",,"STRAIGHT AND LEVEL","DRY","NO DEFECTS","ON SCENE","NO INJURY / DRIVE AWAY",,,,"OVER $1,500","2024-06-03T01:55:00.000","UNABLE TO DETERMINE","NOT APPLICABLE","6031","S","CALIFORNIA AVE","825",,,,,,,"2","NO INDICATION OF INJURY","0","0","0","0","0","3","0","1","2","6","41.783645636","-87.693371911","POINT (-87.693371910856 41.783645636283)"
"526b5593ab4e75205b1fdbe2f3a8e73c6bc7d36a0b07b53016836087df0df4afebac5f933d32f39cfd04d91a389c6475821f508ff9afc537bd754f2cc82c7548",,"2024-06-03T01:33:00.000","30","NO CONTROLS","NO CONTROLS","CLEAR","DARKNESS, LIGHTED ROAD","PARKED MOTOR VEHICLE","ONE-WAY",,"STRAIGHT AND LEVEL","DRY","NO DEFECTS","ON SCENE","NO INJURY / DRIVE AWAY",,,"Y","OVER $1,500","2024-06-03T01:33:00.000","DRIVING ON WRONG SIDE/WRONG WAY","OPERATING VEHICLE IN ERRATIC, RECKLESS, CARELESS, NEGLIGENT OR AGGRESSIVE MANNER","6838","S","MARSHFIELD AVE","725",,"Y",,,,,"2","NO INDICATION OF INJURY","0","0","0","0","0","1","0","1","2","6","41.769188665","-87.665296442","POINT (-87.66529644233 41.769188665021)"
"74d36516a9713961540193dcb68112730734177cd69ab2d44f08f8fb207843f3045c5ef518f0ba1c05a30ac02677126c0236a1f5dc2cf732f655e9cd40aefd72",,"2024-06-03T01:28:00.000","30","NO CONTROLS","NO CONTROLS","CLEAR","DARKNESS, LIGHTED ROAD","PARKED MOTOR VEHICLE","NOT DIVIDED",,"STRAIGHT AND LEVEL","DRY","NO DEFECTS","NOT ON SCENE (DESK REPORT)","NO INJURY / DRIVE AWAY",,,"Y","OVER $1,500","2024-06-03T17:37:00.000","UNABLE TO DETERMINE","NOT APPLICABLE","3108","W","63RD ST","823",,,,,,,"2","NO INDICATION OF INJURY","0","0","0","0","0","1","0","1","2","6","41.779112136","-87.701130215","POINT (-87.701130215008 41.779112135587)"
"a7d0ff795b1cb48a61261ac803d12598a0e9bac10304bfdb98c9e540a7c7754794a41bd272656fc2bb57215774ea2db0ce8be0c78768a3aaa76969b256d7b57d",,"2024-06-03T01:19:00.000","35","UNKNOWN","UNKNOWN","CLEAR","DAWN","FIXED OBJECT","DIVIDED - W/MEDIAN BARRIER",,"STRAIGHT AND LEVEL","DRY","NO DEFECTS","ON SCENE","INJURY AND / OR TOW DUE TO CRASH",,,,"OVER $1,500","2024-06-03T01:19:00.000","UNABLE TO DETERMINE","NOT APPLICABLE","6899","S","STONY ISLAND AVE","332",,,,"Y","CONSTRUCTION",,"1","NO INDICATION OF INJURY","0","0","0","0","0","1","0","1","2","6","41.769794341","-87.585801869","POINT (-87.58580186939 41.769794340651)"
"2345a9d9a6f929afcce9f56e81f06471926fef448da4dcf9c627962b637b049f91eb8737f694f90759530b902e0d6897a7a47c6ccc0ecedc295a95f524ce2261",,"2024-06-03T00:55:00.000","30","NO CONTROLS","NO CONTROLS","CLEAR","DARKNESS, LIGHTED ROAD","SIDESWIPE SAME DIRECTION","ONE-WAY",,"STRAIGHT AND LEVEL","DRY","UNKNOWN","NOT ON SCENE (DESK REPORT)","INJURY AND / OR TOW DUE TO CRASH",,,"Y","OVER $1,500","2024-06-03T01:00:00.000","FAILING TO YIELD RIGHT-OF-WAY","NOT APPLICABLE","1614","S","LAKE SHORE DR NB","132",,,,,,,"3","REPORTED, NOT EVIDENT","1","0","0","0","1","3","0","0","2","6","41.859852556","-87.617785953","POINT (-87.617785952601 41.859852555577)"
"1d9f66241c60872d4aa73830b89d88820a9e1fd2f67e0835c1669866898b974090042872828c0b7079866ad94f4608e8fab644d2e7e1c6987f0e6730a8d3f04b",,"2024-06-03T00:50:00.000","30","STOP SIGN/FLASHER","NO CONTROLS","CLEAR","DARKNESS, LIGHTED ROAD","TURNING","ONE-WAY",,"STRAIGHT AND LEVEL","DRY","NO DEFECTS","ON SCENE","INJURY AND / OR TOW DUE TO CRASH",,,,"OVER $1,500","2024-06-03T00:54:00.000","DISREGARDING STOP SIGN","NOT APPLICABLE","718","W","RANDOLPH ST","1224",,"Y",,,,,"2","NONINCAPACITATING INJURY","1","0","0","1","0","2","0","0","2","6","41.884523164","-87.646463571","POINT (-87.646463570615 41.884523164198)"
"9640185de2bda9054cc802749dc5e78c102a9364138be2b87f5378c3bab1f4ed9175074e7fc69508e5e4531e17dc5eee05c74d42acd12693b42c2aa46b820792",,"2024-06-03T00:34:00.000","30","TRAFFIC SIGNAL","FUNCTIONING PROPERLY","CLEAR","DARKNESS, LIGHTED ROAD","REAR END","NOT DIVIDED",,"STRAIGHT AND LEVEL","UNKNOWN","UNKNOWN","NOT ON SCENE (DESK REPORT)","NO INJURY / DRIVE AWAY",,,"Y","OVER $1,500","2024-06-03T01:34:00.000","FAILING TO REDUCE SPEED TO AVOID CRASH","UNABLE TO DETERMINE","522","W","ROOSEVELT RD","124","Y",,,,,,"2","NO INDICATION OF INJURY","0","0","0","0","0","3","0","0","2","6","41.867356182","-87.640226641","POINT (-87.640226640564 41.867356182227)"
"b14bb40962110b31e769329e65926937c21f427cd646d0fbf6df5c5193512753a15fed84bcf03f6d6818f8f03e1cc1f6dba42111f38a86e4634f154d72067861",,"2024-06-03T00:27:00.000","45","NO CONTROLS","NO CONTROLS","CLEAR","DARKNESS, LIGHTED ROAD","PARKED MOTOR VEHICLE","ONE-WAY",,"STRAIGHT AND LEVEL","DRY","NO DEFECTS","ON SCENE","INJURY AND / OR TOW DUE TO CRASH","N",,,"OVER $1,500","2024-06-03T00:31:00.000","IMPROPER LANE USAGE","FOLLOWING TOO CLOSELY","1800","S","LAKE SHORE DR SB","132",,,,,,,"2","NONINCAPACITATING INJURY","1","0","0","1","0","1","0","0","2","6","41.857849087","-87.616840879","POINT (-87.616840879395 41.857849087118)"
"b271e5554e810a7dd66a37168fcbf86635c38182eceef84ff1841cfc66a83315b5fd8c73da77a7261f4738f92c1d68b0d2e64277a9b337f68ea09cff8ede1765",,"2024-06-03T00:25:00.000","40","NO CONTROLS","NO CONTROLS","CLEAR","DARKNESS, LIGHTED ROAD","REAR END","ONE-WAY",,"CURVE, LEVEL","DRY","NO DEFECTS","ON SCENE","INJURY AND / OR TOW DUE TO CRASH",,,,"OVER $1,500","2024-06-03T00:30:00.000","FOLLOWING TOO CLOSELY","NOT APPLICABLE","1250","S","LAKE SHORE DR SB","132",,,,,,,"2","NO INDICATION OF INJURY","0","0","0","0","0","2","0","0","2","6","41.866101733","-87.619717037","POINT (-87.619717036583 41.866101732776)"
"8cc28ab49d59cca215e7e066ef567cb4126184299adc89efaa5305320a41ccf6dddb933a6f837a98bac81a4052c6b6b5d710908f04a743e6c4bd5382e6f31694",,"2024-06-03T00:15:00.000","30","TRAFFIC SIGNAL","FUNCTIONING PROPERLY","CLEAR","DARKNESS, LIGHTED ROAD","TURNING","NOT DIVIDED",,"STRAIGHT AND LEVEL","DRY","NO DEFECTS","NOT ON SCENE (DESK REPORT)","NO INJURY / DRIVE AWAY","Y",,"Y","OVER $1,500","2024-06-03T00:34:00.000","UNABLE TO DETERMINE","NOT APPLICABLE","7050","S","DAMEN AVE","735",,,,,,,"2","NO INDICATION OF INJURY","0","0","0","0","0","3","0","0","2","6","41.76510261","-87.673687368","POINT (-87.673687367606 41.765102610004)"
"0af970ab13e39d2f7612be8d868bf2f78aab19126425cf4b5250c336c1d158bfbb6ee413f3043a44b66026c8a602fb0705bf55de0c8f5130071cb5fd7b3bf936",,"2024-06-03T00:00:00.000","20","UNKNOWN","UNKNOWN","CLEAR","DAYLIGHT","REAR END","UNKNOWN",,"STRAIGHT AND LEVEL","UNKNOWN","UNKNOWN","NOT ON SCENE (DESK REPORT)","NO INJURY / DRIVE AWAY",,,"Y","$500 OR LESS","2024-06-03T18:45:00.000","UNABLE TO DETERMINE","NOT APPLICABLE","5555","W","GRAND AVE","2515",,,,,,,"2","NO INDICATION OF INJURY","0","0","0","0","0","3","0","0","2","6","41.918608891","-87.765574479","POINT (-87.765574478976 41.918608891151)"
"36378fdbfa246504d0df3ee3efb3721fb4623730b5bb2b8ae540df196066b1ac42ad853b43af835102b7e3ebe1ac74d58088b5fc51d1f8d2b5112d25f9ebdafa",,"2024-06-03T00:00:00.000","20","NO CONTROLS","NO CONTROLS","CLEAR","DARKNESS, LIGHTED ROAD","PARKED MOTOR VEHICLE","ONE-WAY",,"STRAIGHT AND LEVEL","DRY","NO DEFECTS","ON SCENE","NO INJURY / DRIVE AWAY",,,"Y","OVER $1,500","2024-06-03T00:07:00.000","UNABLE TO DETERMINE","NOT APPLICABLE","3200","W","WALNUT ST","1123",,,,,,,"3","NO INDICATION OF INJURY","0","0","0","0","0","1","0","0","2","6","41.885505725","-87.706320562","POINT (-87.706320561933 41.885505724968)"