"crash_record_id","crash_date_est_i","crash_date","posted_speed_limit","traffic_control_device","device_condition","weather_condition","lighting_condition","first_crash_type","trafficway_type","lane_cnt","alignment","roadway_surface_cond","road_defect","report_type","crash_type","intersection_related_i","private_property_i","hit_and_run_i","damage","date_police_notified","prim_contributory_cause","sec_contributory_cause","street_no","street_direction","street_name","beat_of_occurrence","photos_taken_i","statements_taken_i","dooring_i","work_zone_i","work_zone_type","workers_present_i","num_units","most_severe_injury","injuries_total","injuries_fatal","injuries_incapacitating","injuries_non_incapacitating","injuries_reported_not_evident","injuries_no_indication","injuries_unknown","crash_hour","crash_day_of_week","crash_month","latitude","longitude","location"
"1befbe83bea1e120255e373ab7f6f59362591752c4453a9f4c6a1759f716bedaeec969da334673b7cfb03c2c5ecb0bea248ab584ec941b6dd01478a38bf408ac",,"2024-06-02T18:40:00.000","35","TRAFFIC SIGNAL","FUNCTIONING PROPERLY","CLEAR","DAYLIGHT","REAR END","DIVIDED - W/MEDIAN (NOT RAISED)",,"STRAIGHT AND LEVEL","UNKNOWN","UNKNOWN","NOT ON SCENE (DESK REPORT)","NO INJURY / DRIVE AWAY",,,"Y","OVER $1,500","2024-06-02T19:12:00.000","FAILING TO REDUCE SPEED TO AVOID CRASH","NOT APPLICABLE","400","E","GARFIELD BLVD","233",,,,,,,"2","NO INDICATION OF INJURY","0","0","0","0","0","3","0","18","1","6","41.794910057","-87.615915688","POINT (-87.615915687849 41.794910056687)"
"d66b0bba65d9f85ba53f6a0685f6a5c096fdf900cc827d5305a2372c1e8a0351cf37335c0e976d1a597e147f05979bbdbff804519be85200151d11bc02741ff5",,"2024-06-02T18:40:00.000","30","STOP SIGN/FLASHER","FUNCTIONING PROPERLY","CLEAR","DAYLIGHT","PARKED MOTOR VEHICLE","T-INTERSECTION",,"STRAIGHT AND LEVEL","DRY","NO DEFECTS","ON SCENE","NO INJURY / DRIVE AWAY",,,,"OVER $1,500","2024-06-02T18:40:00.000","RELATED TO BUS STOP","NOT APPLICABLE","1457","W","18TH ST","1233",,,,,,,"2","NO INDICATION OF INJURY","0","0","0","0","0","2","0","18","1","6","41.857726665","-87.663620164","POINT (-87.663620163605 41.857726665316)"
"4706741fdad48e8579f17b8105a1ba18fcfd4124de226d9ac5e0c90b250c017364fe241474ba8470f07281917a20c27ad0c28c26cbd59134cc54115c7c16c6e5",,"2024-06-02T18:37:00.000","20","NO CONTROLS","NO CONTROLS","CLEAR","DAYLIGHT","ANGLE","NOT DIVIDED",,"STRAIGHT AND LEVEL","DRY","NO DEFECTS","ON SCENE","NO INJURY / DRIVE AWAY",,,"Y","$501 - $1,500","2024-06-02T18:43:00.000","IMPROPER LANE USAGE","IMPROPER LANE USAGE","3028","S","WELLS ST","914",,,,,,,"2","NO INDICATION OF INJURY","0","0","0","0","0","3","0","18","1","6","41.838779439","-87.633045328","POINT (-87.633045328025 41.838779438658)"
"21f1592b639a08f81eb1fa58d20d26e36de21685ddbf6715fcb59262bc4eab2642ebb90bda29a5e0e3ae8d71c3ca0c90c305b4fb434e0977bf8b39c038b2659c",,"2024-06-02T18:32:00.000","30","TRAFFIC SIGNAL","FUNCTIONING PROPERLY","CLEAR","DAYLIGHT","ANGLE","FOUR WAY",,"STRAIGHT AND LEVEL","DRY","WORN SURFACE","ON SCENE","INJURY AND / OR TOW DUE TO CRASH","Y",,,"OVER $1,500","2024-06-02T18:33:00.000","DISREGARDING TRAFFIC SIGNALS","FAILING TO YIELD RIGHT-OF-WAY","3900","S","MORGAN ST","925",,"Y",,,,,"2","NO INDICATION OF INJURY","0","0","0","0","0","2","0","18","1","6","41.823332415","-87.650932713","POINT (-87.650932713328 41.823332414701)"
"79bca4b5566f60e09726f54ce5cb64dc751aa3f505d3245694135d281c25ffc60f0cbef19765bc99cdddf0bf711c0ef886963da903e836986e560ec06322ce73",,"2024-06-02T18:30:00.000","30","NO CONTROLS","NO CONTROLS","CLEAR","DAYLIGHT","TURNING","NOT DIVIDED",,"STRAIGHT AND LEVEL","DRY","NO DEFECTS","ON SCENE","INJURY AND / OR TOW DUE TO CRASH",,,,"OVER $1,500","2024-06-02T18:31:00.000","FAILING TO YIELD RIGHT-OF-WAY","UNABLE TO DETERMINE","7500","S","KINGSTON AVE","421",,,,,,,"2","REPORTED, NOT EVIDENT","2","0","0","0","2","3","0","18","1","6","41.758941798","-87.562880138","POINT (-87.562880138341 41.758941797615)"
"167fd87c65cfc81b50f1e3574f245d27e0721606a8d27608e592d171c25792886ad084f4690e50c9df4b11bcc8b8756ef4aec7fc6ebd0d96f1ca7089af44ea03",,"2024-06-02T18:25:00.000","30","NO CONTROLS","NO CONTROLS","CLEAR","DAYLIGHT","PARKED MOTOR VEHICLE","NOT DIVIDED",,"STRAIGHT AND LEVEL","DRY","UNKNOWN","ON SCENE","NO INJURY / DRIVE AWAY",,,,"OVER $1,500","2024-06-02T18:25:00.000","UNABLE TO DETERMINE","UNABLE TO DETERMINE","8933","S","COMMERCIAL AVE","424",,"Y",,,,,"2","NO INDICATION OF INJURY","0","0","0","0","0","2","0","18","1","6","41.732733595","-87.551172784","POINT (-87.551172783557 41.732733594948)"
"3b40b7aea891b7d8bd19ea1aaba12d060d6b5b3b00a1e51e24f909140bb7b4d618fdf962d6f94079054daffa0be7d7ac16c5e8234b8ac4bb5c8398a931d96d26","Y","2024-06-02T18:24:00.000","30","NO CONTROLS","NO CONTROLS","CLEAR","DAYLIGHT","TURNING","ALLEY",,"STRAIGHT AND LEVEL","DRY","NO DEFECTS","ON SCENE","NO INJURY / DRIVE AWAY",,,,"OVER $1,500","2024-06-02T18:33:00.000","IMPROPER OVERTAKING/PASSING","NOT APPLICABLE","398","E","115TH ST","531",,,,,,,"2","NO INDICATION OF INJURY","0","0","0","0","0","2","0","18","1","6","41.685535523","-87.613213613","POINT (-87.613213612541 41.685535522572)"
"ee64c6b026d491d975071a143852d6e9a4435e9d027749b0ca695b1421e2bede4641536954acfac24d2e63af812e6446625f58a850ba8f7ba5b2586b19b845e0",,"2024-06-02T18:15:00.000","30","TRAFFIC SIGNAL","FUNCTIONING PROPERLY","CLEAR","DAYLIGHT","TURNING","FIVE POINT, OR MORE",,"STRAIGHT AND LEVEL","DRY","UNKNOWN","NOT ON SCENE (DESK REPORT)","NO INJURY / DRIVE AWAY","Y",,"Y","OVER $1,500","2024-06-02T19:30:00.000","IMPROPER TURNING/NO SIGNAL","NOT APPLICABLE","7900","S","STONY ISLAND AVE","411",,,,,,,"2","NO INDICATION OF INJURY","0","0","0","0","0","2","0","18","1","6","41.751460603","-87.585971993","POINT (-87.585971992965 41.751460603167)"
"1bd91e23075940106ecb734c9597ccc6aae39c3ba526da642701d1f9f9c1ab7c4a72866554fe4ba2dcc42800e0dcf0632a497e6cc14bdbaf38e074fbef237343",,"2024-06-02T18:14:00.000","25","NO CONTROLS","NO CONTROLS","CLEAR","DAYLIGHT","PARKED MOTOR VEHICLE","NOT DIVIDED",,"STRAIGHT AND LEVEL","DRY","NO DEFECTS","ON SCENE","NO INJURY / DRIVE AWAY",,,"Y","OVER $1,500","2024-06-02T18:17:00.000","UNABLE TO DETERMINE","UNABLE TO DETERMINE","5017","W","LE MOYNE ST","2533",,"Y",,,,,"2","NO INDICATION OF INJURY","0","0","0","0","0","2","0","18","1","6","41.907628382","-87.751734699","POINT (-87.751734698586 41.907628382245)"
"7fac3a711799ab355820853d08188c8dab8e22bfdee987202bbda14fd969297a2353f2f3433401578c62828fee9eb755381bea39514280135c0b5767fe3e02de",,"2024-06-02T18:14:00.000","30","TRAFFIC SIGNAL","UNKNOWN","CLEAR","UNKNOWN","PEDALCYCLIST","NOT DIVIDED",,"STRAIGHT AND LEVEL","DRY","UNKNOWN","ON SCENE","INJURY AND / OR TOW DUE TO CRASH","Y",,,"OVER $1,500","2024-06-02T18:15:00.000","FAILING TO REDUCE SPEED TO AVOID CRASH","NOT APPLICABLE","5800","W","DIVISION ST","2531",,,,,,,"2","NONINCAPACITATING INJURY","1","0","0","1","0","1","0","18","1","6","41.902179471","-87.770572427","POINT (-87.770572427416 41.90217947086)"
"191bd3ac4f1848549ef99dcb3f1d0eec10fb873a8e13d9b60f38642bcd9492ea837631241b80e267dba58abc4fd3af4a13e89fdebbe4c324813fc630d08561d8",,"2024-06-02T18:10:00.000","10","NO CONTROLS","NO CONTROLS","CLEAR","DAYLIGHT","REAR TO SIDE","ALLEY",,"STRAIGHT AND LEVEL","DRY","NO DEFECTS","NOT ON SCENE (DESK REPORT)","NO INJURY / DRIVE AWAY",,,"Y","OVER $1,500","2024-06-02T18:45:00.000","IMPROPER BACKING","UNABLE TO DETERMINE","2511","W","CORTLAND ST","1434",,,,,,,"2","NO INDICATION OF INJURY","0","0","0","0","0","2","0","18","1","6","41.915626056","-87.690307015","POINT (-87.690307015249 41.915626056105)"
"9bc63e23eb3958a786e52717c48574c57f58492cdd62ee03b2f8331e95644a084962dd4560f9d19d0eefd750776b7dd3c0ef802f2eb4a4fa462dc93f508df097",,"2024-06-02T18:00:00.000","30","NO CONTROLS","UNKNOWN","CLEAR","DAYLIGHT","PARKED MOTOR VEHICLE","PARKING LOT",,"STRAIGHT AND LEVEL","UNKNOWN","UNKNOWN","NOT ON SCENE (DESK REPORT)","NO INJURY / DRIVE AWAY",,,,"$501 - $1,500","2024-06-02T18:38:00.000","DRIVING SKILLS/KNOWLEDGE/EXPERIENCE","NOT APPLICABLE","6401","N","SHERIDAN RD","2432",,,,,,,"2","NO INDICATION OF INJURY","0","0","0","0","0","1","0","18","1","6","41.998308806","-87.659696383","POINT (-87.659696383256 41.99830880639)"
"601210f4138aaf6f8683bc9f44a20e087c8fc57a6c5fb2f2ed6b45e33ad01cc0188f59ab41737c0cdb8e7f65aae409223bf44b48ebc8a64073714e95c4f4e0ce",,"2024-06-02T17:57:00.000","30","NO CONTROLS","NO CONTROLS","RAIN","DAYLIGHT","REAR END","ONE-WAY",,"STRAIGHT AND LEVEL","DRY","NO DEFECTS","NOT ON SCENE (DESK REPORT)","NO INJURY / DRIVE AWAY",,,,"$501 - $1,500","2024-06-02T19:35:00.000","FOLLOWING TOO CLOSELY","NOT APPLICABLE","1500","W","JACKSON BLVD","1231",,,,,,,"2","NO INDICATION OF INJURY","0","0","0","0","0","3","0","17","1","6","41.877775214","-87.664443771","POINT (-87.664443771127 41.877775214058)"
"c9b84d0ccd15393aa7d75db801d7c4284890ef35926216ae6366a5348027effe57c2de4e2c42a2bc0b32f446d37f7b4cd55f66a78e2421e07323d63d711b495d",,"2024-06-02T17:51:00.000","30","TRAFFIC SIGNAL","UNKNOWN","CLEAR","DAYLIGHT","PEDALCYCLIST","UNKNOWN INTERSECTION TYPE",,"STRAIGHT AND LEVEL","UNKNOWN","UNKNOWN","ON SCENE","INJURY AND / OR TOW DUE TO CRASH","Y",,,"$501 - $1,500","2024-06-02T17:56:00.000","UNABLE TO DETERMINE","NOT APPLICABLE","600","E","87TH ST","632",,,,,,,"2","NONINCAPACITATING INJURY","1","0","0","1","0","1","0","17","1","6","41.736690945","-87.609619094","POINT (-87.609619093839 41.736690945288)"
"dc1d471d772f228ddc10cabf4b51047f1fd32561b5f417e8674032678965d6d7c4753f907e4849b91c718908a6650c12b7b4d8a7f875d203afd528dd96078a98",,"2024-06-02T17:50:00.000","45","TRAFFIC SIGNAL","FUNCTIONING PROPERLY","CLEAR","DAYLIGHT","SIDESWIPE SAME DIRECTION","DIVIDED - W/MEDIAN BARRIER",,"STRAIGHT AND LEVEL","DRY","NO DEFECTS","NOT ON SCENE (DESK REPORT)","NO INJURY / DRIVE AWAY",,,"Y","$501 - $1,500","2024-06-03T14:00:00.000","FAILING TO YIELD RIGHT-OF-WAY","IMPROPER OVERTAKING/PASSING","710","N","LAKE SHORE DR NB","1834",,,,,,,"2","NO INDICATION OF INJURY","0","0","0","0","0","4","0","17","1","6","41.895377147","-87.616036601","POINT (-87.616036601353 41.895377146627)"
"fbab9f35e9a652a1f008324aa22a743b551535f7f20515ffb25dfae67526136502dedaae8fe519c2f45e212ccf9b944df9527fe4b0babeef78dece2a0028dcc0",,"2024-06-02T17:49:00.000","30","TRAFFIC SIGNAL","FUNCTIONING PROPERLY","CLEAR","DAYLIGHT","TURNING","NOT DIVIDED",,"STRAIGHT AND LEVEL","DRY","NO DEFECTS","ON SCENE","INJURY AND / OR TOW DUE TO CRASH",,,"Y","OVER $1,500","2024-06-02T17:49:00.000","DISREGARDING TRAFFIC SIGNALS","DISREGARDING TRAFFIC SIGNALS","5799","W","DIVISION ST","1511",,,,,,,"2","NONINCAPACITATING INJURY","4","0","0","4","0","1","0","17","1","6","41.901962462","-87.770443079","POINT (-87.770443078618 41.901962461923)"
"aff9830123b6937c14a2ac107995793644f56cecf5a4f9e871c28390166a25a127de9673e3c830088d25814aef20d19651950d872c12821741a2b8a1694cb567",,"2024-06-02T17:48:00.000","35","NO CONTROLS","NO CONTROLS","CLEAR","DAYLIGHT","ANGLE","NOT DIVIDED",,"STRAIGHT AND LEVEL","DRY","NO DEFECTS","ON SCENE","NO INJURY / DRIVE AWAY",,,"Y","OVER $1,500","2024-06-02T18:00:00.000","NOT APPLICABLE","NOT APPLICABLE","4742","N","CENTRAL PARK AVE","1723",,,,,,,"2","NO INDICATION OF INJURY","0","0","0","0","0","2","0","17","1","6","41.967802489","-87.718384486","POINT (-87.718384486301 41.967802488517)"
"490f6b921911e4edc617d6a8b512e7ea9952ed77bdb9f1b92b525761677bf089977a2d1c4e9644de9e8fb33f5348e0d5094b3c616f1244ec215e31e31474b77d",,"2024-06-02T17:45:00.000","30","TRAFFIC SIGNAL","FUNCTIONING PROPERLY","CLEAR","DAYLIGHT","TURNING","DIVIDED - W/MEDIAN (NOT RAISED)",,"STRAIGHT AND LEVEL","DRY","NO DEFECTS","NOT ON SCENE (DESK REPORT)","NO INJURY / DRIVE AWAY",,,"Y","OVER $1,500","2024-06-02T18:08:00.000","FAILING TO YIELD RIGHT-OF-WAY","NOT APPLICABLE","3699","W","OGDEN AVE","1014",,,,,,,"2","NO INDICATION OF INJURY","0","0","0","0","0","2","0","17","1","6","41.853515406","-87.717393294","POINT (-87.717393294494 41.853515406495)"
"812d45b3336d1738e86ebe8688e7258af78617ae5390cbbbd64c2290495ce8d232230d99c50072bf714d12bc4d461d601c34f82f5b545976480c55f0a6281c37",,"2024-06-02T17:45:00.000","25","NO CONTROLS","NO CONTROLS","CLEAR","DAYLIGHT","ANGLE","NOT DIVIDED",,"STRAIGHT AND LEVEL","DRY","UNKNOWN","ON SCENE","NO INJURY / DRIVE AWAY",,,,"OVER $1,500","2024-06-02T18:05:00.000","UNABLE TO DETERMINE","UNABLE TO DETERMINE","6242","S","CALIFORNIA AVE","823",,,,,,,"2","NO INDICATION OF INJURY","0","0","0","0","0","2","0","17","1","6","41.779657913","-87.693556203","POINT (-87.693556203461 41.779657912721)"
"83aa261c2e4e54ec353322c3d2f49fbfb94cb2077d18ff6161f8f1c842b3c753716c023eaa263919d4f0c74c3939d148fa31d29c18d344d3c2affcbd5890e0d4",,"2024-06-02T17:30:00.000","25","NO CONTROLS","NO CONTROLS","CLEAR","DAYLIGHT","PARKED MOTOR VEHICLE","ONE-WAY",,"STRAIGHT AND LEVEL","DRY","UNKNOWN","NOT ON SCENE (DESK REPORT)","NO INJURY / DRIVE AWAY",,,,"OVER $1,500","2024-06-03T17:30:00.000","UNABLE TO DETERMINE","NOT APPLICABLE","6645","S","OAKLEY AVE","832",,,,,,,"2","NO INDICATION OF INJURY","0","0","0","0","0","5","0","17","1","6","41.772474649","-87.68074773","POINT (-87.680747729637 41.772474649002)"
"bc467d02b0f7aa91fb61619804781c05c9edd84bfc8a17667898aa87455dd4974fc3f7563b94cc25ad731d13d34598edd5cf64aff267349d62b036ec0389c54c",,"2024-06-02T17:30:00.000","30","TRAFFIC SIGNAL","FUNCTIONING PROPERLY","UNKNOWN","DAYLIGHT","REAR END","UNKNOWN",,"STRAIGHT AND LEVEL","UNKNOWN","UNKNOWN","NOT ON SCENE (DESK REPORT)","NO INJURY / DRIVE AWAY",,,"Y","OVER $1,500","2024-06-03T16:00:00.000","FOLLOWING TOO CLOSELY","NOT APPLICABLE","4802","W","PETERSON AVE","1621",,,,,,,"2","NO INDICATION OF INJURY","0","0","0","0","0","2","0","17","1","6","41.99000754","-87.748436278","POINT (-87.748436278126 41.990007539987)"
"6b3596d8ea07e9a0bac8293dc5c71bd6f057f1dec8524ed9238ac10578a094972707e4f1840e29bdcbfeec185184a72229f0f1d3ce4b795cbe6168b23ed298be",,"2024-06-02T17:28:00.000","30","NO CONTROLS","NO CONTROLS","CLEAR","DAYLIGHT","PARKED MOTOR VEHICLE","NOT DIVIDED",,"STRAIGHT AND LEVEL","DRY","NO DEFECTS","ON SCENE","NO INJURY / DRIVE AWAY",,,,"OVER $1,500","2024-06-02T17:42:00.000","EQUIPMENT - VEHICLE CONDITION","EQUIPMENT - VEHICLE CONDITION","4308","N","KEELER AVE","1722",,,,,,,"3","NO INDICATION OF INJURY","0","0","0","0","0","4","0","17","1","6","41.959384739","-87.732794453","POINT (-87.73279445338 41.959384739211)"
"97fdd7e8dbc2bc3fca448bf66471479b02740f37d4eec00c82836929fcbce0728bd072b677a36cf4d3c90c4da38033cd76c75bd02e9e3489cb938bb57e66ac86",,"2024-06-02T17:28:00.000","20","STOP SIGN/FLASHER","FUNCTIONING PROPERLY","CLEAR","DAYLIGHT","PEDESTRIAN","FOUR WAY",,"STRAIGHT AND LEVEL","DRY","NO DEFECTS","ON SCENE","INJURY AND / OR TOW DUE TO CRASH",,,,"OVER $1,500","2024-06-02T17:28:00.000","FAILING TO REDUCE SPEED TO AVOID CRASH","NOT APPLICABLE","8157","S","HARPER AVE","411",,"Y",,,,,"2","FATAL","1","1","0","0","0","3","0","17","1","6","41.746154223","-87.586922367","POINT (-87.586922366632 41.746154223339)"
"10048c96123dd4d68b2f36ab1c8bb2dbca08e5573ff5a9bc21706e51c1f9ebf63eadce85f240ed9af07ea72aedc86248d3d9599954429308e2c27c85978fb20b",,"2024-06-02T17:25:00.000","30","NO CONTROLS","NO CONTROLS","CLEAR","DARKNESS","SIDESWIPE SAME DIRECTION","FOUR WAY",,"STRAIGHT AND LEVEL","DRY","NO DEFECTS","ON SCENE","NO INJURY / DRIVE AWAY",,,,"OVER $1,500","2024-06-03T19:55:00.000","IMPROPER LANE USAGE","IMPROPER LANE USAGE","233","E","WACKER DR","114",,,,,,,"2","NO INDICATION OF INJURY","0","0","0","0","0","2","0","17","1","6","41.887790172","-87.621278713","POINT (-87.621278712913 41.887790172258)"
"7b6c476f7c42125eabe91c541adcf891078b70ca9170fc19fac75786d01ded06092e0d929250dab58e36c9cf3d90cda30313e74cd67cc9b0877a805b33a0baca",,"2024-06-02T17:25:00.000","20","PEDESTRIAN CROSSING SIGN","NO CONTROLS","CLEAR","DAYLIGHT","PEDESTRIAN","NOT DIVIDED",,"STRAIGHT AND LEVEL","DRY","NO DEFECTS","NOT ON SCENE (DESK REPORT)","INJURY AND / OR TOW DUE TO CRASH",,,"Y","OVER $1,500","2024-06-03T10:15:00.000","IMPROPER LANE USAGE","IMPROPER LANE USAGE","18","S","LAKE SHORE DR SB","114",,,,,,,"2","NONINCAPACITATING INJURY","1","0","0","1","0","1","0","17","1","6","41.881860033","-87.617578815","POINT (-87.617578814807 41.881860033142)"
"c294156f59379b8ed2f35c11d4353a1817748cdb1825d20e66209947372f8fd2eff9824894ba0cd2b3cc53482bbefa7f5f40e3657c4bb6608d9cd65db41b388a",,"2024-06-02T17:25:00.000","15","NO CONTROLS","NO CONTROLS","CLEAR","DAYLIGHT","SIDESWIPE SAME DIRECTION","ONE-WAY",,"STRAIGHT AND LEVEL","DRY","NO DEFECTS","ON SCENE","NO INJURY / DRIVE AWAY",,,,"OVER $1,500","2024-06-02T17:28:00.000","VISION OBSCURED (SIGNS, TREE LIMBS, BUILDINGS, ETC.)","UNABLE TO DETERMINE","5","W","TERMINAL ST","1655",,,,,,,"2","NO INDICATION OF INJURY","0","0","0","0","0","2","0","17","1","6",,,
"341ba72a3569e477ff3f4da76b95edae2fcc35f65d9158c9467c94508a2375cdc85ce53b037ffb6ef292ad0ef5862e0d87a7cd5fc120c7ca21585cb505dbb4a6",,"2024-06-02T17:22:00.000","30","TRAFFIC SIGNAL","FUNCTIONING PROPERLY","CLEAR","DAYLIGHT","REAR END","T-INTERSECTION",,"STRAIGHT AND LEVEL","DRY","NO DEFECTS","NOT ON SCENE (DESK REPORT)","NO INJURY / DRIVE AWAY",,,,"$501 - $1,500","2024-06-02T18:45:00.000","FOLLOWING TOO CLOSELY","FOLLOWING TOO CLOSELY","151","E","WACKER DR","114",,,,,,,"2","NO INDICATION OF INJURY","0","0","0","0","0","2","0","17","1","6","41.887999887","-87.622565133","POINT (-87.62256513256 41.887999887349)"
"9ba5384fa62b3acfa6e666c3ab4e6219c8e8d1c60e470a3d0e0dc483f898dd18db9971743c4195d075298d6291b0b96ee1369897ba9e8b166b7847a1654f61d7",,"2024-06-02T17:14:00.000","30","TRAFFIC SIGNAL","FUNCTIONING PROPERLY","CLEAR","DAYLIGHT","ANGLE","DIVIDED - W/MEDIAN (NOT RAISED)",,"STRAIGHT AND LEVEL","DRY","NO DEFECTS","ON SCENE","INJURY AND / OR TOW DUE TO CRASH","Y",,,"OVER $1,500","2024-06-02T17:14:00.000","UNABLE TO DETERMINE","NOT APPLICABLE","3598","N","SOUTHPORT AVE","1922","Y","Y",,,,,"3","NONINCAPACITATING INJURY","5","0","0","5","0","0","0","17","1","6","41.947019502","-87.664161083","POINT (-87.664161082876 41.94701950168)"
"20727ee4a9b96609da3131c6f0d8bb18063c31ceb0e983ebf3f729d3f99657dfb218052d4ac7e9c9ea77eeac3fc92fa223f7159aee977819ff6207eb7a22cc4b",,"2024-06-02T17:12:00.000","30","NO CONTROLS","NO CONTROLS","CLEAR","DAYLIGHT","ANGLE","ONE-WAY",,"STRAIGHT AND LEVEL","DRY","UNKNOWN","NOT ON SCENE (DESK REPORT)","NO INJURY / DRIVE AWAY",,,,"OVER $1,500","2024-06-02T19:17:00.000","FAILING TO YIELD RIGHT-OF-WAY","UNABLE TO DETERMINE","2115","N","MAJOR AVE","2515",,,,,,,"2","NO INDICATION OF INJURY","0","0","0","0","0","2","0","17","1","6","41.91856724","-87.76807218","POINT (-87.768072180204 41.918567239916)"
"27b5982053e6046e579790341841a33ddf892072ffab214edde364acb9db952be5fb9725cf5f09ddd0e3efcefd12e7aacdb7b8aa1687cd201ebd394f2f720ba6",,"2024-06-02T17:05:00.000","30","TRAFFIC SIGNAL","FUNCTIONING PROPERLY","CLEAR","DAYLIGHT","ANGLE","FOUR WAY",,"STRAIGHT AND LEVEL","DRY","NO DEFECTS",,"INJURY AND / OR TOW DUE TO CRASH","Y",,,"OVER $1,500","2024-06-02T17:11:00.000","FAILING TO YIELD RIGHT-OF-WAY","DISTRACTION - FROM OUTSIDE VEHICLE","600","S","CENTRAL PARK AVE","1133",,,,,,,"2","NONINCAPACITATING INJURY","1","0","0","1","0","3","0","17","1","6","41.873521923","-87.715804885","POINT (-87.715804884879 41.873521922591)"
"5107ee9152b97c8dc0f9b923d0e37390c0f19e48718151dba02797a174cf8a47f3ad206faba6cde0ce3e3d1b48332fb828b78b8af499ca2b79e513788ceb1c4e",,"2024-06-02T17:00:00.000","30","UNKNOWN","UNKNOWN","CLEAR","DAYLIGHT","SIDESWIPE SAME DIRECTION","DIVIDED - W/MEDIAN BARRIER",,"STRAIGHT AND LEVEL","UNKNOWN","UNKNOWN","NOT ON SCENE (DESK REPORT)","NO INJURY / DRIVE AWAY",,,"Y","OVER $1,500","2024-06-02T18:00:00.000","UNABLE TO DETERMINE","UNABLE TO DETERMINE","1133","N","LA SALLE DR","1824",,,,,,,"2","NO INDICATION OF INJURY","0","0","0","0","0","2","0","17","1","6","41.90286919","-87.632740269","POINT (-87.632740269148 41.902869189697)"
"95f413a85104ebb46e783a84ccd31cb089d932ddfee92e4ea53d589d0100a5ff24c44c18e84cb61cd4d221d1c8b450dfc097a5c5e7ff957a1e3df7f479ce9ab6",,"2024-06-02T17:00:00.000","15","NO CONTROLS","NO CONTROLS","CLEAR","DAYLIGHT","REAR TO FRONT","OTHER",,"STRAIGHT AND LEVEL","UNKNOWN","UNKNOWN","NOT ON SCENE (DESK REPORT)","NO INJURY / DRIVE AWAY",,,,"OVER $1,500","2024-06-02T17:40:00.000","UNABLE TO DETERMINE","UNABLE TO DETERMINE","7068","S","SOUTH CHICAGO AVE","322",,,,,,,"2","NO INDICATION OF INJURY","0","0","0","0","0","2","0","17","1","6","41.766501374","-87.606670989","POINT (-87.606670989463 41.766501374296)"
"f7be76318647d251fd18afc80b4d8a90ac61e329731cff029d2d81f6e4774d8d75ad5ce64dfef5f855aaab3c183e11ddcdb0ed12bb17af60e6848c8f2486ba51",,"2024-06-02T17:00:00.000","30","NO CONTROLS","NO CONTROLS","CLEAR","DAYLIGHT","PEDESTRIAN","DIVIDED - W/MEDIAN (NOT RAISED)",,"STRAIGHT AND LEVEL","DRY","NO DEFECTS","NOT ON SCENE (DESK REPORT)","INJURY AND / OR TOW DUE TO CRASH",,,"Y","$500 OR LESS","2024-06-02T17:00:00.000","IMPROPER BACKING","FAILING TO REDUCE SPEED TO AVOID CRASH","848","N","DAMEN AVE","1212",,,,,,,"2","REPORTED, NOT EVIDENT","1","0","0","0","1","1","0","17","1","6","41.89737199","-87.677240504","POINT (-87.677240503971 41.897371990265)"
"ac373213d5ca0454bd0c7a9ac45184ae7b63f82efaa5cfece104dfe884758e899f26ca275bcf37f553037f26d2f4c8069839c2f84090beb548eebb14b0d03edd",,"2024-06-02T16:51:00.000","30","NO CONTROLS","NO CONTROLS","CLEAR","DAYLIGHT","TURNING","DIVIDED - W/MEDIAN (NOT RAISED)",,"STRAIGHT AND LEVEL","DRY","NO DEFECTS","NOT ON SCENE (DESK REPORT)","NO INJURY / DRIVE AWAY",,,,"OVER $1,500","2024-06-02T17:40:00.000","UNABLE TO DETERMINE","UNABLE TO DETERMINE","3901","N","CICERO AVE","1731",,,,,,,"2","NO INDICATION OF INJURY","0","0","0","0","0","3","0","16","1","6","41.951618757","-87.747120772","POINT (-87.747120771599 41.95161875662)"
"6f91fadda1b35b62ad92221236caa3567195146461dabd693bd0e0e2c49504531a5944a6564f1a349a80cd4bc94579c2e8cab79b30af26b02d8ee0d36f29e651",,"2024-06-02T16:50:00.000","30","NO CONTROLS","NO CONTROLS","CLEAR","DAYLIGHT","OTHER OBJECT","DIVIDED - W/MEDIAN (NOT RAISED)",,"STRAIGHT AND LEVEL","DRY","OTHER","NOT ON SCENE (DESK REPORT)","NO INJURY / DRIVE AWAY",,,,"OVER $1,500","2024-06-03T14:22:00.000","NOT APPLICABLE","NOT APPLICABLE","1045","N","LAKE SHORE DR","1824",,,,,,,"1","NO INDICATION OF INJURY","0","0","0","0","0","1","0","16","1","6","41.902162085","-87.624292507","POINT (-87.624292506758 41.902162085214)"
"01b603bd438b04cd42885a607a36a53746bf17a5745e2bf4b64ca21c484e543f5797c18e89ad45b773158f10bd8e8b08a2a356291bff5eff09467d10ac68308b",,"2024-06-02T16:45:00.000","30","STOP SIGN/FLASHER","FUNCTIONING PROPERLY","CLEAR","DAYLIGHT","SIDESWIPE SAME DIRECTION","NOT DIVIDED",,"STRAIGHT AND LEVEL","DRY","NO DEFECTS","ON SCENE","INJURY AND / OR TOW DUE TO CRASH",,,"Y","OVER $1,500","2024-06-02T17:34:00.000","FAILING TO REDUCE SPEED TO AVOID CRASH","UNABLE TO DETERMINE","917","W","MONROE ST","1232",,,,,,,"2","NO INDICATION OF INJURY","0","0","0","0","0","3","0","16","1","6","41.880327679","-87.650412036","POINT (-87.650412035956 41.880327678782)"