"crash_record_id","crash_date_est_i","crash_date","posted_speed_limit","traffic_control_device","device_condition","weather_condition","lighting_condition","first_crash_type","trafficway_type","lane_cnt","alignment","roadway_surface_cond","road_defect","report_type","crash_type","intersection_related_i","private_property_i","hit_and_run_i","damage","date_police_notified","prim_contributory_cause","sec_contributory_cause","street_no","street_direction","street_name","beat_of_occurrence","photos_taken_i","statements_taken_i","dooring_i","work_zone_i","work_zone_type","workers_present_i","num_units","most_severe_injury","injuries_total","injuries_fatal","injuries_incapacitating","injuries_non_incapacitating","injuries_reported_not_evident","injuries_no_indication","injuries_unknown","crash_hour","crash_day_of_week","crash_month","latitude","longitude","location"
"3166f83152807d4043d7335578ec7aaf2dd5937032629f53109a837b590eff1a507c77252d07531770026eb8670954daaefaaa6527fac61f59cca8d222418d17",,"2024-06-02T16:45:00.000","35","NO CONTROLS","NO CONTROLS","CLEAR","DAYLIGHT","PARKED MOTOR VEHICLE","DIVIDED - W/MEDIAN (NOT RAISED)",,"STRAIGHT AND LEVEL","DRY","UNKNOWN","ON SCENE","INJURY AND / OR TOW DUE TO CRASH",,,,"$501 - $1,500","2024-06-02T16:53:00.000","UNABLE TO DETERMINE","NOT APPLICABLE","2224","N","WESTERN AVE","1431",,,,,,,"2","NO INDICATION OF INJURY","0","0","0","0","0","3","0","16","1","6","41.922434551","-87.687712706","POINT (-87.687712706092 41.922434551431)"
"a58ac027b27899bea05a3a401d9529f38fdd4276061fcbb89a1df3ce04740da281e5b2be620dc63b2bf91bad438cd3d5a1613549d15e30f0d34f459743d9e0b8",,"2024-06-02T16:45:00.000","10","NO CONTROLS","NO CONTROLS","CLEAR","DAYLIGHT","REAR END","PARKING LOT",,"STRAIGHT AND LEVEL","DRY","NO DEFECTS","NOT ON SCENE (DESK REPORT)","NO INJURY / DRIVE AWAY",,"Y",,"$500 OR LESS","2024-06-02T19:02:00.000","IMPROPER BACKING","NOT APPLICABLE","1633","W","95TH ST","2213",,,,,,,"2","NO INDICATION OF INJURY","0","0","0","0","0","2","0","16","1","6","41.721082791","-87.664185961","POINT (-87.66418596077 41.721082791424)"
"e1c7eb1c727c2322793551e0c7809c65bf1a280c89f94496e42ae0e10e01eb305ad94d3252a826314b1145b7cf073fb528a0d4c77e5c6d3147e9518fa73bd57b",,"2024-06-02T16:45:00.000","30","UNKNOWN","UNKNOWN","UNKNOWN","DAYLIGHT","SIDESWIPE SAME DIRECTION","NOT DIVIDED",,"STRAIGHT AND LEVEL","UNKNOWN","UNKNOWN",,"NO INJURY / DRIVE AWAY",,,,"OVER $1,500","2024-06-02T17:03:00.000","UNABLE TO DETERMINE","NOT APPLICABLE","2351","N","CLYBOURN AVE","1811",,,,,,,"2","NO INDICATION OF INJURY","0","0","0","0","0","2","0","16","1","6","41.924870889","-87.668725569","POINT (-87.668725569046 41.924870888723)"
"c9ca1093180812ecdb8697ed3c2801558ff301e65b2f727d1dce2623dff165cc1bf817b19717e63c4adb93721bda09e551027fd919103769a0fb173b141477ba",,"2024-06-02T16:41:00.000","30","TRAFFIC SIGNAL","FUNCTIONING PROPERLY","CLEAR","DAYLIGHT","ANGLE","DIVIDED - W/MEDIAN (NOT RAISED)",,"STRAIGHT AND LEVEL","DRY","NO DEFECTS","ON SCENE","INJURY AND / OR TOW DUE TO CRASH","Y",,,"OVER $1,500","2024-06-02T16:41:00.000","UNABLE TO DETERMINE","DISREGARDING TRAFFIC SIGNALS","1399","W","MARQUETTE RD","724",,,,,,,"2","INCAPACITATING INJURY","1","0","1","0","0","2","0","16","1","6","41.772153695","-87.659102599","POINT (-87.659102598887 41.772153695454)"
"cc0349e8005daa108bf158ceaac6f384c714113c4308242812b7e19acbf0513a166967289e6894950b61936bb36a536cdca1041cda23a56492b92f7ed799f9de",,"2024-06-02T16:38:00.000","30","TRAFFIC SIGNAL","FUNCTIONING PROPERLY","CLEAR","DAYLIGHT","ANGLE","FOUR WAY",,"STRAIGHT AND LEVEL","DRY","NO DEFECTS","ON SCENE","INJURY AND / OR TOW DUE TO CRASH","Y",,,"OVER $1,500","2024-06-02T17:00:00.000","DISREGARDING TRAFFIC SIGNALS","NOT APPLICABLE","4599","N","BROADWAY","1914",,,,,,,"2","NO INDICATION OF INJURY","0","0","0","0","0","2","0","16","1","6","41.965365016","-87.657289029","POINT (-87.657289028801 41.965365015727)"
"6ca7fef8cfab1e3d576125537967d2853f45469ebc68197634b7a545d8039833065aecba85002893df16f9bd8b11f0d1e3abf711f3f3cd432abbaec8923e1073",,"2024-06-02T16:30:00.000","30","NO CONTROLS","NO CONTROLS","CLEAR","DAYLIGHT","SIDESWIPE SAME DIRECTION","OTHER",,"STRAIGHT AND LEVEL","DRY","UNKNOWN","ON SCENE","NO INJURY / DRIVE AWAY",,,,"$501 - $1,500","2024-06-02T16:32:00.000","IMPROPER OVERTAKING/PASSING","IMPROPER OVERTAKING/PASSING","800","N","MICHIGAN AVE","1833",,,,,,,"2","NO INDICATION OF INJURY","0","0","0","0","0","2","0","16","1","6","41.896790572","-87.624380655","POINT (-87.624380655444 41.896790572039)"
"0a45bb263ea65309fda92a936d2829fe2e2a1554f1a50936d00dda1d3a0610846c90dc018d64b524dd2b5ed56c6f838d5ce68ad7916a8dcf8a9d857d46709fdd",,"2024-06-02T16:25:00.000","10","NO CONTROLS","NO CONTROLS","CLEAR","DAYLIGHT","PARKED MOTOR VEHICLE","PARKING LOT",,"STRAIGHT AND LEVEL","DRY","NO DEFECTS","NOT ON SCENE (DESK REPORT)","NO INJURY / DRIVE AWAY",,"Y","Y","$501 - $1,500","2024-06-02T17:35:00.000","UNABLE TO DETERMINE","NOT APPLICABLE","1457","N","HALSTED ST","1822",,,,,,,"2","NO INDICATION OF INJURY","0","0","0","0","0","1","0","16","1","6","41.908002955","-87.648050617","POINT (-87.648050617433 41.908002954608)"
"9c0243f5f167f54e72eb6effa6e7cf465af27754d7be4f9b5f1f265da59c2c2bea51da19337a9fd1c0aab6a35e2264ce3610d22522120bc5dbf4d4fd0aced7b7",,"2024-06-02T16:25:00.000","30","UNKNOWN","UNKNOWN","UNKNOWN","DAYLIGHT","SIDESWIPE SAME DIRECTION","FOUR WAY",,"STRAIGHT AND LEVEL","UNKNOWN","UNKNOWN","NOT ON SCENE (DESK REPORT)","NO INJURY / DRIVE AWAY",,,,"OVER $1,500","2024-06-02T17:37:00.000","UNABLE TO DETERMINE","IMPROPER LANE USAGE","449","W","CERMAK RD","914",,,,,,,"2","NO INDICATION OF INJURY","0","0","0","0","0","4","0","16","1","6","41.852680452","-87.638651689","POINT (-87.638651689123 41.852680452374)"
"e4f08ad4478bccc474d44bc08eddd05594d10fde345cd8574079e22b3008672c222ff66d52f0771ac096fd8dd37c0ed6d30a75f4bff2731027cf675e1050b4a8",,"2024-06-02T16:24:00.000","30","TRAFFIC SIGNAL","FUNCTIONING PROPERLY","CLEAR","DAYLIGHT","TURNING","T-INTERSECTION",,"STRAIGHT AND LEVEL","DRY","NO DEFECTS","ON SCENE","INJURY AND / OR TOW DUE TO CRASH","Y",,,"OVER $1,500","2024-06-02T16:42:00.000","VISION OBSCURED (SIGNS, TREE LIMBS, BUILDINGS, ETC.)","NOT APPLICABLE","4500","W","ADDISON ST","1731",,,,,,,"2","NONINCAPACITATING INJURY","4","0","0","4","0","5","0","16","1","6","41.946330169","-87.739340663","POINT (-87.739340663045 41.946330168936)"
"e998b95f9fa84f83d72030c708739feceee970a1a37330a89cbbccb4b68c2e4b204bf3c0cf0a695626891031249e259f6193da064febda62c4749fd8b8fb5746",,"2024-06-02T16:24:00.000","30","OTHER","FUNCTIONING PROPERLY","CLEAR","DAYLIGHT","SIDESWIPE SAME DIRECTION","DIVIDED - W/MEDIAN (NOT RAISED)",,"STRAIGHT AND LEVEL","DRY","NO DEFECTS","ON SCENE","NO INJURY / DRIVE AWAY",,,,"$501 - $1,500","2024-06-02T16:25:00.000","NOT APPLICABLE","NOT APPLICABLE","2861","W","CERMAK RD","1033",,,,,,,"2","NO INDICATION OF INJURY","0","0","0","0","0","8","0","16","1","6","41.851757667","-87.698023494","POINT (-87.69802349382 41.851757667446)"
"43fde288b9a111d5de22e71d05bf972cc2ead07ec8baf514005630bc2651df1321a12d20c515bb1e50951e6ffab4d57508a9bfe2df26d211d1cde980da2c4f08",,"2024-06-02T16:23:00.000","30","NO CONTROLS","NO CONTROLS","CLEAR","DAYLIGHT","PEDESTRIAN","ONE-WAY",,"STRAIGHT AND LEVEL","DRY","NO DEFECTS","ON SCENE","INJURY AND / OR TOW DUE TO CRASH",,,,"OVER $1,500","2024-06-02T16:23:00.000","UNABLE TO DETERMINE","UNABLE TO DETERMINE","11413","S","INDIANA AVE","531","Y","Y",,,,,"3","INCAPACITATING INJURY","1","0","1","0","0","1","0","16","1","6","41.686743847","-87.617951464","POINT (-87.617951464018 41.686743847339)"
"6e0b7efeb6f098e78ef9c9c9b6d6a245bf05e241104cb76bfb852d014e966be9efd6858f2eaf7229cb30380d942c62f921edb7eb9b36abae7d616785066a7057",,"2024-06-02T16:23:00.000","25","NO CONTROLS","NO CONTROLS","CLEAR","DAYLIGHT","PARKED MOTOR VEHICLE","NOT DIVIDED",,"STRAIGHT AND LEVEL","DRY","NO DEFECTS","ON SCENE","NO INJURY / DRIVE AWAY",,,"Y","OVER $1,500","2024-06-02T16:30:00.000","NOT APPLICABLE","NOT APPLICABLE","2935","N","PINE GROVE AVE","1934",,,,,,,"2","NO INDICATION OF INJURY","0","0","0","0","0","1","0","16","1","6","41.935381469","-87.641670738","POINT (-87.641670738037 41.935381468847)"
"c405e8a74b9e725e0303f3a980a1804fe264774a3ac08e38f4fd7d693efc90482532fda0fe3ff3e88c37db58462e81a7652c9fbd7f09826c4e10b33a741ad9ba",,"2024-06-02T16:20:00.000","30","UNKNOWN","UNKNOWN","UNKNOWN","UNKNOWN","SIDESWIPE SAME DIRECTION","NOT DIVIDED",,"STRAIGHT AND LEVEL","UNKNOWN","UNKNOWN","NOT ON SCENE (DESK REPORT)","NO INJURY / DRIVE AWAY",,,,"OVER $1,500","2024-06-03T18:40:00.000","DRIVING SKILLS/KNOWLEDGE/EXPERIENCE","UNABLE TO DETERMINE","2498","S","WALLACE ST","914",,,,,,,"2","NO INDICATION OF INJURY","0","0","0","0","0","2","0","16","1","6","41.848181402","-87.64176468","POINT (-87.64176467998 41.848181402283)"
"42b8bfa423e28e727d94115bb777ade10e6a28de817569595aac5a493e9f26ec02e862011c49239c85e37e21d265198b49af76ccc04b62cd9173292cc6fcc2fc","Y","2024-06-02T16:13:00.000","30","NO CONTROLS","NO CONTROLS","CLEAR","DAYLIGHT","REAR END","DIVIDED - W/MEDIAN (NOT RAISED)",,"STRAIGHT AND LEVEL","DRY","NO DEFECTS","NOT ON SCENE (DESK REPORT)","NO INJURY / DRIVE AWAY",,,,"OVER $1,500","2024-06-02T17:00:00.000","FOLLOWING TOO CLOSELY","NOT APPLICABLE","860","N","LAKE SHORE DR","1833",,,,,,,"2","NO INDICATION OF INJURY","0","0","0","0","0","3","0","16","1","6","41.898381124","-87.618288017","POINT (-87.618288017243 41.898381124242)"
"a0e57cd05c53f0c6ef4592a46a9e35060e52d2c1ad9c69532b92e4ced43d3862d21b171646c09ae502263bdb844ab7c38eda423996b79ebf505e48392bdf8120",,"2024-06-02T16:13:00.000","30","STOP SIGN/FLASHER","NO CONTROLS","CLEAR","DAYLIGHT","PEDALCYCLIST","FOUR WAY",,"STRAIGHT AND LEVEL","DRY","NO DEFECTS","ON SCENE","INJURY AND / OR TOW DUE TO CRASH",,,,"$500 OR LESS","2024-06-02T16:13:00.000","NOT APPLICABLE","NOT APPLICABLE","1400","S","INDIANA AVE","132",,,,,,,"3","NONINCAPACITATING INJURY","1","0","0","1","0","2","0","16","1","6","41.864026665","-87.622620427","POINT (-87.622620426994 41.864026664933)"
"6bf2e96056888dca9ca995afb024f443fcdb9cc3601afcb2c472b5d69c393cf1c1ae82218bab59802958b6a4457ed848df4cb788e4e96be2b1bec98815bcc358",,"2024-06-02T16:06:00.000","30","TRAFFIC SIGNAL","FUNCTIONING PROPERLY","CLEAR","DAYLIGHT","ANGLE","FOUR WAY",,"STRAIGHT AND LEVEL","DRY","UNKNOWN","ON SCENE","NO INJURY / DRIVE AWAY","Y",,,"OVER $1,500","2024-06-03T16:11:00.000","VISION OBSCURED (SIGNS, TREE LIMBS, BUILDINGS, ETC.)","FAILING TO YIELD RIGHT-OF-WAY","2402","W","PERSHING RD","911",,,,,,,"2","NO INDICATION OF INJURY","0","0","0","0","0","2","0","16","1","6","41.823092518","-87.685086985","POINT (-87.685086985066 41.823092517806)"
"21086c58c2740f7d7c53338a60a09b41711494feea46c31573527932efb5f35d6be9a5b5e060a1fa2aa56cae762b5cd9993737626e470e13e57e761fff0b5a2c",,"2024-06-02T16:05:00.000","30","TRAFFIC SIGNAL","FUNCTIONING PROPERLY","CLEAR","DAYLIGHT","TURNING","T-INTERSECTION",,"STRAIGHT AND LEVEL","DRY","NO DEFECTS","NOT ON SCENE (DESK REPORT)","NO INJURY / DRIVE AWAY","Y",,,"OVER $1,500","2024-06-02T17:00:00.000","IMPROPER TURNING/NO SIGNAL","IMPROPER TURNING/NO SIGNAL","98","E","WASHINGTON ST","111",,,,,,,"2","NO INDICATION OF INJURY","0","0","0","0","0","5","0","16","1","6","41.883340016","-87.624449259","POINT (-87.624449258593 41.883340015698)"
"5b59e3d53df4e30617cd32dd5ebcbca5a7b6f070ca6c7f39d26e618df00c7916e5f7185d8d1977c224e687db447925c1e409e94eaf65ea231607db6bc4fb867a",,"2024-06-02T16:00:00.000","30","NO CONTROLS","NO CONTROLS","CLEAR","DAYLIGHT","SIDESWIPE SAME DIRECTION","DIVIDED - W/MEDIAN BARRIER",,"STRAIGHT AND LEVEL","DRY","NO DEFECTS",,"NO INJURY / DRIVE AWAY",,,"N","$501 - $1,500","2024-06-02T20:00:00.000","FAILING TO YIELD RIGHT-OF-WAY","FAILING TO REDUCE SPEED TO AVOID CRASH","2301","S","DR MARTIN LUTHER KING JR DR","132",,,,,,,"2","NO INDICATION OF INJURY","0","0","0","0","0","2","0","16","1","6","41.851199837","-87.618819484","POINT (-87.618819484211 41.851199836578)"
"901c5713bf10fe78f2d7b129c5bd319ea0ab8c63643437803ac626614b8753c2b01d076c8704122486dd27f1b46c4809bddac38e490451657727fdb6e2302454",,"2024-06-02T16:00:00.000","20","NO CONTROLS","NO CONTROLS","CLEAR","DAYLIGHT","REAR TO REAR","PARKING LOT",,"STRAIGHT AND LEVEL","DRY","UNKNOWN","NOT ON SCENE (DESK REPORT)","NO INJURY / DRIVE AWAY",,"Y",,"OVER $1,500","2024-06-02T16:30:00.000","FAILING TO YIELD RIGHT-OF-WAY","FAILING TO YIELD RIGHT-OF-WAY","2344","W","CERMAK RD","1234",,,,,,,"2","NO INDICATION OF INJURY","0","0","0","0","0","6","0","16","1","6","41.85214362","-87.685045208","POINT (-87.685045207534 41.852143619677)"
"9bb7959a6a87b6d6f7144f7c7eb048cb5dfaac1a2299cd886f703a732a6f5d8d2f8341fc91ca205ba45bf1c98637758f31c2d2e59550d316b74ecc3e7d554a60",,"2024-06-02T16:00:00.000","30","NO CONTROLS","NO CONTROLS","CLEAR","DAYLIGHT","SIDESWIPE SAME DIRECTION","DIVIDED - W/MEDIAN (NOT RAISED)",,"STRAIGHT AND LEVEL","DRY","UNKNOWN","NOT ON SCENE (DESK REPORT)","NO INJURY / DRIVE AWAY",,,,"OVER $1,500","2024-06-02T16:20:00.000","UNABLE TO DETERMINE","NOT APPLICABLE","1614","N","OAK PARK AVE","2513",,,,,,,"2","NO INDICATION OF INJURY","0","0","0","0","0","2","0","16","1","6","41.90950816","-87.794952068","POINT (-87.794952068338 41.90950816019)"
"cd4bf721d13e97545c08c296dd60f5dd08f742018ea48ea3297dfc43aff642054d5f5f04bf921b81f3b7a9a8db4decf8fdb18ac166daf26e179c15e53271b6e0",,"2024-06-02T15:58:00.000","10","NO CONTROLS","NO CONTROLS","CLEAR","DAYLIGHT","PEDESTRIAN","PARKING LOT",,"STRAIGHT AND LEVEL","DRY","NO DEFECTS",,"INJURY AND / OR TOW DUE TO CRASH",,"Y","Y","OVER $1,500","2024-06-02T18:11:00.000","NOT APPLICABLE","NOT APPLICABLE","4343","S","PULASKI RD","821",,,,,,,"2","NONINCAPACITATING INJURY","1","0","0","1","0","1","0","15","1","6","41.813914311","-87.723664942","POINT (-87.723664941947 41.813914311347)"
"b48dc9e671143b5aae5bcbb620809d31f9997edebbc233bbb5abdaaf4631c87767f76e45152933103af483be380af365acea3c1e1a60d7a806e9cd66b73e9cfa",,"2024-06-02T15:55:00.000","30","NO CONTROLS","NO CONTROLS","UNKNOWN","DAYLIGHT","TURNING","DIVIDED - W/MEDIAN (NOT RAISED)",,"STRAIGHT AND LEVEL","UNKNOWN","UNKNOWN","NOT ON SCENE (DESK REPORT)","NO INJURY / DRIVE AWAY",,,,"$501 - $1,500","2024-06-02T16:50:00.000","UNABLE TO DETERMINE","NOT APPLICABLE","5312","N","BROADWAY","2013",,,,,,,"2","NO INDICATION OF INJURY","0","0","0","0","0","3","0","15","1","6","41.978572996","-87.660076744","POINT (-87.660076744474 41.978572996096)"
"e0bdd8a903537a2788070ac6ce2f6e01daaae24b81f04ff542b89ee21570f213c06c8dcb7ae3d54b017b8b4c2980030ebee10d4996d2de5d4bd4697965c6b2fe",,"2024-06-02T15:55:00.000","30","UNKNOWN","UNKNOWN","CLEAR","DAYLIGHT","SIDESWIPE SAME DIRECTION","NOT DIVIDED",,"STRAIGHT AND LEVEL","DRY","UNKNOWN","NOT ON SCENE (DESK REPORT)","NO INJURY / DRIVE AWAY",,,,"OVER $1,500","2024-06-02T16:08:00.000","UNABLE TO DETERMINE","UNABLE TO DETERMINE","3200","W","PETERSON AVE","1711",,,,,,,"2","NO INDICATION OF INJURY","0","0","0","0","0","2","0","15","1","6","41.99049313","-87.70919219","POINT (-87.70919219044 41.99049312958)"
"fc1e30d70cc4d2fa0508b8411461edb98935d9bd474343ec71073c963c4fd0b3d970c46a037bd8cacb6529538207c27eb3575ee1fb249e29a2689d899cea0f4b",,"2024-06-02T15:53:00.000","30","STOP SIGN/FLASHER","FUNCTIONING PROPERLY","CLEAR","DAYLIGHT","TURNING","FOUR WAY",,"STRAIGHT AND LEVEL","DRY","NO DEFECTS","ON SCENE","INJURY AND / OR TOW DUE TO CRASH","Y",,,"OVER $1,500","2024-06-02T15:53:00.000","FAILING TO YIELD RIGHT-OF-WAY","FAILING TO YIELD RIGHT-OF-WAY","3200","S","PULASKI RD","1031",,,,,,,"2","NONINCAPACITATING INJURY","1","0","0","1","0","2","0","15","1","6","41.834973063","-87.724454782","POINT (-87.724454781786 41.834973062794)"
"ffb9b4ae7250438158e745bcf829cc8d48c16613c9bc7944e823b7837fde7ecb6e27f9cd3a65ed99597dc74f4b98cd03f9753a4a71f46c4ee48eabc3e3dfa1e2",,"2024-06-02T15:52:00.000","35","NO CONTROLS","NO CONTROLS","CLEAR","DAYLIGHT","FIXED OBJECT","NOT DIVIDED",,"STRAIGHT AND LEVEL","DRY","NO DEFECTS","ON SCENE","INJURY AND / OR TOW DUE TO CRASH","Y",,,"$501 - $1,500","2024-06-02T15:52:00.000","UNABLE TO DETERMINE","UNABLE TO DETERMINE","7258","S","DAMEN AVE","735",,,,,,,"1","NONINCAPACITATING INJURY","2","0","0","2","0","0","0","15","1","6","41.761251863","-87.673587283","POINT (-87.673587282924 41.76125186264)"
"977ee26df990d7db1466a04f457922cc1492f32a959d314a6ad94f38a232b3dde807ae624843e045a49bb69bfe80524c66be657b2fcca1590ee8fe4ca464911b",,"2024-06-02T15:45:00.000","30","NO CONTROLS","NO CONTROLS","CLEAR","DAYLIGHT","HEAD ON","NOT DIVIDED",,"STRAIGHT AND LEVEL","DRY","NO DEFECTS","ON SCENE","INJURY AND / OR TOW DUE TO CRASH",,,"Y","OVER $1,500","2024-06-02T15:45:00.000","DRIVING ON WRONG SIDE/WRONG WAY","NOT APPLICABLE","1604","W","72ND ST","735",,"Y",,,,,"2","NO INDICATION OF INJURY","0","0","0","0","0","3","0","15","1","6","41.763195712","-87.663971352","POINT (-87.663971351616 41.763195712007)"
"8d3b20d951303bdf3119d6e3eb54e2dc3972321ad4983fd8ec543320dc4ea95f56276fce0e2307a3fcec4e6df79d26f674afa061a4e3da859ea6d5cec671d59d",,"2024-06-02T15:40:00.000","15","NO CONTROLS","NO CONTROLS","CLEAR","DAYLIGHT","PARKED MOTOR VEHICLE","PARKING LOT",,"STRAIGHT AND LEVEL","DRY","NO DEFECTS","NOT ON SCENE (DESK REPORT)","NO INJURY / DRIVE AWAY",,,"Y","OVER $1,500","2024-06-02T17:15:00.000","NOT APPLICABLE","NOT APPLICABLE","4555","S","WESTERN BLVD","924",,,,,,,"2","NO INDICATION OF INJURY","0","0","0","0","0","1","0","15","1","6","41.810451546","-87.683774401","POINT (-87.683774401323 41.810451546165)"
"579c32bc3cf265b250800d887ccae02b9b3f69193429360204683ad13b2fdc72ea9178e138df7e1eb0f91b651efeb052bad8b2894e06e4d6ec67c6c01a6969ca",,"2024-06-02T15:39:00.000","30","TRAFFIC SIGNAL","FUNCTIONING PROPERLY","CLEAR","DAYLIGHT","REAR END","NOT DIVIDED",,"STRAIGHT AND LEVEL","DRY","NO DEFECTS","NOT ON SCENE (DESK REPORT)","NO INJURY / DRIVE AWAY",,,"Y","OVER $1,500","2024-06-02T16:59:00.000","NOT APPLICABLE","NOT APPLICABLE","4631","W","47TH ST","815",,,,,,,"2","NO INDICATION OF INJURY","0","0","0","0","0","2","0","15","1","6","41.807560525","-87.739425414","POINT (-87.739425413859 41.807560524867)"
"da2f3807103b48bc1282e6c9b9d21cfb175c326a6a5af47e16343e602d06fc1f3839f62e35a0537d8a9bba7e316037f2aaa2983a2a6b598c19dce018ed37252c",,"2024-06-02T15:38:00.000","30","NO CONTROLS","NO CONTROLS","CLEAR","DAYLIGHT","TURNING","NOT DIVIDED",,"STRAIGHT AND LEVEL","DRY","NO DEFECTS","ON SCENE","INJURY AND / OR TOW DUE TO CRASH",,,,"OVER $1,500","2024-06-02T15:38:00.000","UNABLE TO DETERMINE","NOT APPLICABLE","901","W","IRVING PARK RD","1923",,,,,,,"2","REPORTED, NOT EVIDENT","1","0","0","0","1","4","0","15","1","6","41.954410899","-87.652241521","POINT (-87.652241521136 41.954410898523)"
"138f173bf103174dd119fab5080c9394e0f45efe05453868df58fd974e7fa413f75bb99a38ece8a0ab1f70613f210b2862fc96df179dc96638cb0def80fa752d",,"2024-06-02T15:37:00.000","30","UNKNOWN","FUNCTIONING PROPERLY","CLEAR","DAYLIGHT","TURNING","DIVIDED - W/MEDIAN (NOT RAISED)",,"STRAIGHT AND LEVEL","DRY","NO DEFECTS","ON SCENE","NO INJURY / DRIVE AWAY","Y",,,"OVER $1,500","2024-06-02T16:06:00.000","IMPROPER LANE USAGE","IMPROPER TURNING/NO SIGNAL","1599","N","DAMEN AVE","1424",,,,,,,"2","NO INDICATION OF INJURY","0","0","0","0","0","2","0","15","1","6","41.910474701","-87.677421003","POINT (-87.677421002647 41.910474701016)"
"6430a5ff66bde16be66394a067af4be3a86842ef9c2c573d09cd2e2f1deefc2e253ded7f0798e486753b5c35a3f31100f0ad6186f438be9a5d476e9187d4d776",,"2024-06-02T15:30:00.000","35","NO CONTROLS","NO CONTROLS","CLEAR","DAYLIGHT","TURNING","ONE-WAY",,"STRAIGHT AND LEVEL","DRY","UNKNOWN","NOT ON SCENE (DESK REPORT)","NO INJURY / DRIVE AWAY",,,,"OVER $1,500","2024-06-02T16:00:00.000","IMPROPER OVERTAKING/PASSING","DRIVING ON WRONG SIDE/WRONG WAY","4645","W","DIVERSEY AVE","2521",,,,,,,"2","NO INDICATION OF INJURY","0","0","0","0","0","5","0","15","1","6","41.931460938","-87.743717307","POINT (-87.743717307031 41.931460938215)"
"bb26370e324eb7312bdb71f977180d2da280885e9c6babcf6947e032d3ffb8f477f966044dbd1fbba3b7d7334ecf4bd7c8b8b2ffcdc96910154adad1c9dae9ec",,"2024-06-02T15:30:00.000","30","STOP SIGN/FLASHER","FUNCTIONING PROPERLY","CLEAR","DAYLIGHT","REAR END","DIVIDED - W/MEDIAN (NOT RAISED)",,"STRAIGHT AND LEVEL","DRY","UNKNOWN","NOT ON SCENE (DESK REPORT)","NO INJURY / DRIVE AWAY",,,,"$501 - $1,500","2024-06-02T16:24:00.000","UNABLE TO DETERMINE","UNABLE TO DETERMINE","5710","N","BROADWAY","2013",,,,,,,"2","NO INDICATION OF INJURY","0","0","0","0","0","2","0","15","1","6","41.985811978","-87.660281831","POINT (-87.660281831495 41.985811977564)"
"f804d0307aa8f0f7f05fe30c788a2d4731ddb0a806234d8ddbefc27f9a6aedbe36df3d7cbb79142a805eb2a8e517126de71de101192e8d15138b552efcd21fdf","Y","2024-06-02T15:30:00.000","25","NO CONTROLS","NO CONTROLS","CLEAR","DAYLIGHT","PEDALCYCLIST","NOT DIVIDED",,"STRAIGHT AND LEVEL","DRY","UNKNOWN","NOT ON SCENE (DESK REPORT)","INJURY AND / OR TOW DUE TO CRASH",,,,"OVER $1,500","2024-06-03T16:00:00.000","UNABLE TO DETERMINE","UNABLE TO DETERMINE","1141","N","DAMEN AVE","1212",,,,,,,"2","INCAPACITATING INJURY","1","0","1","0","0","2","0","15","1","6","41.902612982","-87.677093726","POINT (-87.677093725741 41.90261298177)"
"79a44be6da3ba4a063566df25ffd0f4ebf6927efaa26f33dd640b5df75295c9225ca03c0f51b40ad71ddf65b483127b88e978225adcdb3510b2f5cd7c764f721",,"2024-06-02T15:27:00.000","30","TRAFFIC SIGNAL","FUNCTIONING PROPERLY","CLEAR","DAYLIGHT","ANGLE","FOUR WAY",,"STRAIGHT AND LEVEL","DRY","NO DEFECTS","ON SCENE","INJURY AND / OR TOW DUE TO CRASH","Y",,"Y","OVER $1,500","2024-06-02T15:27:00.000","DISREGARDING TRAFFIC SIGNALS","DISREGARDING OTHER TRAFFIC SIGNS","3600","W","31ST ST","1032",,,,,,,"2","NONINCAPACITATING INJURY","4","0","0","4","0","3","0","15","1","6","41.837164802","-87.714657877","POINT (-87.714657876743 41.837164801519)"
"09496ddbcbc0ad8fafdc63ed7043a2508e146640ac12504e7aca59a47c526b228b8baeef7fb9b172995a7bf609f2eaa0c970ff51735affb8edde5cd646903125",,"2024-06-02T15:24:00.000","30","TRAFFIC SIGNAL","FUNCTIONING PROPERLY","CLEAR","DAYLIGHT","TURNING","FOUR WAY",,"STRAIGHT AND LEVEL","DRY","UNKNOWN","ON SCENE","INJURY AND / OR TOW DUE TO CRASH","Y",,"Y","OVER $1,500","2024-06-02T15:24:00.000","OPERATING VEHICLE IN ERRATIC, RECKLESS, CARELESS, NEGLIGENT OR AGGRESSIVE MANNER","NOT APPLICABLE","5199","S","CICERO AVE","815",,,,,,,"2","NONINCAPACITATING INJURY","2","0","0","2","0","1","0","15","1","6","41.798747281","-87.742785687","POINT (-87.742785686821 41.798747281016)"