"crash_record_id","crash_date_est_i","crash_date","posted_speed_limit","traffic_control_device","device_condition","weather_condition","lighting_condition","first_crash_type","trafficway_type","lane_cnt","alignment","roadway_surface_cond","road_defect","report_type","crash_type","intersection_related_i","private_property_i","hit_and_run_i","damage","date_police_notified","prim_contributory_cause","sec_contributory_cause","street_no","street_direction","street_name","beat_of_occurrence","photos_taken_i","statements_taken_i","dooring_i","work_zone_i","work_zone_type","workers_present_i","num_units","most_severe_injury","injuries_total","injuries_fatal","injuries_incapacitating","injuries_non_incapacitating","injuries_reported_not_evident","injuries_no_indication","injuries_unknown","crash_hour","crash_day_of_week","crash_month","latitude","longitude","location"
"e967f5d2305e05a34452fec6983d1c760f4821b8705db44765af78f77407aa19c1b03d936e5e4342b6cf9da7dbaa2360ef6e0a60e044b05ac15bcc78ddbb2dda",,"2024-06-02T15:17:00.000","30","TRAFFIC SIGNAL","UNKNOWN","CLEAR","DAYLIGHT","TURNING","UNKNOWN INTERSECTION TYPE",,"STRAIGHT AND LEVEL","DRY","UNKNOWN","ON SCENE","INJURY AND / OR TOW DUE TO CRASH","Y",,,"OVER $1,500","2024-06-02T15:18:00.000","IMPROPER TURNING/NO SIGNAL","NOT APPLICABLE","500","N","MILWAUKEE AVE","1214",,,,,,,"2","REPORTED, NOT EVIDENT","1","0","0","0","1","1","0","15","1","6","41.891146272","-87.647774608","POINT (-87.647774608116 41.891146271697)"
"7a7f0e4766a999bee76c63c850fe6788b6d6cd1bbdcffe6239eafbe962da26b2df97bd8ca766529addd4f52def960fb284b7ba7145eb037bc59de1c90bcbcda6",,"2024-06-02T15:15:00.000","30","NO CONTROLS","NO CONTROLS","CLEAR","DAYLIGHT","ANGLE","NOT DIVIDED",,"STRAIGHT AND LEVEL","UNKNOWN","UNKNOWN","NOT ON SCENE (DESK REPORT)","NO INJURY / DRIVE AWAY",,,,"$501 - $1,500","2024-06-02T17:35:00.000","DRIVING SKILLS/KNOWLEDGE/EXPERIENCE","NOT APPLICABLE","2820","N","CICERO AVE","2521",,,,,,,"2","NO INDICATION OF INJURY","0","0","0","0","0","2","0","15","1","6","41.932162108","-87.746763417","POINT (-87.746763417264 41.93216210811)"
"99790eaf4ac85ad8050a34a2a713f3e1423fe050fdf35d5895d255e18b802050f36340d362aa3ba6ffd6e782ea90e3dcf9e31e529a05c686fa729894e3cd2bf7",,"2024-06-02T15:15:00.000","30","NO CONTROLS","NO CONTROLS","CLEAR","DAYLIGHT","PARKED MOTOR VEHICLE","NOT DIVIDED",,"STRAIGHT AND LEVEL","DRY","NO DEFECTS","NOT ON SCENE (DESK REPORT)","NO INJURY / DRIVE AWAY",,,,"$501 - $1,500","2024-06-02T16:04:00.000","FOLLOWING TOO CLOSELY","NOT APPLICABLE","10647","S","LAWNDALE AVE","2211",,,,,,,"2","NO INDICATION OF INJURY","0","0","0","0","0","1","0","15","1","6","41.69910574","-87.713163894","POINT (-87.713163893855 41.699105739697)"
"86ca9c30dee354874cce15192959ecebbae923f0085f08b497cda740fe40f4151391ef8c4575c6af14e8e63d004f7f0bd206c26e9c3a6f8e8153383412d5b483",,"2024-06-02T15:09:00.000","15","UNKNOWN","UNKNOWN","CLEAR","DAYLIGHT","SIDESWIPE SAME DIRECTION","FOUR WAY",,"STRAIGHT AND LEVEL","DRY","UNKNOWN","NOT ON SCENE (DESK REPORT)","NO INJURY / DRIVE AWAY",,,"Y","$500 OR LESS","2024-06-02T16:40:00.000","UNABLE TO DETERMINE","NOT APPLICABLE","8699","S","DAMEN AVE","614",,,,,,,"2","NO INDICATION OF INJURY","0","0","0","0","0","2","0","15","1","6","41.735747882","-87.67264087","POINT (-87.672640870152 41.735747882348)"
"d98bdc4ec0d5dd4d50f77bd96cb0b5265f2d47735c7ef907acce057ad414f36c81f9df219bbd579893d60d4f966187e8b593e0c1ff48afffd6676f5d572893b2",,"2024-06-02T15:05:00.000","25","NO CONTROLS","NO CONTROLS","CLEAR","DAYLIGHT","ANGLE","DIVIDED - W/MEDIAN (NOT RAISED)",,"STRAIGHT AND LEVEL","DRY","UNKNOWN","ON SCENE","NO INJURY / DRIVE AWAY",,,,"$500 OR LESS","2024-06-02T15:08:00.000","IMPROPER BACKING","IMPROPER BACKING","2151","S","PRINCETON AVE","914",,,,,,,"2","NO INDICATION OF INJURY","0","0","0","0","0","3","0","15","1","6","41.8531485","-87.63490808","POINT (-87.634908079975 41.853148500142)"
"2bd519711b2d08cb3756cc7081e800a974c6cceecf506301651ff544b0143ae982c614bb9ed296de557829e0e04cc14820054fe11a9379ffd823c9788d50d89e",,"2024-06-02T15:00:00.000","35","NO CONTROLS","NO CONTROLS","CLEAR","DAYLIGHT","SIDESWIPE OPPOSITE DIRECTION","NOT DIVIDED",,"STRAIGHT AND LEVEL","DRY","NO DEFECTS","NOT ON SCENE (DESK REPORT)","NO INJURY / DRIVE AWAY",,,"Y","$501 - $1,500","2024-06-02T15:48:00.000","IMPROPER LANE USAGE","IMPROPER LANE USAGE","60","E","BALBO AVE","123",,,,,,,"2","NO INDICATION OF INJURY","0","0","0","0","0","2","0","15","1","6","41.873242481","-87.625696001","POINT (-87.625696001047 41.873242481485)"
"453682d32c576203b8c38a512206966cb0fe0a2e5a1597dff2ac7ad194b95eec4ce3fea717d754dc49fd3fad14efd904bd803111d4379a9601adb440455cdc92",,"2024-06-02T15:00:00.000","30","TRAFFIC SIGNAL","FUNCTIONING PROPERLY","CLEAR","DAYLIGHT","REAR END","NOT DIVIDED",,"STRAIGHT AND LEVEL","DRY","NO DEFECTS","NOT ON SCENE (DESK REPORT)","NO INJURY / DRIVE AWAY",,,,"OVER $1,500","2024-06-02T16:20:00.000","FOLLOWING TOO CLOSELY","NOT APPLICABLE","2757","N","KIMBALL AVE","1412",,,,,,,"2","NO INDICATION OF INJURY","0","0","0","0","0","2","0","15","1","6","41.931851122","-87.712151437","POINT (-87.712151436989 41.931851122485)"
"5692856bd7c4b0482c93ff020b7057b821647647afb3ea63ad9e9a7bef7fc45db1cd1f94991cb38b703d1596bd43ab3d3f164653d1db16b06ebee375b7570b0d",,"2024-06-02T15:00:00.000","30","NO CONTROLS","NO CONTROLS","CLEAR","DAYLIGHT","REAR END","NOT DIVIDED",,"STRAIGHT AND LEVEL","DRY","NO DEFECTS","NOT ON SCENE (DESK REPORT)","NO INJURY / DRIVE AWAY",,,"Y","$501 - $1,500","2024-06-02T16:42:00.000","NOT APPLICABLE","NOT APPLICABLE","7500","S","PULASKI RD","833",,,,,,,"3","NO INDICATION OF INJURY","0","0","0","0","0","6","0","15","1","6","41.756876395","-87.722321738","POINT (-87.722321738255 41.756876394825)"
"7b70e23f2bd60eb156a0860c46e270bd0ff40caacdaa31530f686561732b4847a43a527a9eaba0d2b3984bf1a4c554c9306b460bfd524c7df209499c61fad1a8",,"2024-06-02T15:00:00.000","30","NO CONTROLS","NO CONTROLS","UNKNOWN","DAYLIGHT","TURNING","DIVIDED - W/MEDIAN (NOT RAISED)",,"STRAIGHT AND LEVEL","UNKNOWN","NO DEFECTS","NOT ON SCENE (DESK REPORT)","NO INJURY / DRIVE AWAY",,,,"$501 - $1,500","2024-06-03T15:35:00.000","UNABLE TO DETERMINE","UNABLE TO DETERMINE","3934","W","DIVERSEY AVE","2523",,,,,,,"2","NO INDICATION OF INJURY","0","0","0","0","0","2","0","15","1","6","41.931913273","-87.725980567","POINT (-87.725980567289 41.931913273072)"
"ae366e8fd8ee23a369eed75445111fd2eb93f1f58be0aad8535c7bf5a4fb48b88af1f09bc825ccbb2fd1d80957165fdab77686f4e0d62b759a35d145cf67f456",,"2024-06-02T15:00:00.000","30","STOP SIGN/FLASHER","FUNCTIONING PROPERLY","CLEAR","DAYLIGHT","TURNING","OTHER",,"STRAIGHT AND LEVEL","DRY","NO DEFECTS","NOT ON SCENE (DESK REPORT)","NO INJURY / DRIVE AWAY",,,"Y","$500 OR LESS","2024-06-03T18:45:00.000","FAILING TO YIELD RIGHT-OF-WAY","UNABLE TO DETERMINE","10900","S","DOTY AVE W","513",,,,,,,"2","NO INDICATION OF INJURY","0","0","0","0","0","2","0","15","1","6","41.696313684","-87.596632244","POINT (-87.596632243933 41.696313683973)"
"cb69ad64cbb82473baa7256b646d32ad6c8a5664dde53319e71804625d10fae7d122ec3efceb1e24c01f74d519e96ec6ba0d4a578c4640b4f80dbdcced354b8f","Y","2024-06-02T15:00:00.000","35","NO CONTROLS","NO CONTROLS","CLEAR","DARKNESS, LIGHTED ROAD","PARKED MOTOR VEHICLE","DIVIDED - W/MEDIAN BARRIER",,"STRAIGHT AND LEVEL","DRY","NO DEFECTS","NOT ON SCENE (DESK REPORT)","NO INJURY / DRIVE AWAY",,,"Y","OVER $1,500","2024-06-03T16:14:00.000","UNABLE TO DETERMINE","NOT APPLICABLE","1619","S","STATE ST","131",,,,,,,"2","NO INDICATION OF INJURY","0","0","0","0","0","1","0","15","1","6","41.859645215","-87.627103945","POINT (-87.627103945146 41.859645215431)"
"039d9973bd2a2105448130763ceecf53d5f40f3c86f255d0eeaa6d087ea741303677e284884e60028a18648f28daef0270b2d7a8abe62554abf44b7f38eceabc",,"2024-06-02T14:52:00.000","10","NO CONTROLS","NO CONTROLS","CLEAR","DAYLIGHT","REAR TO REAR","PARKING LOT",,"STRAIGHT AND LEVEL","DRY","NO DEFECTS","NOT ON SCENE (DESK REPORT)","NO INJURY / DRIVE AWAY",,"Y",,"OVER $1,500","2024-06-02T18:39:00.000","FAILING TO YIELD RIGHT-OF-WAY","DRIVING SKILLS/KNOWLEDGE/EXPERIENCE","525","S","RACINE AVE","1232",,,,,,,"2","NO INDICATION OF INJURY","0","0","0","0","0","6","0","14","1","6","41.874583513","-87.656685988","POINT (-87.656685987705 41.874583513071)"
"8c0e981863a08f69ea39b66b8f57c64e07a7d227f8569f29e1848b7195c80e8c90c609d1d85fcafb3f20211f0a6cf25936dd5d279a5da68666083ef5adca2b14",,"2024-06-02T14:52:00.000","30","NO CONTROLS","NO CONTROLS","CLEAR","DAYLIGHT","SIDESWIPE SAME DIRECTION","NOT DIVIDED",,"STRAIGHT AND LEVEL","DRY","NO DEFECTS","NOT ON SCENE (DESK REPORT)","NO INJURY / DRIVE AWAY",,,"Y","$501 - $1,500","2024-06-03T09:15:00.000","IMPROPER OVERTAKING/PASSING","UNABLE TO DETERMINE","1563","N","WELLS ST","1821",,,,,,,"2","NO INDICATION OF INJURY","0","0","0","0","0","2","0","14","1","6","41.910954473","-87.634557482","POINT (-87.634557482237 41.910954472765)"
"716ca250e22f59a152b35bd48193e2238a7228fb2f49b336ba9109104c76cbb1f86f5746331fda2c3b35318a8f06d07efc9d1045064610890e21eba40426424e",,"2024-06-02T14:50:00.000","30","TRAFFIC SIGNAL","FUNCTIONING PROPERLY","CLEAR","DAYLIGHT","REAR END","DIVIDED - W/MEDIAN (NOT RAISED)",,"STRAIGHT AND LEVEL","DRY","NO DEFECTS","NOT ON SCENE (DESK REPORT)","NO INJURY / DRIVE AWAY","Y",,,"OVER $1,500","2024-06-02T15:40:00.000","UNABLE TO DETERMINE","NOT APPLICABLE","3951","N","CICERO AVE","1731",,,,,,,"3","NO INDICATION OF INJURY","0","0","0","0","0","3","0","14","1","6","41.953127531","-87.747160155","POINT (-87.747160155152 41.953127531384)"
"c48f5f68ffcb96bc6d558d695b72d01c559ccb9ad0e043e393740d691c58933292aee41af34d57c24504377c188a706dd5a1f25a41f4f1ff05371f0470010cb8",,"2024-06-02T14:50:00.000","30","NO CONTROLS","NO CONTROLS","CLEAR","DAYLIGHT","SIDESWIPE SAME DIRECTION","NOT DIVIDED",,"STRAIGHT AND LEVEL","DRY","NO DEFECTS","NOT ON SCENE (DESK REPORT)","NO INJURY / DRIVE AWAY",,,,"OVER $1,500","2024-06-02T15:00:00.000","UNABLE TO DETERMINE","UNABLE TO DETERMINE","1715","W","43RD ST","924",,,,,,,"2","NO INDICATION OF INJURY","0","0","0","0","0","2","0","14","1","6","41.815733368","-87.668288595","POINT (-87.668288594723 41.81573336835)"
"b6e3e2cee253365de9f44bc32f1023d2facdb13c8db4490515e09e0a9afa398926398872cec25f2e3050392d39762aa47a0314b571be97cb8ff13551fdecd98d",,"2024-06-02T14:40:00.000","30","STOP SIGN/FLASHER","FUNCTIONING PROPERLY","CLEAR","DAYLIGHT","SIDESWIPE SAME DIRECTION","NOT DIVIDED",,"STRAIGHT AND LEVEL","DRY","NO DEFECTS","ON SCENE","NO INJURY / DRIVE AWAY",,,,"$501 - $1,500","2024-06-02T14:45:00.000","IMPROPER LANE USAGE","FAILING TO YIELD RIGHT-OF-WAY","7431","W","ADDISON ST","1631",,,,,,,"2","NO INDICATION OF INJURY","0","0","0","0","0","2","0","14","1","6","41.945036676","-87.813047181","POINT (-87.813047180703 41.94503667622)"
"9d2360e1ccaf101cadd896e7eda0743f1826977cccfd5e3145a8e558645acb870ba8c004b285021f9be59c8fcc4f117b6ee1151ad7f277a7ee6a8848a176fc1f",,"2024-06-02T14:38:00.000","30","NO CONTROLS","NO CONTROLS","CLOUDY/OVERCAST","DAYLIGHT","PEDALCYCLIST","DIVIDED - W/MEDIAN (NOT RAISED)",,"STRAIGHT AND LEVEL","DRY","RUT, HOLES","ON SCENE","INJURY AND / OR TOW DUE TO CRASH",,,,"$500 OR LESS","2024-06-02T14:38:00.000","FAILING TO YIELD RIGHT-OF-WAY","NOT APPLICABLE","2633","N","HALSTED ST","1935",,,,,,,"2","NONINCAPACITATING INJURY","1","0","0","1","0","1","0","14","1","6","41.930054671","-87.648774929","POINT (-87.648774929051 41.930054671084)"
"1e406c083b27f5971a195e197a7d6948448c22e3fb63ef738f396e595f997fae443349da7594610aa47843472ee4f2d66c4e0f55264166247ca626b63bd5703e",,"2024-06-02T14:35:00.000","30","NO CONTROLS","NO CONTROLS","CLEAR","DAYLIGHT","REAR END","DIVIDED - W/MEDIAN (NOT RAISED)",,"STRAIGHT AND LEVEL","DRY","NO DEFECTS","NOT ON SCENE (DESK REPORT)","NO INJURY / DRIVE AWAY",,,,"$501 - $1,500","2024-06-02T15:00:00.000","FAILING TO REDUCE SPEED TO AVOID CRASH","UNABLE TO DETERMINE","3260","W","BELMONT AVE","1733",,,,,,,"2","NO INDICATION OF INJURY","0","0","0","0","0","2","0","14","1","6","41.939417382","-87.709925116","POINT (-87.709925116462 41.939417381759)"
"22190fbc4f9dbeb0bf5c8e92210db1c1b2bac900b74f221d2eb5ff3633bd14c3202c328b95d77f24e361feae6f75a1f3a626d7adea2da026d596091bad5cb459",,"2024-06-02T14:30:00.000","30","TRAFFIC SIGNAL","FUNCTIONING PROPERLY","CLEAR","DAYLIGHT","PARKED MOTOR VEHICLE","FOUR WAY",,"STRAIGHT AND LEVEL","DRY","UNKNOWN","NOT ON SCENE (DESK REPORT)","NO INJURY / DRIVE AWAY",,,"Y","OVER $1,500","2024-06-02T19:30:00.000","UNABLE TO DETERMINE","NOT APPLICABLE","3457","S","DR MARTIN LUTHER KING JR DR","211",,,,,,,"2","NO INDICATION OF INJURY","0","0","0","0","0","1","0","14","1","6","41.831639904","-87.616827357","POINT (-87.616827356867 41.831639903733)"
"4c19d1b4a2a659cbec7a4d068addc316ed9df293aa80df4db8f94a71a2da825b704ddf75b717d56c39994faaa28dec50dc7b9755f2813fa988167f2d8ec1ede3",,"2024-06-02T14:30:00.000","30","TRAFFIC SIGNAL","FUNCTIONING PROPERLY","CLEAR","DAYLIGHT","REAR END","FOUR WAY",,"STRAIGHT AND LEVEL","DRY","WORN SURFACE","ON SCENE","NO INJURY / DRIVE AWAY","Y",,"Y","$501 - $1,500","2024-06-02T14:40:00.000","IMPROPER BACKING","DRIVING SKILLS/KNOWLEDGE/EXPERIENCE","2411","W","47TH ST","922",,,,,,,"2","NO INDICATION OF INJURY","0","0","0","0","0","3","0","14","1","6","41.808320289","-87.684940027","POINT (-87.684940027388 41.808320289025)"
"93e3a614e9df531ae9f58afc2203c1cc7d29ff3d94536432b55e5d73be395e7e45fb802a08fabd9ec6e97dcf8dfe9f3252c0628f62dafbeac07917a81c7e6bb6",,"2024-06-02T14:30:00.000","25","NO CONTROLS","NO CONTROLS","CLEAR","DAYLIGHT","TURNING","NOT DIVIDED",,"STRAIGHT AND LEVEL","DRY","UNKNOWN","NOT ON SCENE (DESK REPORT)","NO INJURY / DRIVE AWAY","Y",,"Y","OVER $1,500","2024-06-02T17:05:00.000","UNABLE TO DETERMINE","UNABLE TO DETERMINE","8","S","WOODWARD DR","1122",,,,,,,"2","NO INDICATION OF INJURY","0","0","0","0","0","2","0","14","1","6","41.88054168","-87.717238272","POINT (-87.71723827234 41.880541679745)"
"bab06e2bf859c062989bb4f6d7f9f56a665e593d71b817dfd6c76c2756dd71cacda675ee671ea49917c06aa9fc5b9e61a53a1bb1545222279afa01c1c9636c3f",,"2024-06-02T14:30:00.000","30","UNKNOWN","OTHER","UNKNOWN","UNKNOWN","PARKED MOTOR VEHICLE","PARKING LOT",,"STRAIGHT AND LEVEL","UNKNOWN","UNKNOWN","NOT ON SCENE (DESK REPORT)","NO INJURY / DRIVE AWAY",,"Y","Y","OVER $1,500","2024-06-02T17:00:00.000","UNABLE TO DETERMINE","UNABLE TO DETERMINE","401","N","STATE ST","1834",,,,,,,"2","NO INDICATION OF INJURY","0","0","0","0","0","1","0","14","1","6","41.889265416","-87.627867658","POINT (-87.627867657864 41.889265415961)"
"a88ffbdf7bb1ec7fcb69d02d4df78c9143055e6f0af2b8ab55c580e2d5958070056175bec79672561315527299fccb0b1b87da86960b74648d3175cd2c453885",,"2024-06-02T14:25:00.000","35","UNKNOWN","UNKNOWN","CLEAR","UNKNOWN","ANGLE","NOT DIVIDED",,"STRAIGHT AND LEVEL","DRY","NO DEFECTS","ON SCENE","NO INJURY / DRIVE AWAY",,,,"OVER $1,500","2024-06-02T15:02:00.000","NOT APPLICABLE","NOT APPLICABLE","3299","S","INDIANA AVE","211",,,,,,,"2","NO INDICATION OF INJURY","0","0","0","0","0","4","0","14","1","6","41.834809724","-87.621695125","POINT (-87.621695125272 41.834809723522)"
"f4f6dade812b19effc1a6a2061e19b8cfc85d9f9e316099155d122e9f6f6780d0db7bf9df326f52c72ed9d5edd574c5e02eb1e431486f70471e1537e490f9496",,"2024-06-02T14:20:00.000","30","TRAFFIC SIGNAL","FUNCTIONING PROPERLY","CLEAR","DAYLIGHT","ANGLE","NOT DIVIDED",,"STRAIGHT AND LEVEL","DRY","NO DEFECTS","ON SCENE","INJURY AND / OR TOW DUE TO CRASH","Y",,,"OVER $1,500","2024-06-02T14:25:00.000","DISREGARDING TRAFFIC SIGNALS","NOT APPLICABLE","1936","W","OGDEN AVE","1225",,,,,,,"2","REPORTED, NOT EVIDENT","3","0","0","0","3","0","0","14","1","6","41.874130232","-87.674979753","POINT (-87.674979752779 41.874130232075)"
"7806a0a2a5de4abf129431d14073f0a0034952a6877c35728e38fb323e91fff9ca609eccba0445a554464ea7339779c630c30acd5060d6c2bba837bd42d97e9c",,"2024-06-02T14:19:00.000","35","STOP SIGN/FLASHER","FUNCTIONING PROPERLY","CLEAR","DAYLIGHT","SIDESWIPE SAME DIRECTION","ONE-WAY",,"STRAIGHT AND LEVEL","UNKNOWN","UNKNOWN","NOT ON SCENE (DESK REPORT)","NO INJURY / DRIVE AWAY",,,,"OVER $1,500","2024-06-02T15:07:00.000","FAILING TO YIELD RIGHT-OF-WAY","NOT APPLICABLE","4900","S","DREXEL BLVD","223",,,,,,,"2","NO INDICATION OF INJURY","0","0","0","0","0","2","0","14","1","6","41.805826564","-87.604440342","POINT (-87.604440341609 41.805826563974)"
"120c1966b88573d6e1da0b7113074e3475524b5342fff31164866d781d5342432bdc9742414336b0254122a99cc3fb49ca89eca561a626f202e1743ede1b92d2",,"2024-06-02T14:14:00.000","30","NO CONTROLS","NO CONTROLS","CLEAR","DAYLIGHT","PARKED MOTOR VEHICLE","PARKING LOT",,"STRAIGHT AND LEVEL","DRY","NO DEFECTS","NOT ON SCENE (DESK REPORT)","NO INJURY / DRIVE AWAY",,,,"$500 OR LESS","2024-06-02T15:10:00.000","IMPROPER OVERTAKING/PASSING","NOT APPLICABLE","2333","W","MADISON ST","1223",,,,,,,"2","NO INDICATION OF INJURY","0","0","0","0","0","1","0","14","1","6","41.881069374","-87.685307553","POINT (-87.68530755272 41.881069374222)"
"8baa5ad53c39d45ebc07929bc245ded7908fb6f3632fcd3ee26dff3154264f346bcff07eddfbe12902ee47d60ae2f8d8f21f4bdd4654bf35c67150c3105ad1f6",,"2024-06-02T14:10:00.000","30","NO CONTROLS","UNKNOWN","CLEAR","DAYLIGHT","PARKED MOTOR VEHICLE","DIVIDED - W/MEDIAN (NOT RAISED)",,"STRAIGHT AND LEVEL","DRY","NO DEFECTS","NOT ON SCENE (DESK REPORT)","NO INJURY / DRIVE AWAY",,,,"OVER $1,500","2024-06-02T16:57:00.000","UNABLE TO DETERMINE","NOT APPLICABLE","5348","N","CLARK ST","2012",,,,,,,"2","NO INDICATION OF INJURY","0","0","0","0","0","1","0","14","1","6","41.979487278","-87.668433511","POINT (-87.668433511431 41.97948727813)"
"978e2073ab0354e82f1a1118ba4a49290c93a928d76a25d92a803e0d7c94967e57971314c5f8ef7e7c8ff04b94c042476451e24db68ce0685c783ea7a795d18d",,"2024-06-02T14:05:00.000","30","NO CONTROLS","NO CONTROLS","CLEAR","DAYLIGHT","PEDESTRIAN","DIVIDED - W/MEDIAN (NOT RAISED)",,"STRAIGHT AND LEVEL","DRY","NO DEFECTS","NOT ON SCENE (DESK REPORT)","INJURY AND / OR TOW DUE TO CRASH",,,"Y","OVER $1,500","2024-06-03T16:25:00.000","IMPROPER LANE USAGE","UNABLE TO DETERMINE","3413","W","BELMONT AVE","1412",,,,,,,"2","NONINCAPACITATING INJURY","1","0","0","1","0","1","0","14","1","6","41.939156949","-87.713055297","POINT (-87.713055296598 41.939156948896)"
"ea109bdaebab8ae2cd6b781d88e0b7ae815c19df0fbdfc00aaf62568ab1df0a05c15437358989dde0382c2102e334294eec428493f4a3b41a03d0d2c4657e0d2",,"2024-06-02T14:05:00.000","40","NO CONTROLS","NO CONTROLS","CLEAR","DAYLIGHT","SIDESWIPE SAME DIRECTION","DIVIDED - W/MEDIAN BARRIER",,"STRAIGHT AND LEVEL","UNKNOWN","UNKNOWN",,"NO INJURY / DRIVE AWAY",,,"Y","OVER $1,500","2024-06-02T15:17:00.000","IMPROPER LANE USAGE","NOT APPLICABLE","649","S","LAKE SHORE DR NB","114",,,,,,,"2","NO INDICATION OF INJURY","0","0","0","0","0","6","0","14","1","6","41.873523176","-87.616939489","POINT (-87.616939489115 41.873523175813)"
"6b77c3b68a15f2240304b974fe0da4ac079e6ff124248168b9203f76030c080d9aa142e8c967214d1f8999e1d5a8375db3c81717e5e18bf49942d48cb69a45d5",,"2024-06-02T14:02:00.000","35","STOP SIGN/FLASHER","FUNCTIONING PROPERLY","CLEAR","DAYLIGHT","ANGLE","FOUR WAY",,"STRAIGHT AND LEVEL","DRY","NO DEFECTS","ON SCENE","INJURY AND / OR TOW DUE TO CRASH","Y",,,"OVER $1,500","2024-06-02T14:04:00.000","FAILING TO YIELD RIGHT-OF-WAY","DRIVING SKILLS/KNOWLEDGE/EXPERIENCE","1031","W","BELMONT AVE","1933",,,,,,,"2","NO INDICATION OF INJURY","0","0","0","0","0","2","0","14","1","6","41.939783218","-87.65525818","POINT (-87.655258180121 41.939783217512)"
"662622a0e8b1b0114ab685b7180e108b8488fdf841a011a9e723f32489992c6c84046b735eae7162b65f5a808beb222d3c84fde62d0b07e9610699fcde6cdb63",,"2024-06-02T14:00:00.000","30","NO CONTROLS","NO CONTROLS","CLEAR","DAYLIGHT","SIDESWIPE SAME DIRECTION","NOT DIVIDED",,"STRAIGHT AND LEVEL","DRY","NO DEFECTS","ON SCENE","INJURY AND / OR TOW DUE TO CRASH",,,,"OVER $1,500","2024-06-02T14:47:00.000","IMPROPER OVERTAKING/PASSING","NOT APPLICABLE","5320","S","PULASKI RD","815",,,,,,,"2","NONINCAPACITATING INJURY","2","0","0","2","0","3","0","14","1","6","41.796197591","-87.723391883","POINT (-87.723391883445 41.796197591416)"
"91ed71852f9d918507eac47525944b01df430a672efed8e967b87168e5ef14c6160c52576abb38c9904b77b5b288471e7d6e959ef85c2c0c4f3da252190ac30a",,"2024-06-02T14:00:00.000","45","NO CONTROLS","NO CONTROLS","UNKNOWN","UNKNOWN","REAR END","RAMP",,"STRAIGHT AND LEVEL","UNKNOWN","NO DEFECTS","NOT ON SCENE (DESK REPORT)","NO INJURY / DRIVE AWAY",,,,"OVER $1,500","2024-06-03T09:30:00.000","FOLLOWING TOO CLOSELY","DRIVING SKILLS/KNOWLEDGE/EXPERIENCE","2200","S","LAKE SHORE DR NB","132",,,,,,,"2","NO INDICATION OF INJURY","0","0","0","0","0","2","0","14","1","6","41.85284564","-87.614706322","POINT (-87.614706321914 41.852845639769)"
"e03634ee887194f57c2769faea97b9f99e5ccf597dab8819080b80d967151c9974221d2aab8baaa037532ba19d5f38c85f313665c4175238464a60e6beff21df",,"2024-06-02T14:00:00.000","30","NO CONTROLS","NO CONTROLS","CLEAR","DAYLIGHT","REAR END","NOT DIVIDED",,"STRAIGHT AND LEVEL","DRY","NO DEFECTS","NOT ON SCENE (DESK REPORT)","NO INJURY / DRIVE AWAY",,,,"OVER $1,500","2024-06-02T16:00:00.000","FAILING TO REDUCE SPEED TO AVOID CRASH","NOT APPLICABLE","1937","N","HALSTED ST","1813",,,,,,,"2","NO INDICATION OF INJURY","0","0","0","0","0","2","0","14","1","6","41.917075959","-87.648309081","POINT (-87.648309081377 41.917075959127)"
"e3450fbdc592a61eee64933e98e1db0527dcdad98959b48cc08e29892e3bc42bb178b183028d33495f067ac9a92e2a5a6a148007295686da03da39a288e0b0ea",,"2024-06-02T14:00:00.000","30","NO CONTROLS","NO CONTROLS","CLEAR","DAYLIGHT","PARKED MOTOR VEHICLE","DIVIDED - W/MEDIAN (NOT RAISED)",,"STRAIGHT AND LEVEL","DRY","NO DEFECTS","NOT ON SCENE (DESK REPORT)","NO INJURY / DRIVE AWAY",,,,"$500 OR LESS","2024-06-02T14:30:00.000","UNABLE TO DETERMINE","UNABLE TO DETERMINE","8237","S","YATES BLVD","423",,,,,,,"2","NO INDICATION OF INJURY","0","0","0","0","0","1","0","14","1","6","41.745172962","-87.565988867","POINT (-87.565988867056 41.745172962154)"
"0ee6bd4dc04b617c8cc1a137e256dda5739b04da0ae23a06161bfb1b5f6118ce1936dcd5ab664fe8ec63a35c6c33f24fc077c21ad71a79b7386e0b4ec21d09c3",,"2024-06-02T13:50:00.000","30","NO CONTROLS","NO CONTROLS","CLEAR","DAYLIGHT","PARKED MOTOR VEHICLE","ONE-WAY",,"STRAIGHT AND LEVEL","DRY","NO DEFECTS","ON SCENE","NO INJURY / DRIVE AWAY",,,"Y","OVER $1,500","2024-06-02T14:05:00.000","UNABLE TO DETERMINE","NOT APPLICABLE","29","S","PARKSIDE AVE","1513",,,,,,,"2","NO INDICATION OF INJURY","0","0","0","0","0","2","0","13","1","6","41.879297052","-87.766308531","POINT (-87.766308531005 41.879297052336)"
"71b01dc6b2371ba151628e713161693c16ab78521608fe18f6a0c2f997dd19874b8bfc33eef5a80ac9dca0aa80e729a86fd919f42add96a830e6f5ac5e18eba2",,"2024-06-02T13:50:00.000","30","UNKNOWN","UNKNOWN","UNKNOWN","DAYLIGHT","REAR END","NOT DIVIDED",,"STRAIGHT AND LEVEL","UNKNOWN","UNKNOWN","NOT ON SCENE (DESK REPORT)","NO INJURY / DRIVE AWAY",,,,"$501 - $1,500","2024-06-02T14:30:00.000","NOT APPLICABLE","NOT APPLICABLE","1615","S","CLARK ST","131",,,,,,,"2","NO INDICATION OF INJURY","0","0","0","0","0","3","0","13","1","6","41.859629677","-87.630124899","POINT (-87.630124899277 41.859629677313)"